distance_miles,route_segments,interchanges,commodity_code,customer_class_code,priority_code,departure_hour,day_of_week,month,season_code,train_priority,railcars,tonnage,origin_delay_rate,destination_delay_rate,historical_transit_hours,route_on_time_rate,delay_hours,delayed
262,2,1,0,0,2,5,5,11,4,2,125,7226.734137255935,0.12536466310966152,0.12759744625187885,9.224540237978273,0.7861670507873069,0.5093293405916255,1
892,7,0,2,2,2,8,3,9,4,3,55,11314.463008187347,0.07270095671713622,0.04912063184191143,26.736930481793408,0.9251802851484285,0.7808173980019232,1
782,7,1,2,0,1,20,4,3,2,2,73,8117.893215557279,0.05405282751725011,0.12209779103545687,23.86776595605085,0.8207322216512819,1.2483566053650899,1
583,6,1,3,2,0,2,6,12,1,3,56,11876.844576550035,0.1572839109478532,0.18407168560810971,18.41908182772549,0.7463899815498167,1.4564035322795825,1
578,6,0,2,2,0,2,0,12,1,1,88,11099.518496348996,0.10146059108092209,0.14646684771574034,16.459809824026966,0.8684326525415019,0.9109817960093827,1
969,10,2,0,0,0,7,0,1,1,3,73,15973.198271458105,0.1609141315731947,0.20572582521313876,29.756836629821883,0.65501201944615,0.7132059260678507,1
259,3,1,1,1,1,14,6,1,1,2,129,7731.471880904906,0.1181339227521025,0.16897240569188132,8.581870061398664,0.7708021522002073,0.5004916115907406,1
821,8,0,2,0,2,19,3,3,2,3,124,8197.688484254166,0.16956629995947722,0.17997466877691115,24.93375923256175,0.8227065640686252,1.021585598452068,1
365,5,2,4,2,0,13,4,10,4,3,137,6385.210612552608,0.15833741146599517,0.12251482128530339,11.132903631866709,0.6936164952619156,0.8198661182362672,1
266,2,0,2,1,1,11,2,8,3,2,85,9566.898065722256,0.16226095515547256,0.07122089111580028,7.742296562124059,0.8749331691779272,0.16472636497836624,0
664,7,1,3,1,1,20,5,7,3,2,98,14048.322542089938,0.10869303807004188,0.20419331555168135,18.90551068325511,0.7592011408702246,0.9848707899382655,1
1077,8,1,3,0,0,4,4,5,2,3,134,6531.976427524012,0.1937886815594694,0.1586553672997113,32.27909326112635,0.7414001780133688,1.37734256229021,1
856,8,1,1,1,1,21,1,6,3,2,118,15536.917932644155,0.10484073303648694,0.20370543024894974,24.003914206871563,0.7611542265215535,1.278602752518467,1
880,9,2,4,1,2,7,4,8,3,3,144,4157.887393535572,0.1669030013205954,0.1511540419120431,25.77838364163444,0.6768743305453127,1.4589975449695844,1
840,8,2,3,0,2,6,0,1,1,3,147,13661.784761762863,0.11833420886418058,0.12180656929631617,26.123405190063938,0.7119366498277764,1.304871402595393,1
903,9,1,4,3,1,22,1,8,3,2,48,12299.508901568337,0.07761370617607402,0.0642530436620869,27.711465576574543,0.8361599625728277,0.9846541495398301,1
652,5,2,3,1,0,15,1,3,2,2,65,14863.041687987316,0.14062622987263193,0.11158686177522187,18.576914430825493,0.7065041087584658,1.294465705670677,1
297,3,2,3,0,2,10,5,10,4,1,118,10261.75013775594,0.11505750728102307,0.1475596281883037,6.960834652922892,0.701822289038803,1.142542730770652,1
952,9,2,0,2,0,7,5,3,2,3,50,12171.572396876665,0.08225117796871467,0.20753756835256515,28.597272355085412,0.689595064155424,1.5533618989854836,1
594,5,1,2,1,2,10,0,1,1,1,49,4593.088744406233,0.10120506875211202,0.18927536537169407,16.875367454502403,0.7692838046442873,1.0167264012782289,1
640,7,0,0,1,2,18,6,6,3,2,55,8732.262337344348,0.06558997402602458,0.1323655003091164,20.218606002261904,0.8909200365491865,0.38188117594373433,1
521,5,0,3,2,0,3,5,6,3,3,47,13248.394680676842,0.19792726635899763,0.12063836333161981,15.090577327201656,0.8366454666392221,0.6207353289915075,1
347,4,1,3,0,2,4,3,7,3,2,113,5307.780236236963,0.14290939532477834,0.04598920801272819,8.630778709347336,0.8149956284981221,1.0352963308206535,1
1032,9,1,2,2,0,7,1,11,4,3,70,13388.76883550773,0.06776717553267664,0.10321391385288209,29.097416584578827,0.8230585097764986,0.717809631528218,1
899,9,0,1,0,1,11,2,9,4,1,143,7699.279825607595,0.16233413378780465,0.2166371984963163,26.745501298158064,0.8094629004721455,0.9748120974588306,1
772,6,0,0,0,0,19,4,5,2,1,51,8235.869295511227,0.13630055959687096,0.17338456463901444,22.846309732835223,0.8406416940938516,0.7980077717859236,1
550,4,2,3,0,0,5,4,9,4,1,90,11768.498295248379,0.15560819289487657,0.13445482979383763,14.677019772168896,0.6894716397900785,1.6149596690183756,1
936,7,2,3,0,2,18,2,7,3,3,112,4937.9676702329625,0.13351781974611468,0.1952139237314124,26.52139673992758,0.6720707154351128,1.3324149598578583,1
681,7,2,2,1,1,21,0,3,2,2,79,11495.513212632353,0.049674755101824744,0.04415004986970705,21.67202081976607,0.7777788377628106,1.1154211046811926,1
587,4,0,3,3,1,10,4,1,1,1,118,14964.687100864638,0.07251835709876109,0.21237235978275437,18.37894175904979,0.851799177403318,1.1496530562349494,1
594,4,0,3,3,1,23,4,1,1,3,132,5125.171333375922,0.16299909306343738,0.1659403714484758,17.563876665810596,0.8319772409696391,0.6102830054387864,1
389,5,0,2,0,2,21,1,3,2,2,110,7035.967540981373,0.1606960531366544,0.04239654650842123,11.894797782810098,0.888608330159716,0.8873501719980794,1
264,3,2,0,3,2,19,4,10,4,1,106,4164.177865686645,0.16062005301041699,0.16699572556583261,7.401671131156318,0.6725728996406877,1.0347346315977064,1
690,5,1,4,2,1,9,3,6,3,3,103,10215.879965691629,0.04243435478831282,0.05496301288644196,20.804963920594048,0.8561711845463603,0.8968217307905048,1
996,8,2,2,2,0,7,3,6,3,1,149,12771.522398942947,0.16882412661737764,0.1551275084838588,29.030883906857525,0.6742217642044435,1.5300025330905789,1
238,2,1,3,3,0,20,0,5,2,3,125,15116.778517508756,0.11026051116519117,0.09415941514038159,8.16731088296956,0.8080110331624922,0.6039558039320085,1
969,10,1,4,1,1,10,2,4,2,1,46,8416.355262697442,0.15098583221493872,0.07817660316694702,30.667221015176523,0.7968769040781515,1.8724055432686102,1
941,8,1,1,1,0,0,2,9,4,2,124,5785.0149662885115,0.08353274852385047,0.15305466586673847,28.455250546390022,0.793535663524235,0.5632905660021444,1
434,5,2,3,2,0,17,5,1,1,2,58,4349.014788313943,0.16312458189118131,0.11812733921785082,12.823907692673854,0.6934366355009355,1.0154072387547297,1
761,6,1,0,2,0,8,5,8,3,3,135,7900.074583044916,0.19716508300968544,0.051614143299525954,21.9218538990719,0.7880493481608549,0.84188756679124,1
332,3,1,4,2,2,22,6,12,1,3,75,10146.733749863613,0.08056620011189108,0.18802171747609436,7.96439907705995,0.7791354370854066,0.8385636661117329,1
877,7,2,0,0,1,20,3,11,4,3,116,14809.280834976316,0.16547162246670072,0.08790209261123871,25.81576068425967,0.7059818282149272,1.5207667506701281,1
824,7,1,2,3,2,2,2,5,2,3,121,6597.418380762778,0.13679207248462674,0.15127784736894342,24.38378022962678,0.7703685360658934,1.0356281976055874,1
506,5,2,1,1,1,21,3,11,4,3,79,13375.58948388899,0.08369533070810797,0.14968491747692972,13.662758323637355,0.714978888316733,1.1730381821130003,1
242,4,1,0,3,1,22,5,3,2,2,145,9771.03817871034,0.08709712701290342,0.05010900820527194,10.805405934491057,0.8382572391518212,0.640190313538524,1
1073,9,2,2,1,2,18,4,3,2,3,97,14410.420191168287,0.15706202749162512,0.21951697904255418,32.50433828935529,0.6505394470596193,1.8032937890619352,1
590,6,1,4,0,2,6,4,5,2,3,86,14356.78179586755,0.0854953565753844,0.12057889771953784,16.917780993637535,0.807266585567285,1.0075307352112757,1
1001,9,1,0,3,0,16,3,1,1,2,93,14292.335111381075,0.04764697074999239,0.07696419502438442,32.40713562022403,0.8439249754015304,1.1103185378670808,1
803,6,0,1,2,0,20,4,4,2,3,73,8816.14269964784,0.17983364797603196,0.11861458391620675,22.936320096350407,0.8456982956484926,0.7432090066972936,1
896,9,1,0,0,1,19,6,11,4,1,51,8154.513449782096,0.13423188059328137,0.14855115034549662,28.175354214002205,0.7727476360775499,0.870429155664946,1
879,8,0,0,0,0,10,4,10,4,1,147,6487.463610451658,0.1613557812649459,0.04054716050505703,26.4367380547485,0.8891436762034987,1.1704463462005994,1
359,2,1,1,0,0,16,2,4,2,1,129,6741.148302339923,0.13651579817817658,0.0940240404642605,9.693258163457951,0.7962570726109033,0.44095974094472784,1
514,6,2,2,0,0,9,5,4,2,2,129,11394.751185778154,0.12263318970888695,0.13653944517234554,15.521985921574112,0.7033723143034454,0.9795180037208875,1
609,7,1,3,3,2,6,6,5,2,1,140,15543.294140545182,0.16319718098989439,0.16500585640436807,20.55029783550744,0.7523086331725819,0.8995344429632158,1
637,5,1,3,0,1,16,5,2,1,1,107,11271.506272727314,0.04514501270448619,0.09639507289215164,19.81463397983974,0.836306961481513,1.0149748674641468,1
220,3,0,3,0,0,11,6,2,1,1,148,8947.809792164804,0.08990183799921024,0.11270373756147126,6.842587828284627,0.8888274909976933,0.3220231828133024,1
682,7,2,3,3,2,5,1,12,1,1,148,6909.064073217085,0.14039499608698688,0.07982111725706745,18.286979584103335,0.7209027489951755,1.680940203284364,1
321,4,1,1,3,1,15,2,9,4,1,67,11823.633918666816,0.19103595117075034,0.09274725867433065,10.412681890516211,0.7722975555697136,0.8796666754008083,1
863,7,1,4,0,2,7,1,9,4,1,88,6531.34466327237,0.10298411569901941,0.1637243369152573,24.01475638430902,0.7799811963235754,1.1630863556278848,1
808,7,0,0,2,0,14,2,4,2,1,50,5120.512781399861,0.1960465448420882,0.10070713446559323,24.709469455363045,0.8464608443115433,0.537887301796636,1
1028,9,0,3,2,2,8,5,11,4,3,117,5122.479874048924,0.1608450979258215,0.09033153112768291,29.795766866451036,0.866970516925923,1.0703020169842055,1
865,8,0,0,2,0,21,4,3,2,2,52,14205.51245562871,0.11758343187958004,0.09374078652253895,25.23184422418706,0.8849041017190464,0.8999839672652329,1
517,5,2,3,1,1,20,0,12,1,1,123,8587.067404319876,0.10866534494540822,0.1502757475632528,14.839561664068786,0.7034765083711025,1.1388934780043678,1
1070,9,2,0,3,1,11,5,7,3,1,128,15284.081212294095,0.060710803029782184,0.1409470228272708,32.98251262083526,0.7292539783643261,1.3322696692426197,1
557,5,0,1,3,0,17,1,4,2,2,85,9960.901355059577,0.1384310624985179,0.11324225046008493,14.538373600875472,0.8667470091686287,0.34906836385010886,1
479,5,0,1,2,1,4,1,10,4,1,109,12298.073005942313,0.04837658680382786,0.1538169329301294,15.490577434720162,0.8890129161197192,1.1398301729491969,1
1013,9,2,3,3,0,23,3,6,3,3,144,13923.42057577258,0.10865189206695827,0.15570297183850743,30.66865566499111,0.7010403112425404,1.408789655806275,1
520,4,1,0,0,1,5,1,4,2,1,123,14493.870075971612,0.07803340203612708,0.04235972147079759,15.197048066141118,0.845823094421884,0.3549701515394047,1
250,2,0,1,2,2,20,6,9,4,3,88,5950.593706714999,0.19300577547297443,0.10103071234298777,6.8412892556644165,0.847683580482817,0.21129656104942413,0
611,7,1,1,3,0,20,1,9,4,1,139,6600.081008922466,0.0981222328951532,0.08397199812962063,19.46272577594999,0.8180575960388518,0.7809581372724492,1
912,9,0,3,2,1,4,1,8,3,3,44,5801.100150579301,0.11828059644471334,0.18924188536096084,27.07197385811246,0.8416148831874466,1.5252529065367182,1
354,3,0,4,3,2,0,5,6,3,3,64,9346.607086358388,0.10007889624403205,0.0895784967223458,9.976904259673425,0.89465417316513,0.5721028920225181,1
605,5,1,3,1,0,17,2,4,2,3,76,5860.41451504088,0.06195356833424251,0.09711329653918428,17.99755693518523,0.828419910806958,0.776739681356005,1
299,4,2,2,3,0,20,5,5,2,3,80,11810.384500170694,0.09641312735416895,0.13680174062316544,11.532127725193106,0.7150533094101995,1.1370110803158269,1
811,6,2,1,3,0,17,4,11,4,2,113,8353.923200072048,0.16463981426946084,0.13853187381023077,21.926659537130103,0.6835727403641387,1.4499605756765737,1
617,6,0,4,2,1,1,1,5,2,3,127,15568.858240710215,0.13939130813684825,0.18597523153483214,19.237687129010727,0.8335850571477438,1.03044639085743,1
483,4,1,0,2,0,15,4,12,1,2,45,13799.04623473694,0.10998640046798078,0.10982709046815517,14.138875344122258,0.8010839290787388,0.7514025335925001,1
388,3,2,0,2,2,9,3,2,1,3,68,12691.361339657578,0.17129130715365015,0.09060956358270256,11.145811350648039,0.7021446081686412,0.6774200814767888,1
699,7,2,1,1,0,21,0,2,1,2,129,12264.552142356759,0.040663799766085376,0.1494837979779227,19.36237127688373,0.7344335810151963,0.9440616400212974,1
796,7,2,1,2,1,19,5,4,2,3,95,4475.262618008258,0.17225612805012233,0.1710905873884406,21.64042775716651,0.6654939780526467,0.910094246151006,1
1045,8,0,2,3,0,19,6,1,1,1,74,5004.227143801144,0.049525693219031414,0.2186675513616771,31.107918339238662,0.8593130399386811,0.9099252375766027,1
582,5,0,4,0,0,9,6,11,4,3,88,9185.331859429065,0.17924350542576534,0.15129378753934639,15.792578775869437,0.8312582181656998,0.6767028324390139,1
327,2,0,3,0,0,7,0,5,2,1,106,14976.401573953985,0.19161152749781335,0.128332043424917,10.624908049110276,0.8360253930847713,0.3984907898190775,1
946,8,0,1,1,1,19,1,2,1,1,105,5128.338183308948,0.17106711986228318,0.0639522420068877,26.875706288897362,0.8742412871588731,0.9708273649520406,1
759,7,0,1,1,0,2,5,8,3,3,131,9041.673677534527,0.043135003290064304,0.2176461552666834,23.43485653419639,0.8626484786494635,0.597171168653528,1
824,7,0,3,2,0,2,2,12,1,1,148,13526.978959230342,0.12419327431984262,0.1632985267264517,23.792947295753006,0.8506286895291675,0.801924250409738,1
269,4,1,1,1,1,1,4,12,1,1,128,7837.513602754171,0.17260740524023166,0.06970313851230771,7.930146531578206,0.7909602553113573,0.5760759862993524,1
467,3,1,4,2,1,12,2,2,1,2,51,15152.588665661793,0.12720261793517096,0.12274191230575585,12.392847754417446,0.7875249613915829,0.8742769921079528,1
886,7,1,2,0,0,1,1,10,4,2,86,15216.397987592289,0.09758987296731408,0.14085442040616117,26.639969298325894,0.7927000679819362,1.1569531770030477,1
945,8,0,2,1,1,13,4,5,2,2,93,4683.687826402132,0.1153112682773815,0.07903791526400428,28.92710731130672,0.8925428674063763,0.5800216783825329,1
580,6,0,4,2,1,4,1,11,4,2,109,11396.836446913534,0.05291102574147814,0.17184665793818105,17.284519186296045,0.8788590423441534,0.9017948417775917,1
920,8,2,1,1,2,21,0,8,3,3,145,5746.865248689914,0.11941018317533891,0.15706076013216339,28.1199735358838,0.6955880755116239,1.4601275153524869,1
954,7,1,2,2,1,10,3,9,4,1,89,9292.128695537062,0.04445549246450778,0.08207452379414613,27.920393113766583,0.8430614926836058,1.174210938248045,1
536,6,0,2,2,2,2,1,11,4,1,78,14773.653209976888,0.14305847165287983,0.2181561467233804,14.904189419602249,0.8174534217306828,0.8436729678139229,1
1006,9,2,1,1,0,16,1,11,4,2,138,4880.404685428181,0.1024723604928985,0.21076033377496742,30.52792399213481,0.6790452875794603,1.4956033344958446,1
445,3,2,0,1,0,8,5,2,1,3,121,15248.327005106046,0.07061487688360117,0.08779379973381646,12.549881676201855,0.748716095522162,0.7334014122856773,1
400,4,2,1,3,1,6,3,9,4,3,90,15933.522661063225,0.04278126417556942,0.1195261878297868,8.989160464906423,0.7469616465975897,1.0400446831787729,1
807,6,0,0,3,0,15,3,2,1,2,142,12042.947774202232,0.18753904227670787,0.2010618294845557,23.167915490445484,0.8051296077074314,1.0761204429546516,1
765,8,1,3,0,2,22,1,12,1,3,73,8275.259884276607,0.12901104433342198,0.11313325178689443,21.299378588228283,0.7910350667458577,1.0391686411849335,1
308,2,2,0,2,1,23,1,8,3,3,66,7012.1519306535365,0.14351254170378192,0.21186769304343478,7.427415455019547,0.6600788943637524,0.7884544712276221,1
946,8,2,1,1,1,10,2,3,2,1,42,9191.292268909274,0.16469723432317454,0.0760733565475635,27.79599487159952,0.7116532341081678,1.5020886293859954,1
363,4,0,4,0,1,20,2,4,2,2,48,6157.919396545869,0.14025446754876997,0.17032401141340728,11.062368962736151,0.8402396844670202,0.5428451269486632,1
920,7,2,2,2,0,5,3,11,4,3,135,4240.677969109435,0.10609664536209382,0.14791109208116174,26.00846206521789,0.7056965181505349,1.1307769210181116,1
186,2,1,3,0,1,20,0,8,3,1,48,4752.863513418124,0.14041411248527547,0.10231328857560902,6.3274973449717065,0.7907726695226021,0.7857248825301085,1
913,7,1,3,1,2,22,6,3,2,1,124,11962.787223986114,0.08040265275440389,0.16920265962765638,26.68888973086603,0.7876776094280729,1.0971463051375931,1
903,8,1,1,2,1,12,2,10,4,2,48,4249.066184193884,0.12981626141659347,0.04435789171306721,26.45438311463748,0.8216216310916528,1.3703956494481226,1
897,9,2,3,3,1,12,5,9,4,3,65,7617.541048791501,0.07289396820830021,0.08155657288278348,27.257348669429334,0.7504972565090123,1.263844724430339,1
791,8,0,1,1,1,13,2,1,1,1,78,12116.6726606223,0.18678764882219445,0.08703319514011654,25.461860145367613,0.85678062021696,0.6490590777499975,1
613,5,1,3,3,1,1,3,4,2,2,63,6097.3346336828845,0.12153082861476028,0.06114467320406632,15.551198360024564,0.8177960241815281,0.9270452275718,1
828,6,2,3,3,2,20,0,11,4,1,53,7987.324198238501,0.077414444932214,0.04611299879856163,25.748902492139692,0.7644126503211509,1.3893376814301406,1
434,4,1,4,1,2,17,4,5,2,3,148,4377.299214757644,0.1423412041388658,0.10353055125636373,12.281081642400927,0.7893577100721467,1.0148750555130273,1
898,9,0,4,0,1,20,0,1,1,3,84,5349.069965572093,0.054451136558569396,0.07928943879789825,26.296873853498482,0.9198167410895896,1.1031543477311851,1
691,7,0,0,2,2,2,5,8,3,1,86,6711.102735536639,0.10944304297770804,0.06391605091908316,20.501600433415614,0.901988407746444,0.5798173518055276,1
602,5,1,1,0,0,19,6,11,4,2,122,5514.122732901952,0.17855433903088128,0.06831593398716604,16.778060686116916,0.7889083771418788,1.125631881337839,1
645,5,2,2,3,0,8,2,7,3,2,140,9664.719311930618,0.16285736047189425,0.18872796441294903,17.72523419561602,0.6617866038018205,0.7702959693844893,1
703,5,1,1,1,0,19,6,12,1,1,72,5523.369709230859,0.15255032413955252,0.057082516873492105,21.5161907739139,0.8056652215441299,0.6701110351810451,1
214,2,2,3,3,2,23,4,2,1,2,89,7662.184392933985,0.11529653482303279,0.17047394072113442,6.6232014536349855,0.6914032860051247,0.9883269082274854,1
308,3,1,4,2,1,21,0,9,4,2,92,12682.819776334552,0.11150065886335803,0.049711795633886405,7.004033522215213,0.82745439547624,0.5824479301178974,1
405,5,1,1,1,1,21,1,8,3,1,68,11846.232873971618,0.04180954041152088,0.04731376207236848,13.466826881339752,0.8598945138822498,0.6201399135078678,1
285,2,0,4,3,0,2,4,12,1,2,54,8595.988987697696,0.13600607149330393,0.11960374606553839,8.93413103010122,0.864975582098521,0.26749639516568924,1
584,6,1,4,3,1,7,4,7,3,1,141,15173.05668790246,0.13232133300661988,0.10873354264033999,15.986915345381977,0.791525305958868,0.96804827716115,1
794,7,0,4,3,0,7,0,10,4,1,116,13446.670587773433,0.0408446433529104,0.13823473335723915,23.91104723181093,0.8994142804804327,0.9641260303946887,1
782,7,2,0,0,1,12,4,2,1,1,114,11286.118691881435,0.061926966261126495,0.166475753713624,24.123498244571124,0.7172187760113622,1.0586086372882266,1
613,7,0,1,1,1,23,5,1,1,1,74,9241.344425120678,0.04198978494051671,0.09576592890091479,17.006423639626348,0.9180099287713558,0.44154793465112,1
966,8,2,0,3,2,16,0,9,4,2,112,4720.43414902835,0.0805086313534109,0.07499332279595287,28.963395359204974,0.7500241206327862,1.1871625079846662,1
700,7,0,0,3,2,13,6,1,1,3,54,8954.232787917752,0.04061649951683958,0.18798102600744337,20.410936381132046,0.8771311135140727,1.0313072221110473,1
252,2,1,0,1,0,19,3,11,4,1,52,10543.195005240323,0.10677908131667024,0.06975524857126045,8.082208667024766,0.8205595515504313,0.7843594151885518,1
883,8,0,2,0,2,4,4,1,1,1,145,15892.210171953368,0.11622289941326941,0.18372149273414362,25.316464570728694,0.8450250235336642,0.8718027828452691,1
708,7,0,0,1,1,15,0,9,4,3,65,15419.27568308875,0.10993306570556743,0.1456864376215992,22.682270886636225,0.864971223502775,0.8622616234590319,1
763,7,2,1,2,1,12,4,6,3,3,124,5346.538959639838,0.07190227290148307,0.09208659699146078,22.586705535392074,0.7462050085481752,1.180627872659662,1
700,5,0,4,2,1,4,3,8,3,1,70,15751.193699006366,0.12376947677838251,0.09656663152244496,19.68318020513924,0.8808487512646276,1.1313956244588264,1
689,6,1,4,3,0,15,2,8,3,1,111,13055.411558277474,0.17025513946408066,0.10671330302944951,19.664554528828972,0.7753642008779115,1.0972544558523847,1
263,3,2,4,0,0,20,5,6,3,3,107,12183.22788012867,0.08659444009000382,0.14639435100349646,9.169875262674026,0.7151550440079248,0.908950183350015,1
694,5,1,0,1,1,19,1,6,3,2,119,14842.731597143218,0.09001206949172674,0.21633282054114675,19.395361724148653,0.762144799485207,1.31923083168891,1
911,9,0,3,1,2,20,0,7,3,3,144,7900.665729549333,0.12685213480497706,0.09728914342318545,28.846219259603412,0.8791364247973268,0.7976253878650416,1
459,3,1,3,3,1,19,3,9,4,2,86,8791.633881958758,0.07740070279563602,0.20953622410747816,13.535050774169447,0.7708783828935987,0.9405995733722796,1
734,7,1,0,0,1,11,5,9,4,3,135,14451.363418339513,0.09404581239959463,0.0769264334139019,20.453056537534373,0.8230624893839266,1.2577378316748828,1
208,2,0,4,0,2,1,0,6,3,1,72,5247.895608758976,0.1123899558702483,0.060332461120552225,6.304859215317826,0.9022749123541397,0.6747189616550566,1
499,4,0,2,1,2,23,6,5,2,1,146,12509.91816663816,0.10180838436421993,0.1357804807566563,14.78781045421539,0.8730850106956056,0.46866119183570026,1
581,6,1,4,0,1,10,4,1,1,2,94,13717.866285911656,0.1709171686050669,0.21576655672757356,15.987687177984252,0.7259923236003119,0.9019337589686474,1
1084,10,1,0,2,0,15,6,10,4,3,132,14620.75543652647,0.17583896969362806,0.1272754830697641,32.53625447189347,0.7635984962564736,0.8524739373892123,1
377,3,0,3,2,2,0,3,3,2,2,130,6630.073495871031,0.1044605559861958,0.18398471083382306,11.77166857763401,0.8501996299309915,1.0151611924661188,1
434,4,1,0,2,2,21,0,6,3,2,109,12150.957894493356,0.11164584797875282,0.12505833976301572,14.374835970027823,0.7934831155162042,0.48607190630474845,1
555,5,1,4,3,2,21,1,12,1,2,146,5028.615587054054,0.19310306019227924,0.19300032634747413,17.906465816651206,0.726253476057111,1.282285134702599,1
1093,10,0,3,1,2,22,3,10,4,1,114,14331.547978983526,0.12049400190740431,0.1862933367499595,35.62999750560667,0.8419456976041862,0.8342627349580829,1
965,10,1,0,1,1,4,4,5,2,3,106,9781.592478144403,0.19888512821914314,0.16351464996865733,29.395438244473343,0.7369200998154898,1.8653489597313728,1
211,2,2,1,1,0,20,5,6,3,3,67,11489.979807176238,0.162048443630022,0.1507739072698883,7.017193512446807,0.6792299420950403,0.4953782201362791,1
395,5,1,1,3,0,14,5,4,2,3,81,14216.504883411872,0.08227715533838756,0.13326570888708789,11.667254994714401,0.803005711098536,0.7395016016295712,1
935,8,1,0,2,2,3,5,8,3,2,40,10072.284873791159,0.07665482645006469,0.21221660291647712,30.066338637695374,0.7700078567850562,1.4513378676055995,1
233,2,2,0,0,1,13,4,2,1,1,119,10103.902285504779,0.06545031808196211,0.1403283714690748,5.86245657878219,0.7273995897020333,0.603608071059343,1
967,8,1,4,2,1,11,0,12,1,2,106,9575.873467356078,0.16898331619251025,0.10068485111285719,30.854451974222407,0.7786493247125846,1.4122891551664742,1
438,4,0,4,2,1,15,3,12,1,3,116,11208.317483442006,0.08909792674811695,0.1987990755348951,15.179440704399479,0.8504463489726446,0.6313711090928962,1
1024,8,1,2,0,2,2,5,4,2,1,109,12607.878937690544,0.14812680163479633,0.15880627671327466,29.205497390517657,0.761880114743368,1.3766623276404715,1
450,5,1,4,2,1,13,5,3,2,1,67,13662.01882230656,0.1264217839267537,0.1404711409562819,15.085697763343294,0.779898183802634,1.2148736924684505,1
579,6,1,3,2,0,16,5,7,3,3,149,4357.641866692182,0.17215956846507033,0.16279070356929118,18.184918713069752,0.7492723775845374,0.8870594590582491,1
788,8,0,0,0,2,17,0,8,3,1,87,8176.927234538632,0.16013078938255,0.10279698082174171,23.44246040754264,0.8616825034080687,1.2201660722785677,1
296,4,0,3,0,1,18,3,8,3,2,116,9190.330287232646,0.050199827897561666,0.11575353806947189,9.226502934336832,0.9053209853148348,0.6122247178372986,1
692,5,1,0,2,0,15,4,1,1,1,54,5184.320748700337,0.09414841750482486,0.07520705679258446,20.52909939124568,0.8237900365661658,1.2832752073754603,1
644,5,2,4,2,0,16,1,9,4,1,105,13019.455874603773,0.12321579394247162,0.19390374593204726,19.3801357792975,0.6772962070564664,1.0350124186093899,1
901,9,2,1,2,1,2,2,1,1,2,84,10274.50861397977,0.1685822259606923,0.15980657326656225,29.10355656590058,0.6722250403477354,1.2460595611919625,1
1096,10,2,0,1,2,19,0,5,2,1,142,4022.5933881632395,0.1542444060621796,0.188367112369038,33.52757596813523,0.665824816705952,1.4756821528917377,1
791,6,0,1,2,0,8,1,9,4,3,123,11576.46331903022,0.12790463210693662,0.09713030241743668,22.291946737417973,0.878734279464032,0.4214032054666289,1
556,4,1,3,3,0,13,0,11,4,3,142,8068.263963891804,0.16934005448347778,0.21917871577622242,17.123922342527333,0.725166553383135,1.187309436532516,1
553,6,1,4,0,0,13,6,8,3,2,74,12722.252143763768,0.109588556177554,0.10429783134395199,14.855442512566416,0.8037511256153224,0.9307355046676077,1
564,5,1,2,2,0,23,6,2,1,1,112,6156.341663746518,0.04890553182813878,0.10366834497390526,16.3782022324333,0.8313417554390802,0.5213769100069456,1
928,7,1,0,0,1,7,2,9,4,3,109,4014.513963343495,0.17928571657843048,0.21291438270240975,26.87267284859717,0.723509955323622,0.9314401521262762,1
475,5,1,4,0,0,9,0,1,1,2,67,5041.887042074222,0.12425493630343692,0.15791167879435747,15.28997821810853,0.7730250232059925,0.7077179071328612,1
333,2,0,3,3,2,18,2,3,2,3,76,9284.800912491792,0.16934449397823814,0.20801961911246422,11.68812270536131,0.810186149109184,0.878696974188446,1
487,5,2,2,0,1,15,3,2,1,1,114,12976.116938499834,0.10273307487258765,0.1521655395339792,15.077022121650154,0.7052956235170449,1.2085968687710247,1
200,2,2,2,2,1,7,1,12,1,1,56,11246.968419673041,0.13416836030071752,0.08436546501939644,5.629518487648497,0.7216597786059487,0.8188879638969585,1
277,3,0,4,2,0,8,4,5,2,3,84,4179.5992061496,0.09297488087406086,0.11033257137252103,7.651537273926063,0.8885116464890381,0.41656893238829806,1
262,3,1,1,3,0,19,6,7,3,1,121,11099.299508579588,0.10553199591126194,0.19460422735729418,9.096786366141146,0.7649386995291497,0.5994900246660596,1
889,9,1,0,2,1,20,5,10,4,2,132,9786.082272856846,0.06358371546928114,0.12810314726316357,26.76093326352077,0.8137409117703999,1.5043814752580862,1
844,8,2,0,2,0,3,5,12,1,2,104,13558.540270552994,0.1586565707056637,0.16761633212758414,24.806682918154113,0.6731771937250384,1.2109247619510348,1
821,6,2,3,3,1,9,5,12,1,1,113,7079.99313301797,0.08484548895973848,0.06997517787685509,25.146807812049996,0.7503306999235329,1.4704611933696643,1
604,5,1,4,3,1,18,0,2,1,1,130,12627.175663377182,0.0882769831121062,0.11195834945800001,19.297867587248597,0.8098941003434522,0.8923590805538103,1
839,6,2,3,2,1,2,3,5,2,1,65,11581.321042577725,0.0966702340092502,0.1911022931225334,23.32771730776222,0.6905023627906973,1.7646516275855484,1
328,3,2,3,0,1,4,3,5,2,1,114,11475.893503424872,0.10914017862355221,0.2093818607893886,8.035678269963313,0.6766650822641765,0.7354061784218364,1
1008,8,2,1,0,2,3,0,10,4,3,120,8866.665274346076,0.13218622592341828,0.09837411956715876,29.608976309679356,0.7162478445292403,1.6082756748360492,1
640,6,0,2,1,2,12,1,5,2,1,129,4154.179709467685,0.14924906107127464,0.07106310730583307,17.873819930831733,0.8808595242303014,0.5832480293433262,1
1043,10,2,0,2,0,10,3,3,2,3,106,6251.707501463312,0.14811032137987243,0.04421575097070344,29.91490044981074,0.7334532674422408,1.892811189464267,1
320,4,1,1,2,1,7,5,10,4,2,57,14130.994236749202,0.10778894654852703,0.06292920203211524,8.772264819708818,0.823176833138711,0.8522220828399453,1
637,6,0,3,3,2,3,1,6,3,1,45,11402.13053066495,0.11710250681298537,0.19042022109040785,20.41899329657508,0.841614772443473,0.4381108944590494,1
820,8,2,4,0,2,15,3,9,4,2,107,10937.68920201159,0.06245128287293678,0.12202311130099444,25.559409332569835,0.7369865226217309,1.1805454417552892,1
635,7,2,4,0,0,19,0,5,2,3,70,10308.29319036604,0.12344097323172415,0.09249186586172342,22.459500782794578,0.7228302224079486,1.4094841404239637,1
590,5,1,4,0,2,5,0,6,3,2,80,4923.1782551688,0.1803290723470382,0.17961881109220326,16.75596135511232,0.7380234524523414,1.2685985224217557,1
332,4,1,0,2,2,15,4,1,1,1,90,8172.0316996092615,0.11367198100182499,0.18282026576666652,11.932644908971808,0.7665784889541789,0.9045856914210016,1
530,4,1,4,2,1,19,3,1,1,3,122,11429.79780592167,0.19008217489589585,0.10518888338172219,16.139636063581886,0.7671280237750719,1.0072178361891628,1
399,5,0,1,0,2,13,5,1,1,3,78,5506.601096916473,0.06492536638876238,0.2022461759301521,11.832335077578618,0.8597728059564884,0.5419359812017416,1
457,3,2,3,3,1,13,6,3,2,3,103,15051.929261573414,0.15790551346197215,0.12336021996595964,13.050305547946925,0.6934304199574306,1.348173528298885,1
809,8,0,4,1,2,4,1,5,2,1,94,4871.776405318943,0.15327822566072238,0.08702161256667454,23.81610777215895,0.8718650727976713,0.7858680124483179,1
759,8,1,4,2,2,22,2,1,1,3,45,12157.43246252185,0.1490446325720996,0.2019560604437233,23.484152457822372,0.7420496881428797,1.2789587695362166,1
738,7,0,3,3,2,22,5,2,1,2,116,7614.903819278656,0.14605715189764612,0.0675312660128022,23.405094521678855,0.8838852119402982,0.7285721231873692,1
512,4,2,1,0,2,17,0,11,4,2,98,14364.09537737601,0.04356932377229871,0.21926983346931023,14.631398575508788,0.7017223792412759,0.9054509268714329,1
1062,9,2,2,3,2,21,5,11,4,2,64,13922.04415053359,0.15873956032833678,0.15038540076337245,32.56542961117145,0.6808937675087308,1.4334522771121692,1
260,3,1,3,3,1,14,6,4,2,2,121,7998.5360088001125,0.11994948396686392,0.2047625435924622,9.567581760067144,0.7538795875983033,0.6091932824285152,1
495,6,1,2,3,1,15,0,12,1,1,50,9545.359398280343,0.12386979035199841,0.07219044533460345,17.219016103215704,0.8117728939410291,1.0100645000407737,1
288,4,2,2,0,1,19,0,2,1,1,68,15509.33677863449,0.048139622433791586,0.11004002761773055,7.771413698219688,0.748819157476815,0.5467913912942102,1
491,5,2,2,1,2,0,4,1,1,2,66,11294.820356252778,0.07014098053001964,0.1971851678742523,14.86207106743199,0.6997032332180776,1.251331864970321,1
1064,10,2,2,0,1,5,3,5,2,3,111,4072.0279628384274,0.18576110521010555,0.19067815910208677,32.851319373624996,0.6506023310595134,1.4209333076562722,1
516,5,0,0,1,0,4,6,4,2,1,148,13326.89369368293,0.09048453388398014,0.19693320697133,14.274865471318384,0.8506620166151104,0.5745932136320496,1
1015,9,1,4,3,2,15,3,1,1,2,132,8335.767719928963,0.10302083529846848,0.09048264699167444,28.739034836321437,0.8129234329694357,1.275754603584737,1
635,7,2,0,3,2,5,4,11,4,1,55,7310.088828864989,0.07027256307113294,0.15117124448449826,19.478833265516805,0.7203502865999659,1.0366972784357003,1
823,8,0,4,3,2,9,1,12,1,1,47,13985.690863154314,0.14115052514276524,0.11012773497837297,24.3623375978301,0.8669247829454878,1.3181387347682072,1
600,6,2,0,1,0,11,2,4,2,3,126,15610.326002299284,0.15851214012909237,0.09773939262303247,17.98266041636855,0.7046868102615438,0.963757619226422,1
424,4,0,2,3,2,17,1,4,2,3,103,4744.480899489667,0.18740189463099663,0.13362296858893877,12.192277612199796,0.835538811551029,0.8512177753780017,1
883,9,2,2,3,2,12,1,9,4,2,79,8684.274697220451,0.12993017820667818,0.1687095305430443,29.42871134278197,0.6856121310626249,1.6396443163244014,1
1071,10,1,2,3,0,0,0,12,1,2,137,7356.581532394775,0.0841009089305031,0.13333320954320993,31.63023310258992,0.8021546466868291,1.1591326146469947,1
422,4,2,2,3,0,16,6,4,2,2,59,14773.047175176485,0.051354130376255684,0.08148962343846158,13.408018379960573,0.7602203107833772,0.607051996835825,1
896,7,2,4,2,0,10,0,9,4,3,53,14412.339561636254,0.08257751008467265,0.18534867405259742,27.00126300792035,0.6994332171382284,1.1674920939271394,1
420,3,0,0,0,2,2,3,1,1,3,94,14813.405619429717,0.13893832676792042,0.2160019623028149,10.226053640248944,0.8202768699181691,0.9035728256151763,1
839,6,1,4,1,2,15,3,7,3,1,69,4511.915515214897,0.19585657097883835,0.10531815204513509,26.238290407067726,0.764471374639212,1.3352061503924415,1
905,8,2,3,3,1,6,0,12,1,3,65,4601.316950942316,0.052671650843042546,0.1928655074125287,27.766747593164318,0.7095082787849929,1.443399795445068,1
593,5,0,3,1,1,11,5,6,3,2,108,10616.804616293768,0.10213863009388136,0.19549529891940803,17.79360510742671,0.8460647319440198,0.6263689568375334,1
857,9,2,0,0,1,23,3,8,3,2,73,6002.817937835958,0.1467577135062905,0.08689382330286222,27.421551502252115,0.7148568084358813,1.7226918595825347,1
430,3,0,0,3,2,5,0,9,4,3,104,5351.9029259817635,0.13193135107279597,0.16695528300170295,12.458451040609654,0.8455010146664754,0.3377596122225851,1
252,4,1,1,1,0,21,0,8,3,2,102,7124.300258251915,0.14427081651155405,0.20891509630803443,9.289896507898122,0.7410663392311853,0.7513842782972243,1
268,3,1,1,3,0,11,4,9,4,2,127,12512.807257737599,0.11411335547042872,0.17317406944020355,6.001163471009493,0.7707206587902155,0.7796423684869123,1
591,4,2,3,1,0,22,4,11,4,2,147,12059.848895447194,0.08272587287007738,0.04540391744558163,18.13366331568263,0.7623415943579533,0.7090876761746814,1
1010,9,2,4,1,2,20,2,1,1,1,109,13422.305486241745,0.11724036227403817,0.14881346174239352,30.399308331893252,0.7002757791926058,1.3891032219444617,1
297,2,1,2,1,1,19,2,11,4,1,71,4753.03335947941,0.10104578078990048,0.18012125508708893,8.854908828979749,0.7734748338553548,0.5993138778901033,1
599,6,0,3,1,2,4,0,11,4,2,103,13196.959240213244,0.15348760502856812,0.15126458480000116,17.15241488504156,0.8428615145771439,1.060601593231375,1
827,8,1,0,1,2,18,0,11,4,1,93,9887.41026080716,0.06745997157900613,0.04517317202465446,24.700563356974065,0.8493150853783528,0.8840291841522349,1
366,5,1,3,1,0,8,3,5,2,2,89,7755.942562021538,0.11938366927547928,0.061630435019603476,11.333834157775309,0.8185436530672128,0.4159247478210397,1
843,8,2,0,3,2,21,2,7,3,1,77,11323.415380133676,0.19345000944760346,0.18429201176631846,24.01726207597821,0.6500160904537351,0.9967563552169019,1
461,4,2,3,1,0,23,1,5,2,1,48,13594.361660844386,0.1250870332330383,0.12784960497153755,14.161540416810361,0.7061785128079409,0.8595576115943995,1
923,7,1,1,1,2,14,2,11,4,1,67,5246.499671153348,0.07795351596561519,0.21243583757876822,28.977287272928876,0.7693247909050275,0.7812519351810341,1
712,7,2,2,3,2,21,4,5,2,1,105,13687.509127581334,0.1897360473281111,0.11469668606650574,19.831295935623736,0.6830052699724224,1.518456876440949,1
683,5,0,1,1,2,12,2,4,2,1,47,10833.278603628849,0.07906518189669051,0.187907487662525,20.561978067982242,0.859862298698353,0.9525982339474858,1
342,2,0,2,0,0,0,2,9,4,1,57,11440.648338637868,0.16018882207898963,0.04638865734952519,9.295474197857168,0.8870401342571683,0.43116477551642585,1
606,5,0,4,0,2,20,1,1,1,2,102,14547.425942715268,0.0575250016116713,0.19138265144312439,17.30427493904254,0.867991556125342,0.7590203945754901,1
968,9,2,4,1,2,12,4,5,2,1,149,12519.851097770299,0.17633433756885336,0.19463038738203722,29.1634006691183,0.6530658737720991,1.8079779673800875,1
197,2,0,1,2,0,1,0,3,2,2,58,11002.289970248687,0.06889193401683921,0.10517364925833328,6.092114742918219,0.9016704875261724,0.47902973247981295,1
877,7,1,1,3,1,1,6,5,2,2,48,8032.271803235431,0.1030687149015882,0.09570136746338952,26.10056174754768,0.81055346293576,0.7912285054483641,1
633,6,2,2,0,2,17,3,6,3,1,78,10123.721938518976,0.19449925353681358,0.20378357995303725,17.700855883316187,0.640772724929567,1.1045686426172394,1
841,9,2,3,2,1,22,1,1,1,2,48,14038.799062721446,0.1327031564329733,0.1799868503802054,27.039487595347744,0.6792894969340695,1.6265227833352849,1
790,7,2,0,1,1,16,5,11,4,1,138,15947.286699087781,0.08223934974801866,0.1476307712224093,23.686839197182024,0.7165584455633074,1.2646517964959214,1
577,6,0,3,1,0,10,6,5,2,3,126,13073.825384812517,0.04010034703391506,0.1185420876494735,18.296801457215306,0.9086109043924752,0.8195169937907967,1
463,5,1,4,1,1,7,0,5,2,2,52,13481.95078040293,0.041086275740815206,0.20417559130387378,15.641728691955274,0.78963215982989,0.7141307038306477,1
757,8,1,4,1,2,10,1,2,1,2,51,12393.016611972995,0.08393402880334622,0.17449997761821207,20.815707849136047,0.7837046971102988,1.021236277410805,1
309,3,2,2,0,1,7,1,12,1,1,99,13203.405876683848,0.1242967668818214,0.1150304638862781,10.088129970964616,0.7123027461543552,1.0600230942964224,1
717,7,1,1,0,2,6,0,11,4,2,84,6918.155832096514,0.11758260298336934,0.12940962394625374,21.471402032209255,0.7888534978816696,0.8636146386193515,1
267,4,1,1,2,2,3,5,6,3,3,116,9085.995676929135,0.18750106100576222,0.05771769796236938,9.848966377579096,0.7896515584643408,0.35850990670747446,1
777,8,0,3,0,2,13,1,5,2,1,142,10671.951811187899,0.1622550583745877,0.18593409982821973,22.685768125856768,0.8233148788087367,0.8453924442252128,1
758,7,0,2,1,1,5,2,6,3,3,76,10593.569564047983,0.1879577017494569,0.1915064095220272,23.869783936902046,0.8092411499278321,0.8609393061367107,1
257,2,1,0,0,2,3,5,12,1,2,126,11167.213506164178,0.12188451013118617,0.10401560337137677,6.297151076179359,0.7983449489238467,1.0476954997792145,1
876,8,0,3,0,0,6,4,3,2,1,76,15682.417515156912,0.11146662594321619,0.09573767210533486,26.735287631320936,0.886758065878152,0.6828928099470005,1
562,6,1,0,0,1,19,4,9,4,1,65,14263.246431057292,0.13057412753926012,0.08540214777062735,17.530583051780155,0.8028106761105507,0.8196187875279076,1
903,9,2,4,1,0,13,0,11,4,2,146,13933.998301677275,0.0995433740336118,0.0712225693395025,27.176650889801895,0.7431553254820985,1.9036460674407594,1
218,2,1,2,0,2,11,6,10,4,3,67,13964.441729512992,0.0737298386139465,0.21060132111176383,5.2983396845715145,0.7720509781234304,0.44633774522896097,1
345,2,1,1,0,2,14,0,11,4,2,55,13519.998424374558,0.17386568935484498,0.17662602766796504,9.436509621752894,0.7422787273397355,0.9422356133848953,1
634,6,0,0,1,1,13,4,12,1,1,105,12150.442116862867,0.14888505336978924,0.11801299016863981,20.191650162972703,0.8598958804077069,0.5005765645655216,1
353,4,1,0,1,1,11,4,1,1,2,105,7078.510206858036,0.09210529475603618,0.059830691641783715,12.674802085420685,0.8316288061209811,0.7420394247538434,1
483,5,1,4,0,1,20,2,3,2,3,93,14269.199054266033,0.11140499822406896,0.06509867590478255,17.05551841211245,0.8205733466420169,1.4891082002097873,1
787,7,0,2,0,2,17,5,2,1,3,49,7356.769988470898,0.07607165356338164,0.16776191506437446,24.142680680023986,0.8702748941175097,1.0819149135095096,1
312,3,0,4,3,0,4,6,7,3,2,52,12698.662926649713,0.13005424906561763,0.07655458711353874,9.712237926080409,0.8870260237193797,0.563748194725112,1
803,6,2,4,2,2,19,0,5,2,3,123,5331.804551706017,0.09733730290924475,0.1026173138579124,24.070287437136347,0.7300204224547793,1.1171919525185103,1
275,2,2,0,0,0,4,6,1,1,3,57,10567.341910868927,0.1800920507949155,0.21226164276294196,10.351064725918013,0.6434408378989641,0.8265570149553607,1
341,4,1,1,1,0,1,1,7,3,2,70,7825.607029424054,0.12453807047303417,0.14461562266717345,11.1984306967066,0.7788808380869066,0.5651528045049764,1
720,6,2,4,1,2,10,5,2,1,3,128,12453.486947015574,0.10587690203250069,0.18550250965041962,21.45201269721719,0.6888792647426858,1.009461698447232,1
910,9,0,2,3,2,9,5,5,2,1,77,14263.441430055678,0.15993916221972052,0.05869864094892886,27.21700339490617,0.8816129885741077,0.45258910859864143,1
336,2,0,2,3,1,18,3,5,2,3,77,4186.32598770554,0.18481620647516242,0.0994695146189929,9.450356237787242,0.85207142550763,0.30568215494570683,1
455,4,2,2,3,1,16,6,11,4,2,140,5371.862998193665,0.1707870556201257,0.201209269481435,14.037363118626944,0.6526016537042977,1.1121292848728856,1
1031,9,0,3,0,2,1,5,9,4,2,127,15106.201887468238,0.1191867352313854,0.1858833551666422,29.82985292872685,0.8427184593208876,1.4115080071994746,1
1090,11,1,4,1,2,11,3,8,3,3,117,6871.251954540869,0.09703093392483703,0.17022099712400524,32.33248438308635,0.779736631028021,1.271258406130222,1
714,7,0,4,1,2,19,1,10,4,1,60,12769.472964942424,0.1459406949025375,0.14573287633997078,21.512888456962713,0.8487468929408712,1.0074532700647163,1
591,5,0,3,2,2,17,3,3,2,1,71,13750.560466460764,0.170698886958583,0.08840921149117553,17.010333409960708,0.8634013556976086,0.3588030184592511,1
499,5,1,2,3,1,12,6,4,2,2,105,12886.603970364687,0.1965823323738405,0.14538649940088946,15.847363864297357,0.7461140257013715,0.7318989398887719,1
743,8,1,1,1,0,14,1,10,4,3,132,4385.287928284361,0.1131601977533978,0.049136792538290154,23.561341006034077,0.8269663543687404,0.33327309165028296,1
723,7,2,0,2,0,13,6,9,4,1,95,12825.083688174622,0.14691842298995889,0.07641295488229709,22.141332732748225,0.7195008799574848,1.6811662500791296,1
451,3,2,3,1,1,5,1,1,1,2,121,15538.854879874261,0.08689652051355051,0.1332877469060936,13.656293534013614,0.7209170796611601,1.0866086074006966,1
200,2,1,0,0,1,13,4,3,2,2,75,8425.51804988526,0.05399412743253009,0.04035591958267452,6.204269931430819,0.8575424788431579,0.519121976935663,1
319,2,1,3,1,2,16,4,3,2,3,80,12523.061410399449,0.08048923645045031,0.08180083034447004,4.644027497350338,0.8269694699422858,0.8661789610782982,1
1061,9,0,2,2,0,1,1,1,1,3,106,7317.6364501423905,0.042318421471166746,0.06740464516156876,30.47001299681595,0.930624620015269,1.5411958757513555,1
564,5,0,3,1,2,16,3,8,3,1,102,15969.46432138624,0.12150841582187594,0.10219230055524695,17.69091890842714,0.8793346776302947,0.6417655298562389,1
623,5,0,4,2,2,5,1,1,1,2,53,6500.080479911479,0.09970497801790769,0.1945035779823671,17.388156554052458,0.8476061497998764,0.6145133534123364,1
609,5,2,2,2,2,0,2,11,4,3,82,7666.791755849586,0.14852396957799174,0.2105354381436006,19.052815011459433,0.6584232665252834,1.7522991955860423,1
900,9,0,2,1,1,18,6,8,3,1,134,6014.867055750701,0.13845024549078538,0.06971051379629097,28.378164954129716,0.8863276583208156,0.6262658612794034,1
239,2,1,2,3,0,9,0,10,4,3,98,15462.127293580841,0.0668586295111067,0.08159343004515089,6.770881897510463,0.8331965731996841,0.8922393826585857,1
256,2,2,1,0,1,9,6,6,3,3,121,10857.116526260183,0.14781145511708602,0.19243790740924788,6.82818947525317,0.6668877868631498,0.8920583607782844,1
433,5,2,0,3,1,14,4,12,1,1,130,6963.819521329735,0.0699840359446547,0.07108171492153327,13.406246163524994,0.7565204121102154,1.0297944339957623,1
627,7,1,0,0,1,13,5,4,2,1,71,5614.06798913731,0.040952503079866635,0.17343695993988165,19.247186278437923,0.8035247416411133,0.5344554169894226,1
797,8,0,3,1,1,14,1,7,3,2,65,14497.681783744512,0.1952308260735144,0.05538612256278384,24.926088083025466,0.8672223731136658,1.5710370755164822,1
631,7,1,4,3,1,22,6,1,1,3,103,4751.915025839784,0.04431760752750698,0.15669491813823697,16.59593040470681,0.8095443634504152,0.9518680539643944,1
585,6,1,0,2,1,15,1,10,4,3,92,11719.156190408185,0.09467985227303764,0.08782602206043716,16.9138535564984,0.8178723565499364,0.6500743479248643,1
1042,9,0,1,1,0,1,3,7,3,3,139,11321.544567323523,0.14200179855209763,0.17492102223142972,29.806176861376795,0.8373847306474127,1.1208827703889668,1
328,2,2,3,3,1,5,0,3,2,3,60,13261.539489423458,0.09925992594536487,0.13348718137631246,6.409615871991644,0.7152638017052452,0.7974981543568609,1
705,7,2,3,0,0,10,6,10,4,1,86,12182.154672252333,0.10099346475862622,0.07220110340616007,20.758855478422138,0.7420624443258461,1.310486248034323,1
678,5,0,3,2,1,11,4,12,1,1,45,14037.702039486994,0.15563640647284724,0.11240122853373496,18.04258798275097,0.859383064247038,0.4737589908886056,1
615,5,0,3,2,1,8,1,1,1,1,79,4456.377027243061,0.1363446295140048,0.13258351046613978,17.7192285924098,0.8589823370089349,0.7973044230089901,1
922,9,0,0,0,2,4,4,11,4,3,104,9163.496046370012,0.1229403914042424,0.21927581838682897,27.277606005581518,0.8260027055940179,0.8336292578713073,1
425,5,2,1,3,2,2,1,9,4,3,127,4971.593180660764,0.18181067742140383,0.1264652309972999,13.728266303541306,0.6812758412115832,0.9023182290555076,1
1057,9,0,2,3,1,3,3,5,2,3,132,8862.607807137341,0.05729818336595335,0.0672231425352933,31.115590217310114,0.923965403344439,0.7198360556290925,1
485,6,2,0,0,0,22,3,8,3,1,40,10729.90899009297,0.11516280673824111,0.1399410023894998,13.133401808157487,0.7052032858925166,1.2249827969404359,1
681,7,2,1,0,2,9,6,10,4,3,135,11125.298396532842,0.07825067880349412,0.07963826201266683,21.13689886671039,0.7489499766327276,1.0966794258223205,1
659,7,1,1,0,0,23,2,6,3,3,115,15097.219473084439,0.04588925570678569,0.19832181205479793,23.04597270254227,0.7901050195072874,0.880100703177718,1
961,8,1,4,1,0,8,0,8,3,3,62,15060.665381116554,0.19664539234916703,0.19013227003973143,29.779569314903966,0.7259500519249957,1.4056512504361622,1
583,5,2,1,1,0,7,3,1,1,2,63,7717.439164301793,0.15744429236146074,0.06315648183267855,18.15718840086929,0.7207296516126372,1.3223997981270035,1
441,3,2,4,2,2,11,6,12,1,1,125,12388.824668919984,0.07458968255861723,0.14590755348199122,12.570717266289801,0.7207762437817261,0.8819394689549868,1
199,3,0,3,2,1,22,5,12,1,2,116,12552.488590009167,0.10438948082478133,0.16537130183130358,5.847753781571534,0.8586076478047617,0.5674716526359159,1
514,4,0,3,0,0,13,0,3,2,1,62,15485.823860184624,0.0761638790006367,0.0852996072330286,14.453974949826135,0.9073414311948506,0.35310101309965447,1
940,9,1,4,1,0,0,0,6,3,2,88,5007.210575132107,0.1495768457574082,0.15274752404611996,28.625612707524322,0.7639540335884123,1.2165387995567434,1
189,2,0,4,3,1,6,5,3,2,3,134,11405.818715439615,0.09607153143023733,0.12328394909624313,4.410563094723661,0.8812900337630838,0.7537941095665125,1
1004,9,0,1,3,2,23,5,5,2,2,42,8887.162829636658,0.18717801309857024,0.12677416516270798,30.28547098674599,0.8387215197824248,0.4582216045018809,1
679,5,2,2,1,1,3,3,4,2,1,96,8167.938779052055,0.07320883506415454,0.13923229952862695,19.072060187046723,0.7244014894332482,0.9253813066365708,1
309,4,1,2,0,0,20,0,11,4,2,136,11409.929370239728,0.09597218949205444,0.14262474084521143,7.674214095199587,0.7926313813482304,0.6557812820044444,1
458,4,1,4,0,1,22,1,9,4,3,40,7354.443844648607,0.1890903177669693,0.1677636505999979,12.839340391949992,0.7394157142348647,1.0674500548922523,1
689,7,0,0,1,1,5,5,11,4,2,100,4430.39889623131,0.1815489206563328,0.12143701505653343,22.4330158528162,0.8436563289292102,1.0599114688402531,1
470,3,0,2,1,0,13,0,10,4,1,101,13333.511881770974,0.08690722335728882,0.17007440958123443,13.73447479549889,0.8643582651776645,0.12350513277574293,0
279,3,0,1,1,0,14,1,9,4,2,74,5041.57106141176,0.11729098842994709,0.12746840252444447,4.279097429037303,0.8698582740705237,0.767543745538857,1
792,8,1,1,0,0,19,3,2,1,2,99,7938.379103930141,0.18139279735249245,0.15930695511913068,23.233751770839806,0.7466851113877696,1.2046176280492369,1
798,8,0,3,1,1,19,5,10,4,1,117,11139.110835355394,0.14730152970793564,0.08735978408467106,25.283912331912795,0.874402408793327,0.8533670293498189,1
289,2,1,1,1,0,1,5,10,4,2,71,11484.831179863482,0.1419647490133258,0.13750625286805607,8.047223119642949,0.7742380491533782,0.2617874018049546,1
438,4,0,3,1,0,7,4,2,1,3,94,11995.180896110549,0.14568937121494238,0.12423923540332998,13.754867978715387,0.8585321270217774,0.46793896701521026,1
404,4,1,4,0,0,22,3,2,1,1,99,15934.042440265886,0.1873569814756721,0.0943953327128666,11.757226469075285,0.7732114586151576,1.1189859829511133,1
786,7,1,3,3,2,8,2,10,4,2,43,8816.645415603203,0.12274781451361497,0.05121616003306122,23.704939302808224,0.8217162114539958,1.1082571322575852,1
851,8,0,0,1,1,5,0,5,2,2,63,5649.933171949559,0.06908477768988591,0.1318344515101635,25.637091530002497,0.8895863468599777,0.7521679960094207,1
848,7,1,0,1,2,15,1,4,2,3,111,5655.388877644007,0.11563580062053375,0.041755911017457896,24.34072458630542,0.8291737297629038,0.7570193880380005,1
1043,10,0,2,3,1,4,1,5,2,1,93,10122.983609121966,0.15662212828934988,0.11016944562601699,32.13314554093009,0.8599437917380849,1.2478251636731559,1
887,7,0,2,2,0,3,0,11,4,2,146,8604.873488131383,0.11874149024604794,0.1067178824785886,27.9799521832725,0.8785432822739135,0.8010300156311788,1
475,3,2,3,0,0,19,5,5,2,3,133,14957.964224686657,0.09012203589753442,0.1540755853840125,14.161572807578109,0.7101110704233038,0.9632721222654522,1
279,4,2,2,0,2,2,2,5,2,2,64,10131.181634747034,0.14661278591261143,0.2177372085053441,9.06685813138978,0.65604250251192,1.051619534125666,1
745,8,1,0,0,1,21,3,5,2,3,149,9423.448735526845,0.11203676045432734,0.19444021579571943,21.79345268667898,0.762085360687479,0.8712102711539592,1
1022,9,2,4,2,0,5,1,1,1,1,134,14348.28367986817,0.19405124181157962,0.21551508601795477,31.620591178651086,0.6356951524767095,1.386460573927745,1
1077,10,1,4,1,1,2,4,1,1,1,86,13553.300115431573,0.09634248814687135,0.21116867518036211,31.728841450774624,0.7616199765027449,1.0241706886228414,1
391,4,0,3,1,1,17,0,5,2,3,108,12566.547071644893,0.15479790778060984,0.053340293516450726,12.562298071172625,0.8863378094163228,0.43774250599424924,1
397,4,2,3,2,0,4,4,1,1,3,70,10328.254316948422,0.1288115183871822,0.09075052914149051,12.961406334174898,0.7211970786120973,0.5521516476975357,1
214,2,1,4,2,2,8,5,10,4,2,48,6816.065549243851,0.052410363743907826,0.0934577645241928,7.616588657838792,0.8343593422793547,0.8362189061392955,1
309,2,1,2,0,0,8,2,6,3,2,66,10809.694858639277,0.11516126679764466,0.05278369818539855,10.138931202571925,0.8244247657576306,0.4443131046232617,1
690,6,1,0,0,0,12,1,7,3,3,120,5389.182047465794,0.04466619874647096,0.19239710376699584,21.72184533695218,0.79332151386894,0.7677989885637161,1
683,6,0,3,3,2,11,5,5,2,3,102,10441.748999210828,0.16637307249702823,0.2011592805117504,18.866216461713933,0.8146104411460496,0.9116902943243328,1
521,6,2,2,3,1,4,1,10,4,3,88,14217.293826567124,0.15752481363636084,0.14889531976068762,15.07963313121307,0.6821109399713281,0.9701223591071042,1
465,4,1,3,3,0,5,1,6,3,2,92,10180.154937128813,0.04808189407038521,0.20037836684992802,12.189872551296583,0.7881928825858591,0.5366888312502005,1
943,9,1,3,3,0,4,2,1,1,3,127,4821.7154046673195,0.11995115417533658,0.16858644949441626,26.688005107804653,0.7701580783486113,1.2772155095175142,1
603,6,0,2,1,1,1,6,6,3,2,116,4375.815182455494,0.19384631400916055,0.11929970976622328,20.09879330301178,0.8390842893010773,1.2442310365536722,1
923,7,2,1,3,2,15,3,3,2,2,109,14325.866018984598,0.0855422048363075,0.06697559127144878,25.90635893692641,0.7513669917515096,1.5185903422785787,1
1066,10,0,2,3,0,11,1,8,3,3,95,6691.401710057758,0.18468852757238396,0.21252939979968324,30.70079631516619,0.8012519326825698,1.4328437445468292,1
471,4,0,3,3,1,2,3,7,3,1,40,10308.38820020518,0.06417482556275461,0.164610166095517,13.927694318222333,0.8770467537537777,0.3167527164716882,1
366,4,2,3,0,1,7,2,6,3,3,76,13321.467513528229,0.04105639260471664,0.10375310361302592,10.336407906482906,0.7548357267020158,0.935383587692469,1
1056,9,0,2,0,2,16,4,5,2,1,53,7038.532775422046,0.12488342163616131,0.06314804784969967,34.10375842455035,0.8953858387313626,0.9833179067909995,1
764,6,1,2,1,2,6,3,8,3,2,125,12849.35418465124,0.07827892927413244,0.18381455752100617,22.17715307495222,0.7820579309421877,1.4316349496604381,1
447,4,2,4,2,0,9,4,9,4,2,78,4903.510611168119,0.1806758723287502,0.184362695984794,13.897366096074236,0.6557326442589051,1.3814115953474495,1
752,7,2,1,3,1,17,3,11,4,1,66,12983.359471263986,0.14782752071443447,0.1377416527920804,21.65290810465561,0.6914938719220682,1.2121254566643738,1
653,6,1,0,1,2,16,3,12,1,1,93,4767.879413105606,0.14990245660934506,0.2199922764304163,17.589768508844976,0.7335473701321074,0.43666438565604015,1
1013,8,2,3,3,1,16,3,1,1,1,92,7325.674783370161,0.14772486444617175,0.1095556548323838,28.983438843358083,0.70422376632465,1.175121029306297,1
415,4,2,4,3,0,9,2,8,3,1,142,7080.450691599364,0.14863322730166295,0.20957169093793301,11.659479916430211,0.6588077867921818,1.291796273690805,1
1092,10,2,3,3,0,11,6,2,1,3,59,14696.97941614946,0.15953837703319157,0.1534471723218148,31.86686239121468,0.6791565027902471,1.4739701653250004,1
1041,9,0,2,0,1,20,1,6,3,2,130,10413.760080242184,0.14718202453050405,0.17255602972040043,29.07466768621307,0.8361178755870929,1.03747208245909,1
346,2,2,1,0,2,20,5,9,4,3,63,14116.90741030436,0.1734840440916366,0.20507386919390444,10.068551034089213,0.6496489390215066,1.167815474085759,1
331,3,0,2,0,0,1,4,7,3,1,128,10987.35539654591,0.12929954192395393,0.1896072477784317,9.50637107716949,0.8364919446339265,0.804750550719149,1
670,5,2,0,2,0,20,3,10,4,3,99,13682.861057285158,0.09611011581788313,0.09196022237362872,17.781279280098254,0.7353683478138197,0.8226812463007187,1
221,2,0,2,2,0,21,2,11,4,1,99,10616.10135622661,0.11469554746946894,0.19610225116959124,6.7433168437236555,0.8401409906124229,0.5848467857267077,1
454,3,0,1,1,1,22,3,12,1,2,117,9398.962446664707,0.11043760512512715,0.13714757398920788,14.062047699560951,0.8685866693985492,0.9377773706722875,1
580,5,0,1,0,0,6,5,9,4,2,50,11895.725074930355,0.09320100877247234,0.048069193244839215,18.70043445085699,0.9164284090922098,0.9053918807291084,1
1071,10,1,2,2,0,12,1,9,4,3,127,7437.38701463237,0.10647489960034925,0.1612872300290734,29.27986211688545,0.7795070416667598,1.124771034327179,1
1092,11,0,4,2,1,1,4,10,4,1,122,15024.845840781478,0.10159788028469927,0.12994557653577546,32.259761716275456,0.8758054444307863,1.2490087511339163,1
319,4,0,1,1,2,2,5,3,2,3,61,14897.640683984802,0.05778244491514435,0.13659228225011244,8.34980450442353,0.8925313727756344,0.6993127059587472,1
1000,10,1,4,1,0,13,4,4,2,1,49,4872.794488985367,0.17288836816951203,0.11407456099689958,29.533011452966363,0.7708666818751148,1.3217608124220683,1
263,2,2,2,2,1,4,1,5,2,2,119,15001.45492213964,0.16103451699708607,0.05153534023565762,9.387315789848799,0.7243435642452652,0.8147891058985811,1
868,8,1,4,2,1,5,3,9,4,1,50,6182.379747411769,0.09400619714098779,0.07243840326479228,25.16944282494683,0.825099929817399,0.7317974457326135,1
957,8,1,1,2,2,7,1,5,2,3,103,12175.276331420977,0.19122112625005408,0.17616182823085108,27.814161599552534,0.7346776704835927,1.0291606333964045,1
999,10,1,4,3,2,11,6,2,1,2,68,13877.252568780425,0.19189800650615474,0.08216117793976804,29.294586546632264,0.7766733669993348,1.214694479992496,1
385,4,1,3,1,2,3,2,10,4,3,118,6894.863057473036,0.1770751559230749,0.15299080475567686,13.682698001280285,0.7514703176945617,0.6076954689011922,1
1001,10,1,3,2,0,19,2,9,4,3,141,5351.86384338453,0.044699654217672274,0.1375348474094201,27.58238714578678,0.8179944742678085,1.2417153236820246,1
286,2,1,2,3,2,16,6,8,3,1,132,13074.144740456959,0.09939487906751866,0.0798517287351992,7.658675882071422,0.819339026488777,0.9041874616522305,1
657,5,0,2,0,0,18,2,11,4,1,122,9309.146140391309,0.11317385068350466,0.09050283461804379,18.250746870505246,0.8883454916143032,0.5560360588496305,1
611,5,0,2,1,2,22,1,10,4,1,110,9840.20138023383,0.15499460519557887,0.10904217114886414,16.0135416202159,0.8611834506450007,0.20522347934892526,0
470,4,2,4,0,0,14,6,11,4,3,48,13142.333608956225,0.1415699735097907,0.1984335508882192,15.291082891978945,0.6669984140208955,1.118045244938129,1
200,2,1,3,1,0,8,4,4,2,1,144,7045.551874016359,0.14854057817430016,0.20943511305148638,3.8994332676908123,0.7389109389483961,0.7841911494544197,1
890,7,0,0,0,0,23,4,2,1,1,141,5165.821928458445,0.1627541462082528,0.1096159866472802,25.669716533129243,0.8574334402150101,0.8395593467608432,1
488,6,0,3,2,0,13,0,5,2,3,46,15492.876688729475,0.19174966865105775,0.04830717390138122,15.147627049833257,0.8719744208514024,0.4955662273920407,1
788,8,2,4,0,1,11,3,10,4,2,126,12395.909760163147,0.12824133876000832,0.14816170627236308,23.035736460656267,0.6956186297354328,1.1127750854484295,1
557,5,0,3,2,1,9,3,12,1,2,51,11825.614939102179,0.1846467943184193,0.1151636447116628,14.576778163944914,0.8450853024364631,0.9746680088263859,1
523,4,0,2,2,2,0,1,2,1,1,106,7995.306357075774,0.170371021611783,0.12861675366331612,15.161245861767654,0.8454555011262054,0.7950520592864809,1
995,10,2,1,3,0,22,3,11,4,3,67,15948.472248557657,0.09406787972999565,0.11955107644579921,29.270012438171037,0.7238714697208922,1.2001359483336909,1
266,4,1,3,1,0,19,1,6,3,3,53,6670.529588499667,0.17018727475030979,0.15782324017894026,9.570378255283808,0.7523952682818376,0.41241936181616623,1
857,7,1,3,1,0,16,3,10,4,1,65,6137.186115739301,0.05877524351568873,0.09479922121605412,25.971965196768494,0.8308914908707157,1.0973418217688253,1
867,7,2,1,0,0,5,5,9,4,3,75,7819.407338953428,0.06540153982546748,0.20067364961454318,27.948921626131686,0.7002661647519952,1.0293496662991615,1
529,5,0,2,2,2,22,5,1,1,1,78,12867.454484485776,0.19878055767888775,0.11582488230829685,16.05302411764153,0.8384275520057669,0.8448908554169416,1
421,4,1,1,0,1,4,1,6,3,3,73,6844.124251194746,0.10859017619619235,0.10149905560270789,13.386048698585858,0.8054598456904949,0.7868762851167928,1
184,2,2,0,0,0,5,1,2,1,1,90,7753.137660750392,0.11369888384045099,0.20613009742057453,5.21138341368755,0.6760769584325385,1.3047608367236334,1
1041,10,1,0,3,0,1,0,5,2,1,110,10355.527424301808,0.19216493882081961,0.10446572343405597,33.44881202882746,0.766516201985306,1.1616846481242098,1
1051,9,0,0,2,2,6,2,10,4,3,91,11799.35780241793,0.09789436578614275,0.05495313981917214,31.270217675269933,0.9112186224776083,1.4296255018981006,1
401,4,2,2,0,1,7,0,9,4,3,104,5790.593515243969,0.0779146555835524,0.06796049142516412,12.029566621035139,0.7543561838460775,0.9802760191676071,1
209,2,2,2,2,0,19,0,9,4,3,82,11855.670504555856,0.05245147798997575,0.16857309928179626,6.948693381331445,0.7205389402277026,0.6508830654858933,1
292,4,0,2,1,2,7,6,8,3,1,70,8572.662176656448,0.12361916835268524,0.1412185923229762,8.510259875849087,0.8608230076959523,0.31775943928060657,1
242,2,0,4,0,0,22,5,1,1,2,56,8153.862865698973,0.07195026288634743,0.13623108530735684,6.56888054218588,0.886318393312833,0.2456514832740769,0
944,9,2,1,1,0,7,3,7,3,2,74,4948.2163383166335,0.050368965554834784,0.05475839869359362,29.089935470507257,0.7726926860882072,1.3594373058762812,1
1000,9,0,1,3,2,12,5,6,3,3,61,15687.535387392461,0.1700911135122725,0.0695337169626343,30.79447008991817,0.8721688262862919,1.0306102732432094,1
321,4,2,1,0,1,14,3,7,3,3,97,12317.446559286522,0.0925755066146556,0.11131860282671974,10.763847275513328,0.7282476507513811,0.458585636552342,1
867,7,0,1,1,0,19,4,3,2,3,112,5198.574594720537,0.13270242912454402,0.12064102358787626,25.51957018228341,0.8659954462794108,1.061137932685733,1
344,2,2,2,3,2,18,6,9,4,2,132,8394.841704291804,0.05674330236497561,0.10778478991195994,10.177144400291178,0.745962358475379,1.2943071289823038,1
517,6,2,1,1,0,20,0,8,3,3,72,4960.814915922316,0.1208932212881276,0.13049396489279946,17.15777024607468,0.7068757662185827,0.593635008767645,1
731,8,1,1,0,2,22,2,5,2,3,53,10498.385149221369,0.14109441800466893,0.17203870654091236,21.12407150601898,0.7590900939544885,1.3631587555983806,1
842,8,0,3,1,1,2,0,1,1,1,129,12401.756973207579,0.1119781777510711,0.1544267803934146,25.359566089925277,0.8601177688349814,1.3733434549978456,1
984,8,1,4,2,2,2,5,1,1,3,119,4678.62544255558,0.0939970906265997,0.15003137951989107,25.60105587596568,0.7901871884340792,0.8546742013702382,1
221,3,2,1,3,2,10,5,5,2,1,74,15066.019586204637,0.08975280550389303,0.14040018710700905,7.904071810319314,0.716431153325094,0.7817309930408652,1
360,4,2,0,2,2,3,5,7,3,3,149,8489.621730260558,0.057501400464714046,0.07616708780322876,10.13454848100877,0.7598491802794257,0.6814509498968699,1
438,5,0,1,0,2,11,4,12,1,1,110,6817.518718074984,0.05851059355656395,0.14883456840318193,12.619045278416204,0.8866946771181143,0.8469721640615653,1
465,5,1,2,3,1,14,3,9,4,1,122,5558.272230535222,0.11931138606401795,0.06852209474172051,14.090563099191995,0.8154749336374177,0.7203916128096649,1
1098,11,2,4,3,0,6,0,6,3,2,78,5747.523266725794,0.06221268062156254,0.168324674811362,34.03766203196787,0.7162581900551839,1.4637727269956418,1
895,9,0,0,2,1,2,5,4,2,2,88,14197.55865378672,0.07575213471523368,0.1214117529183934,30.0228333110213,0.8912762505648678,0.950433037715296,1
474,5,2,0,3,1,23,6,3,2,2,78,9760.597292228902,0.0663708275879937,0.144662910751153,12.610042123986922,0.725034817747384,1.3719796031588494,1
1074,9,0,2,3,2,8,6,2,1,2,120,13581.38611980753,0.16839749781346944,0.19530302629271395,30.843744625281598,0.8163347641522174,1.1309908249611555,1
639,5,2,4,0,0,20,2,1,1,2,129,6724.937317104525,0.11195473082750432,0.1071575125512863,19.09021205281353,0.7213994904795442,1.0642384203808242,1
640,6,0,2,1,2,14,1,11,4,2,134,7815.432626241434,0.12841432502388384,0.05795724453208227,18.370035052690714,0.8961327936998152,0.681643808707888,1
579,6,0,4,2,1,15,4,1,1,1,76,8951.377233508028,0.1332733036907688,0.20045146110375264,18.639967873811095,0.8298238558424653,1.0179527973970839,1
312,4,1,3,1,2,18,0,11,4,3,124,9454.217534024823,0.10342157965068241,0.10569708178737136,9.609171574046423,0.8058966023528759,0.4844436749886288,1
1039,9,1,0,2,1,6,0,8,3,3,115,5172.151580467819,0.0877489681029324,0.11317423401118656,32.00447774286485,0.8095845590486465,1.1287170797742307,1
192,3,0,2,2,1,5,5,8,3,2,41,4540.031599515554,0.10119128159004098,0.0932842247762915,5.954442994354501,0.8924860221351504,0.18952402208263183,0
340,2,1,3,0,0,23,6,12,1,2,127,15950.747349734127,0.12557171158717212,0.11563050835671301,10.401229335428203,0.7914590010252517,0.4085173948912614,1
391,4,0,2,2,2,16,2,10,4,3,54,11998.515952801645,0.09737236169172318,0.13377473714476676,10.740918531481878,0.8759838055235796,0.12024586065473808,0
436,4,2,0,0,0,7,3,2,1,1,54,4657.235278905296,0.06185854790075695,0.19179603200196807,15.398590052259914,0.7058554390437737,0.7916268667729393,1
301,4,0,0,2,0,15,3,12,1,1,51,13270.781655623308,0.18618991074298036,0.16962885141225362,7.481461249472741,0.8198815570301446,0.7499914828649062,1
196,2,1,3,1,1,9,0,3,2,2,100,8333.36757755627,0.15718499870300962,0.13239056408693256,5.108577760025254,0.769690996744526,0.2169909705600344,0
803,6,2,2,0,0,20,1,7,3,2,43,13557.524981215152,0.05060317767443824,0.17749242594563489,21.827118085277107,0.717356978370967,1.3475369937051824,1
1071,9,0,2,3,2,12,2,8,3,3,95,15397.62486743021,0.18491199202230993,0.19260247349723006,32.74456866856758,0.810118490516207,0.99111804857867,1
292,2,0,1,1,1,7,5,3,2,3,118,4318.878523905717,0.06727443040295028,0.05046674554394382,9.131743218301022,0.9270164708238976,0.08752324680937296,0
452,4,2,1,0,0,16,3,8,3,3,98,15571.512929509561,0.055636829358736685,0.1466011911917152,12.03291135658717,0.7289928907522966,1.022766272654926,1
645,6,0,3,1,0,18,5,8,3,1,69,5989.129878063693,0.0677147036376933,0.04778826763855194,20.57022080628173,0.9280236629256896,1.0001253475711367,1
1033,10,2,0,3,0,8,1,12,1,1,76,7566.790811209223,0.1892854249055195,0.09546079022534358,30.3459599305191,0.6918642031911115,1.7648914846324957,1
818,8,1,2,0,1,18,6,11,4,1,119,11523.344163411639,0.07540708438456306,0.17723492845112981,25.191098218359553,0.7863110942239382,1.1843281929684886,1
884,7,2,1,1,1,5,6,5,2,1,77,12591.142592108532,0.16591870811232073,0.18243135957700068,26.80971204752139,0.6632424695398054,1.3332570899872076,1
714,5,0,3,1,0,5,3,9,4,3,113,6042.776063757481,0.1428861160333982,0.19908889799300955,20.49562879299536,0.8261112436881165,0.9076187867963958,1
563,4,0,3,3,2,19,1,10,4,3,115,5641.913773356127,0.12291569253855275,0.1296828262236622,17.50761347525856,0.8663306665570032,1.3567087715702328,1
363,3,2,2,0,1,14,6,1,1,1,97,7438.55311677688,0.09849498194614675,0.05514475315894608,10.579701422592999,0.7508621192027082,0.8440138522062344,1
975,10,2,1,0,1,0,5,9,4,3,80,7907.191805721983,0.054869456943153365,0.06282134102944156,30.064377514986745,0.7670391409123323,1.6275306133442586,1
919,7,2,1,2,1,16,3,12,1,2,46,7818.6653054331455,0.15370476444824815,0.08397570533292556,26.655260590694738,0.7130437885984717,1.1522423899819025,1
203,2,0,1,0,1,7,1,2,1,3,121,6055.7417220451935,0.1031650359713211,0.10699288799642434,3.9002382728834606,0.8854289342145145,0.16071023471656345,0
838,8,1,1,2,0,6,4,10,4,3,73,15649.691115523161,0.12559778242708503,0.1347809486090287,25.10439003322043,0.7828295710337488,1.489361418385331,1
257,4,1,3,1,2,10,2,1,1,1,90,13576.86479167096,0.04828189055387867,0.15626872511401826,7.314758583342088,0.8079522229494464,0.7902128838364647,1
859,7,1,0,2,0,10,4,5,2,2,42,15760.247826167802,0.16415005277574798,0.06925063116049716,27.075986039191395,0.7949696922286897,1.0266365794059238,1
939,7,0,0,0,0,21,5,10,4,1,121,5243.892319091989,0.1507634420628418,0.07401433895354767,25.873515059950606,0.8788499985426247,0.9184218378884793,1
300,3,1,2,2,1,10,3,12,1,3,140,4906.934843613596,0.12468805918612849,0.07113816564733234,10.564759398535395,0.8118781988249426,0.4706971492332617,1
579,5,1,1,2,2,7,0,9,4,2,136,10431.694601351168,0.11940918846519666,0.17588866936441067,17.022316016558932,0.7671159639766767,0.8307922455027247,1
293,4,0,4,0,2,18,3,9,4,3,73,11373.614531662344,0.09392492185270523,0.09437581260437725,9.797968865281712,0.8952646694943128,0.4556505440467838,1
701,6,1,3,1,0,13,6,4,2,2,49,11621.885077184232,0.09478462326412704,0.07000805481992105,19.19146861198795,0.8258432948621783,1.0305564501316986,1
1033,8,0,3,0,1,0,1,10,4,2,50,5119.084676478964,0.05095454698338479,0.1176476299004614,30.013662248922564,0.9041290204022692,1.072365559359587,1
254,3,0,2,0,1,15,6,8,3,1,81,14125.54999739056,0.14987417500094893,0.08455295225923062,7.086666920893719,0.8745077927329192,0.3259828702688205,1
545,5,0,2,2,0,12,2,12,1,3,40,9876.563329097866,0.04719567161983422,0.10647383198238058,18.865996235211384,0.9108487233790034,1.0868705360900708,1
1075,9,1,2,1,2,13,4,8,3,3,59,8417.667326865525,0.04022700469389525,0.18832252399411398,31.06225938727677,0.7971527120903958,1.2789214340807333,1
456,4,0,0,3,0,4,4,1,1,1,107,10053.256897171723,0.04495698971606577,0.10010139722937691,14.984051958803544,0.9147237258745508,0.45000318960774294,1
301,4,1,2,1,0,11,1,7,3,3,44,4485.521732471552,0.07255159548273082,0.07147469145741903,10.921890417097881,0.8351881708769326,0.9891071041150399,1
629,7,1,4,2,0,15,0,10,4,1,108,6580.918862538098,0.13123131436955546,0.08184148141935971,20.719759475814957,0.8041172418949882,0.7950207635030622,1
647,5,2,1,2,2,16,6,10,4,1,135,15981.880348501176,0.1489854721490501,0.04618431111434795,18.3136650651603,0.7321735975314708,1.0009748275512593,1
789,7,0,0,2,0,16,4,5,2,3,149,10630.709651071687,0.10731814121857802,0.20220327933387053,25.729033289595726,0.8407153607513981,0.8357253508802029,1
468,5,1,2,3,2,23,4,3,2,3,146,4942.490909856094,0.10538219184883876,0.16545418257669783,16.730407143837024,0.7781236315085085,0.5463155692475161,1
1059,9,0,1,2,2,12,2,11,4,2,71,7514.0247689072075,0.1322857421383682,0.12340497899020245,31.908960515779047,0.8649391754921432,0.9754148587230751,1
659,6,1,3,2,0,10,0,10,4,3,111,6217.296843467766,0.13549241087453548,0.1409556679868247,19.183626625438006,0.775598364512388,1.508133495893488,1
443,3,1,4,2,0,13,1,11,4,1,45,15096.406806315217,0.1751996133860999,0.08573637658822084,11.825118766298504,0.7825788045115557,1.295171785214919,1
1063,8,2,4,1,2,7,3,9,4,1,66,13674.52470121684,0.17105410642124905,0.11266385102032295,31.73979516965086,0.6923269191512925,1.8077166658730714,1
1030,10,1,1,2,0,7,4,10,4,2,125,10562.84282377645,0.17176419273204607,0.09757041115782927,31.183145907583423,0.7787994282495561,1.495470692862497,1
639,7,2,4,3,1,16,2,5,2,1,62,15421.380012669737,0.17506764763843716,0.18841780998265317,19.83504763785439,0.6564315440705093,1.491891060566698,1
202,3,0,0,2,2,7,1,10,4,1,73,8474.43344521019,0.18077287792345578,0.17381656594186093,4.898348023495463,0.8204347502606075,0.3766930603230359,1
729,6,0,1,2,0,17,1,6,3,1,85,14379.612402437924,0.12885068607039563,0.09109848830029968,21.62375068560587,0.8810228715331871,1.104227333923028,1
690,5,0,1,0,1,17,6,10,4,1,76,9610.50410853708,0.13522674622865244,0.1772046090240358,21.530513095230155,0.8394058901362903,0.5038890667945249,1
316,2,1,4,1,1,22,4,2,1,2,121,14183.583615651309,0.1563561595533662,0.05690805086192845,10.094011040402213,0.8040311053131174,1.0037103302169428,1
763,7,0,3,0,1,3,6,4,2,2,139,14808.259209003418,0.07184120889886253,0.07646252500059596,22.38200105035398,0.9132633197452437,0.6885031416557877,1
953,8,0,1,0,2,8,0,3,2,2,99,9555.573659564267,0.0976737648112504,0.05914827237036224,28.148097338029515,0.9094300832682742,0.7850315000223907,1
277,4,0,0,1,1,18,3,5,2,3,103,6136.01676824704,0.1860244768990838,0.08288433884412906,7.127471806920955,0.8589910329155542,0.5919196067752015,1
845,9,2,3,1,0,10,3,10,4,1,120,6308.486258016959,0.12364198889916933,0.08071489749363597,25.03853948769594,0.7280394011232376,1.8551990045719742,1
309,2,2,3,2,2,15,2,2,1,3,84,7466.355569852466,0.04828601886747569,0.20209981748024808,8.523544898547954,0.7073263736435242,1.3578513636203189,1
868,9,0,4,3,1,17,2,9,4,1,89,6675.294810882113,0.10488956553395759,0.09893011689110648,27.202194763748192,0.8882811429087212,1.081527473014837,1
565,4,2,2,3,0,21,0,10,4,2,144,8659.043735967933,0.06572627251799172,0.1039392352514456,15.620803483627306,0.7436505215037531,1.024335638102706,1
185,2,0,0,1,1,5,0,9,4,1,82,10080.173517166586,0.09700589789927608,0.05795511254357058,4.425239145138009,0.910267545300719,0.4824365552050906,1
1068,9,1,1,1,0,6,5,8,3,2,69,5045.363352394847,0.1271961536472068,0.05187684033072835,32.6144780621513,0.8194171527099292,1.4741892498377587,1
332,2,0,3,2,1,11,3,2,1,3,42,14915.718624334251,0.1208218242810841,0.07948975959060714,9.029716389137658,0.889859787257739,0.06095665798464239,0
728,7,1,1,1,2,12,1,8,3,1,42,4029.182003744218,0.1184750448279519,0.06421830493418225,20.951161034508285,0.8177879926070397,0.9687726035571582,1
346,3,2,0,3,0,21,2,3,2,2,124,5659.484149786474,0.04293423159161122,0.10202979579657154,11.280157430607481,0.7547661876753177,0.5211426768653776,1
1038,8,2,4,3,2,0,6,3,2,2,65,4100.923312461773,0.1112167805330398,0.0734879853329069,31.06632887699251,0.7368828553603239,1.4579710466717357,1
859,8,1,2,2,2,5,3,11,4,2,121,15838.339076627488,0.044634202766893075,0.07207083867421163,25.5562977184471,0.8474827313515029,0.7760014169057933,1
920,8,1,1,0,2,21,6,8,3,2,44,8927.803383552979,0.10477772412094344,0.15655660290358675,26.98898944075557,0.7823995528389615,0.7134653351809855,1
577,6,2,2,2,1,14,1,12,1,1,127,6352.308295278227,0.1435199857442327,0.2095790678269285,18.03964434669591,0.6611054258929774,0.8943193470351622,1
609,5,0,3,3,0,16,0,6,3,3,84,5424.05848426599,0.06014471331307018,0.04224670207953713,18.672834384285647,0.9339238630733266,0.4798760321851426,1
763,6,1,0,0,0,5,3,5,2,1,129,8444.942647937722,0.18668363851587408,0.16700009438363836,22.72964142118188,0.7408423201952195,1.115664698010833,1
901,8,0,2,0,2,14,4,12,1,2,131,15710.78933023562,0.14088183839350343,0.1586555809963295,27.05529381303316,0.8452081612745752,0.7957929907452839,1
959,7,2,1,2,1,8,6,8,3,2,102,10584.701569921792,0.07481578169454263,0.14530980177777053,27.308892206268037,0.7209434874374591,1.0915582803822765,1
196,3,1,0,1,1,17,3,11,4,3,147,8250.610287589405,0.10305402684485535,0.1646136633659502,5.701852619351574,0.7795495394051375,0.7086206663168446,1
790,6,1,0,2,2,2,1,1,1,2,144,8374.490201117784,0.05550516212959563,0.13156590895443648,22.98328420248426,0.8158180180121856,1.0330307800368748,1
280,3,1,2,1,2,6,3,7,3,3,117,5408.038601196342,0.04353012602648466,0.2068451920158693,7.415099959383616,0.7873311068809408,1.1830444034016532,1
444,5,0,2,3,2,15,2,10,4,1,94,10204.086603283726,0.1865378368388999,0.06848048070402879,12.390552296815025,0.8652417571056821,0.9085007351826306,1
943,7,0,2,1,2,14,1,10,4,1,141,9090.306420397093,0.14802944811574625,0.12523926280915632,27.508109975719684,0.8570290800837939,0.7161226999187595,1
410,3,2,3,1,2,20,0,9,4,2,146,12746.214262745132,0.16474337623694782,0.15754690892552653,13.176808706052478,0.6749693716768865,0.9520960372709093,1
913,9,0,2,0,0,19,5,2,1,3,84,6303.371735647632,0.1395476556543856,0.2035657749141512,25.138822835400283,0.8255989562441584,1.1674881358642835,1
605,6,0,2,0,0,0,4,7,3,1,75,5648.050700345123,0.1850824844173484,0.12773840023561278,17.85132642414068,0.8392306019061675,0.5110548088665706,1
394,3,0,4,0,0,2,1,2,1,1,73,10977.527874572559,0.18334701135770673,0.21585932560979043,11.895443226855651,0.8003571483646262,0.5975295796754541,1
487,4,2,3,3,1,8,3,10,4,1,142,12904.089568884405,0.049305368401466584,0.1581669159970544,15.702556162634682,0.7266374720206655,0.6482342659912268,1
668,7,0,4,1,1,23,6,8,3,3,56,9970.00312843846,0.07031519737251278,0.16585825689085526,22.53882522370239,0.8737219455814844,0.5386846253092787,1
883,9,2,1,0,2,11,5,3,2,1,40,13480.396903244018,0.10332638307390313,0.18727729997265385,26.52743791195805,0.6892283426290493,1.7305710454283658,1
737,7,1,3,1,2,21,3,9,4,2,95,14093.037884413117,0.09457432873841992,0.17210529473190075,24.56176496756934,0.7799941694383556,1.176805988202189,1
1038,9,2,3,2,2,1,0,9,4,2,144,14999.555951853936,0.12409160505971578,0.1340728459245118,31.462468735010717,0.7038259970570976,1.389464518223349,1
978,10,1,2,3,0,23,4,1,1,2,75,8538.14872039985,0.08264508827511736,0.1790710729383229,30.713916376189562,0.7822277274539519,1.0894499158441442,1
873,7,0,0,3,2,1,3,2,1,3,95,14852.142679674238,0.16759345887306457,0.046431931432405746,24.495232027648093,0.8836885743625383,1.2540583946203274,1
734,6,1,2,0,2,19,6,3,2,2,51,12508.64653256703,0.041199015702099974,0.20789811227461888,22.259869843772652,0.7879062924104765,0.8888909116613055,1
446,5,1,4,3,2,21,3,1,1,1,130,11498.949585268756,0.16664209319677464,0.18816697561274268,14.817517208760567,0.7403359190357173,1.1539542603971609,1
559,4,0,3,1,1,7,5,7,3,2,142,10645.291214877874,0.10293924425300913,0.15477901152743237,15.483301363634453,0.8640267848988012,0.9165868472822818,1
289,4,1,0,3,2,7,3,11,4,1,109,4236.636701142508,0.04082160139996411,0.05237580496565895,6.078531911735205,0.8580611671354696,0.9785247656930292,1
524,5,0,1,0,1,13,3,1,1,3,53,10723.965787950408,0.1755302830305225,0.09308629269503785,15.968282064754648,0.8591225409234978,0.4265860098686441,1
1032,10,2,2,2,0,17,2,8,3,3,50,13347.89466783002,0.11148071954124628,0.08565307378710349,30.899973327305876,0.7312897930022426,1.0675104905264128,1
571,4,2,4,3,1,2,2,6,3,3,121,15860.41147910767,0.15595626287504472,0.08626449681854549,18.23941919264281,0.7110006581378844,0.8989594264086365,1
284,4,0,2,0,0,5,2,11,4,2,54,9197.376018692776,0.18055179592010404,0.16097842083113564,8.427710250783022,0.8263114024619421,0.7267667023065207,1
779,6,1,4,3,2,18,3,6,3,2,47,15881.894022731105,0.04549003889969217,0.19770490730063944,22.053988175026703,0.7905622742098508,1.64798420848754,1
1065,8,1,3,0,0,19,6,9,4,2,137,6053.063632158763,0.08194592827133526,0.1626934447427512,29.820610584925095,0.7899122821436612,1.4123227095203048,1
978,10,0,1,3,0,3,2,12,1,3,97,15498.399739655864,0.05902265444425783,0.10997675236422988,28.980741316416832,0.9039502669361805,0.7310709736289993,1
432,4,1,0,2,1,21,3,2,1,3,105,11075.861269274945,0.05568162566329607,0.21446255578525175,16.16876632892546,0.7784351183481535,1.045406553755394,1
597,6,0,4,3,1,20,6,4,2,2,114,11950.835106629336,0.19130257468814593,0.19526482417831298,16.206546084262683,0.8060446705100934,0.7760299853361969,1
668,5,0,2,3,1,20,1,4,2,3,77,10884.161964347717,0.1688911006824944,0.16337531368660652,17.976598191528893,0.8304801135339046,0.5750696296237476,1
408,3,2,4,1,0,5,1,3,2,2,65,15794.156733253032,0.09835602560075161,0.11154381680054082,11.871678866251735,0.7255450709194183,0.92853667796333,1
427,4,1,4,1,1,16,3,8,3,3,97,4531.567850652453,0.14996688684860032,0.16308893940751362,15.206320469353681,0.7591248781847487,0.7866435728340464,1
397,5,2,2,2,2,3,2,1,1,1,48,8925.579628920055,0.18711124380559463,0.11343912034936446,13.337223015438687,0.6847523361302683,0.9453105887569844,1
1095,10,1,0,0,0,4,2,5,2,2,72,14502.787991411602,0.07533015901980636,0.06793366083967164,34.67858383711876,0.8355312810632349,1.4191249557120864,1
866,9,2,4,1,2,1,5,2,1,3,105,6005.113865166815,0.04226411801197374,0.1513902468264036,25.927411040611492,0.7328555358227301,1.3408853979768198,1
953,9,2,2,0,0,11,3,8,3,1,143,10835.128150999682,0.1718573345931107,0.1656584113415367,27.01082161960533,0.6681179143294086,1.038868684389637,1
931,9,1,0,3,0,17,2,10,4,2,106,10282.931559101127,0.15563173266048883,0.10287467065695483,27.560941269525284,0.7836721185071504,1.224753254684383,1
1062,9,1,2,0,2,4,3,6,3,1,122,13689.160917716315,0.06564116406751827,0.2072754071212305,31.397724311590423,0.7771875429650631,1.0678190328497343,1
276,4,1,0,1,0,4,6,6,3,2,74,15019.03536035646,0.11834333527761637,0.1937667210451306,8.876306644570931,0.7595504746547639,0.4321216356542422,1
991,9,2,1,1,1,6,6,6,3,1,46,7106.020064762974,0.06566942160718961,0.1449134576278618,29.422164990338548,0.7252377043442269,1.5521143094439809,1
241,4,1,1,1,1,4,1,3,2,2,81,12317.728668226226,0.13641821789266398,0.05084243691870624,8.650986676034774,0.8157327053348834,0.4705449133593061,1
617,6,1,2,3,1,19,0,5,2,3,116,10572.255846006308,0.14361119125149985,0.04309885071836622,17.7825419618823,0.8159804811135603,0.8092687371140742,1
726,7,0,2,3,1,4,0,12,1,3,45,11953.436174926283,0.0842692332022407,0.1551795308192455,20.792672893302854,0.8722480561903312,0.8242132565534239,1
509,5,2,4,2,1,6,3,1,1,2,135,6404.53382293605,0.16493394030674055,0.18648505842356,13.949194098020076,0.6618614505713647,1.170629510962971,1
314,3,1,1,3,2,7,4,10,4,1,72,7272.080678810604,0.1157754158278628,0.13006351002120198,9.709189519107156,0.7893724833679209,0.6229262548471166,1
356,4,0,3,0,1,4,0,2,1,3,115,10598.1571389167,0.15301726580728153,0.044227827070496044,11.095322129434324,0.8912397082050001,0.01,0
938,9,1,4,3,1,22,3,2,1,2,137,4035.346956491901,0.14236978902772557,0.06606919870854328,29.593917738534355,0.8062024555186791,1.208211327914644,1
473,4,1,3,0,2,5,2,4,2,2,107,12597.103287907667,0.11212142913769829,0.07802408665610708,15.903756705613297,0.8144345178927876,1.2824509695127748,1
465,3,0,1,0,1,11,6,4,2,2,58,5938.81835918827,0.08683476193241521,0.15299603206921672,11.987992337643647,0.8720761426992656,0.6926731249621854,1
1029,9,2,3,0,2,13,4,4,2,3,68,15175.622243883914,0.07268870461689236,0.1274907146680034,30.707173440440652,0.7299192613217969,1.413959604805336,1
312,2,2,1,0,2,6,2,11,4,1,91,14327.286242235492,0.15935104518835008,0.05839722266779438,8.764098080172221,0.7220132794647349,1.0200121350419222,1
1022,8,2,2,3,2,11,4,11,4,1,147,11480.213756664147,0.1427109563345783,0.13030139281917252,28.25066182936837,0.6971444428808121,1.635193127007694,1
1027,8,1,3,1,1,4,0,9,4,2,114,14692.692046526434,0.0849507085365101,0.19650870820440286,29.592514052679885,0.7733432624665892,1.055178600158027,1
730,7,0,1,3,1,11,3,2,1,2,107,15846.940682094048,0.1947358676485581,0.11904070117894633,23.89046724503507,0.8388005440276229,1.1343778092192693,1
332,4,0,0,1,0,0,2,12,1,3,128,13299.477943577258,0.16965422891477266,0.06695723186402756,9.577598963235298,0.8735248426495399,0.46364459299290994,1
323,3,2,4,0,0,10,1,11,4,2,55,11519.589654317675,0.06028836174676073,0.1440414210022298,8.741217103579705,0.7280515977629543,0.8913336228348357,1
441,4,0,3,1,0,8,2,1,1,1,48,9391.380994119743,0.06601014613791197,0.20728947008169127,13.14279990218527,0.8570151727011786,1.0120435706902837,1
711,5,2,0,0,1,8,4,5,2,1,104,13762.74760369657,0.12704764973971253,0.060863879966059506,21.80455544156143,0.7354398116324026,0.5588460521236267,1
321,4,2,1,1,0,2,4,10,4,3,105,12453.229527356838,0.05638072807726102,0.06815339467764059,9.68175631694839,0.7639596447602942,0.5366772299436311,1
599,4,0,1,2,0,23,6,2,1,2,68,9671.679884493491,0.1942940808320134,0.14203168802219981,17.51638170677101,0.8286534040156041,0.8044688045950783,1
286,4,2,4,3,1,0,1,1,1,3,109,10000.416128697485,0.14208374481846833,0.101199409248386,6.384796717681889,0.7105225806699155,1.2144908796706504,1
677,7,0,4,2,1,3,4,8,3,1,56,6747.23151750999,0.05058784587687596,0.2012009100270987,21.302580784321048,0.8666950598432114,1.2904979921354394,1
199,3,1,3,0,0,2,3,5,2,1,61,13463.080867584451,0.11095771685799824,0.16829750144035527,6.702200015655366,0.7743351517657409,0.13401227560827111,0
832,6,1,2,2,1,23,6,6,3,1,138,14539.969397281417,0.07551495658953894,0.06647580511255541,25.35635330515995,0.8361041572340575,1.2080510673231128,1
230,2,2,0,2,1,7,6,10,4,2,43,4197.802932768268,0.11847211776056107,0.19672930960828927,4.611481782334277,0.6781593576840172,0.5323290607624845,1
359,2,1,1,0,0,10,4,7,3,1,101,5342.786840092574,0.07952407996027995,0.1556125675184983,9.884388379505722,0.7941885086345498,0.7389887599847008,1
340,4,2,0,3,0,18,2,9,4,1,132,15894.828915194854,0.17308738468919377,0.1288541809223118,11.70438668322673,0.6841262954748224,0.8894561598172273,1
944,7,1,3,3,0,1,3,2,1,3,118,6137.290340351152,0.15537587354267737,0.0861783596382443,26.973781070665005,0.7913005950685853,1.3464984464413658,1
229,3,2,0,2,2,1,4,1,1,3,88,12838.341699681518,0.1850525042849588,0.15694790942438117,7.287579626142396,0.666099813830797,0.8704476027549007,1
574,4,2,3,1,0,4,5,4,2,2,74,9770.112684566324,0.07167321835835475,0.20172745012201992,16.213712852730534,0.6969696991838313,1.3677034731973046,1
723,6,2,4,1,0,16,1,3,2,2,46,10256.214496933912,0.10166275797592259,0.046925726313304106,20.96416786795999,0.753135182069848,1.0007683982372224,1
654,5,1,1,1,0,23,6,4,2,2,53,5300.530410969268,0.16887464752276576,0.10752700075817173,20.611086796419194,0.7756192582735781,0.8627526773470836,1
806,8,1,3,0,1,14,5,10,4,2,103,5654.172892975762,0.09981545610487152,0.2084187121937135,22.70245544173405,0.7612946242656368,1.2295004025708578,1
918,8,2,4,1,2,20,0,2,1,1,98,10934.926207239816,0.10065414129943451,0.1089237002518608,27.297563657043824,0.725689971301917,1.892194747486132,1
542,5,2,2,0,0,21,1,2,1,3,81,8531.557062095279,0.1977661509423823,0.046456654304967954,16.56527207346001,0.7100997376386924,1.2811345067230884,1
941,8,2,2,0,2,6,1,3,2,1,72,13569.545065007578,0.163338109905618,0.05825994230679669,29.088878721691074,0.7202808765044133,1.461776114259163,1
472,4,1,1,2,0,4,4,4,2,3,48,15663.737150366565,0.17773080187693813,0.1643368062242962,13.874707110346373,0.7460695763544446,0.969737581533551,1
1085,10,2,2,0,1,3,1,3,2,3,53,13747.802268144827,0.10511565377791399,0.16602169182627147,33.71528826218952,0.6979881944781166,1.797402967464855,1
644,6,2,4,1,0,19,2,3,2,2,71,8870.992205366392,0.13374696367519417,0.06070810694632303,19.281811470735345,0.7324952182203173,1.2930344784115184,1
857,7,2,3,1,0,16,1,7,3,1,141,9786.16723279734,0.11208857128827662,0.07945888189639286,25.496082868855947,0.7338036460668986,1.0281630776668893,1
985,8,0,1,0,1,20,0,2,1,3,75,5880.25619124826,0.1120469727855313,0.14149712896146752,29.21865900947658,0.8659051542138505,1.0869475164360676,1
909,8,1,2,3,1,12,3,2,1,3,52,12348.299863941083,0.060431861709883405,0.16357593726113956,27.907385877306215,0.7991964904630396,1.1305079046699749,1
963,8,2,3,3,2,23,2,11,4,3,103,9368.301254863836,0.1747412562243692,0.06822224421657169,29.19218329880311,0.7106664248015766,1.3852580719111072,1
673,6,2,0,2,1,21,3,1,1,1,53,14288.604678725487,0.10248678938753436,0.12214882153138268,18.774855289580042,0.7189139750864872,0.9143809676200741,1
219,2,2,3,2,0,19,1,1,1,2,84,11824.355507463239,0.13309190303433321,0.14116633572606258,6.823583665391638,0.6965837925578219,1.0389334581681495,1
633,7,0,1,0,1,19,2,1,1,1,120,6046.518893841771,0.17713149537993975,0.04894663612317203,20.106688646835362,0.8782648408235997,0.8513743579762014,1
346,2,0,1,3,2,2,6,7,3,1,51,8931.795441053226,0.16375636048268796,0.0802761683794962,11.659340264456977,0.8701853620120171,0.25480073372911327,1
997,8,2,2,3,1,17,5,9,4,1,141,12123.387916419086,0.07171807632632843,0.20540123275954705,28.226454108273387,0.695296310911356,1.1529252962276475,1
397,4,2,2,1,1,22,1,9,4,3,109,14295.067424871026,0.13896181849709552,0.19839667956367266,12.693504512133966,0.6681886758726543,1.5457755603456613,1
389,3,0,4,2,1,7,1,9,4,3,140,8209.677922946921,0.11931697428344767,0.09804696095300866,11.019380906622079,0.8821862291435947,0.822393482741602,1
409,4,1,1,3,1,19,6,1,1,3,120,12033.93110832919,0.08162434425527917,0.19623587448907237,12.593386795153313,0.7749629015650419,0.8043061254193883,1
771,6,2,1,2,2,8,4,5,2,2,146,6083.113942191214,0.04653726456161543,0.15385935980453916,21.401276338327154,0.7298215190352304,1.3722538131071986,1
705,5,0,1,0,1,5,3,8,3,2,95,14856.552588955763,0.1407666092836257,0.2166919912272208,20.53657250015066,0.8191436297701191,0.6579964081759464,1
1052,10,2,4,1,1,17,4,9,4,1,41,10902.037639583617,0.1647767863794369,0.21391941043909254,32.06692128323717,0.6495867114316617,1.6123002069417143,1
562,6,0,4,0,1,3,1,5,2,3,46,13223.202663461869,0.19067494587251527,0.15104880394251805,16.02532185039448,0.826224312583235,0.8558558187057144,1
439,3,0,2,1,1,11,2,11,4,3,60,8762.21737386354,0.09679740139991355,0.12421109763656807,14.491144674524747,0.8805461754335833,0.7932262521814122,1
225,3,2,3,3,2,22,2,11,4,2,51,15286.49421826651,0.10387474424567927,0.06561054443896722,5.267985961910189,0.7437316200919091,0.590632319256649,1
186,3,1,4,0,2,3,5,10,4,3,128,12641.281815970568,0.06608090086798311,0.13546312598036325,6.739804798901786,0.8093051879182441,0.5104073382448009,1
523,5,1,4,3,2,3,1,10,4,2,143,5843.889242309852,0.19753856373326303,0.11169376166730172,12.849030781522213,0.7608454535697459,0.737081276405825,1
1031,9,2,3,1,1,22,3,12,1,2,108,10602.226478392899,0.1759339194090628,0.1562092403035735,30.425598814642683,0.6705355781293136,1.761201661238492,1
661,7,0,2,1,2,18,5,10,4,3,60,7261.023661932444,0.19321659663567084,0.05610835774716011,20.770301068550253,0.8678037705277261,0.8048211022096017,1
1002,9,1,4,2,0,11,1,8,3,1,147,14000.314733330713,0.11925554210007142,0.19028519686134143,30.823575270086074,0.7607066674673643,1.0720846174596184,1
273,3,1,1,0,0,9,0,5,2,3,73,13393.892824301054,0.07356502146998808,0.21408060849142152,8.257762888252849,0.7705594665173656,0.601298068059037,1
265,3,2,1,0,0,23,5,5,2,3,137,9934.542402115032,0.13170952859684054,0.07768528967426436,7.883734707505362,0.7257723317780027,0.6681400903374907,1
946,9,0,3,1,1,17,6,10,4,1,115,7623.119496399018,0.0995347065294202,0.15390105644258184,29.175668652377446,0.8659539066625991,0.6634278173036648,1
278,4,1,0,0,2,21,3,4,2,2,88,14232.243589176845,0.09565830892966455,0.18434891778923906,10.056584526187205,0.7739967479764934,1.0394557110878797,1
227,2,1,2,3,0,2,0,8,3,1,127,14205.811941504855,0.05317828544369551,0.13979367144211147,8.42922041395478,0.8131626194013869,0.5516292215891119,1
551,5,1,4,2,0,12,3,7,3,2,113,10062.830689282415,0.05170387435232193,0.20837864227663722,14.95102389246684,0.7829628675169684,1.2673663497580898,1
1030,10,2,0,3,1,17,2,5,2,2,140,12607.082922342024,0.10060776847768163,0.1321359845446725,30.864488226247687,0.7152653111399406,1.0356334153134188,1
814,6,1,4,3,2,0,4,6,3,2,106,7426.007754106524,0.18819176703700966,0.0886985305240679,21.188814245748432,0.7753993660975151,1.3122030852530873,1
271,4,2,2,1,0,12,0,1,1,2,83,8186.198725140403,0.1556837936766757,0.12488803475456967,7.090577911065155,0.6937426772059395,0.5808987457408124,1
950,9,2,4,3,2,1,5,9,4,2,50,15328.67214184182,0.16168937282815288,0.12781592592361826,27.755057468032756,0.6897226155617029,2.176866801077832,1
956,9,2,3,0,0,21,4,1,1,3,149,12835.322051186648,0.07748650823284448,0.0856680638639141,29.79590911012627,0.7465804425564586,0.9400736858032661,1
916,7,2,0,1,0,16,4,1,1,3,125,4865.446395762426,0.1575247377732336,0.18165150242917397,26.328191464007176,0.6673706919089165,1.7288716807295206,1
1010,9,1,3,2,1,4,3,4,2,1,51,9492.801046692783,0.10501106022255158,0.15119439079266445,29.83218960921364,0.7847075470431528,1.2678581066786176,1
400,4,0,0,1,2,12,1,7,3,2,106,8748.938564376222,0.04950249767571252,0.1066663223869421,12.486352596963119,0.9097240309718054,0.4398337249649433,1
1081,10,2,1,2,2,2,6,4,2,3,130,6771.871088744108,0.10317017080292884,0.11589812104272568,31.642694937104636,0.7214192686694554,1.6401398331955253,1
475,5,1,4,3,0,19,1,11,4,1,116,15939.301608674314,0.06100060598917903,0.10690620134591086,12.106388924427364,0.8244419366992095,0.6221473522335657,1
917,8,0,4,1,0,4,2,12,1,2,69,5629.492009386477,0.17659191406903177,0.12062173678391838,26.43646718143139,0.8462538571161724,1.2014233897065039,1
713,6,0,0,1,1,14,6,5,2,2,55,7771.20377818751,0.17444705031598523,0.13505702088298155,21.01828994764123,0.840723167960465,0.9543780823952829,1
897,9,0,1,2,1,1,0,12,1,3,143,14184.623121538554,0.08599502852798807,0.0995668549894408,27.767418521551303,0.896497152417157,0.8820423898487929,1
757,8,2,0,3,0,3,0,2,1,3,80,5587.296015892768,0.13790756844409363,0.18726821939237684,22.873385859499784,0.6736708954735882,1.2917094285836486,1
771,8,0,1,3,1,23,5,2,1,2,135,8513.666710447971,0.0982015549371617,0.2071060830712145,24.031673960072567,0.8426115628962307,1.3460504171132572,1
746,7,2,4,3,0,9,2,5,2,2,91,11610.310726401374,0.06467618789497839,0.1341040539031741,23.541226251881664,0.7305488911908313,1.4411534934545527,1
896,9,1,0,0,2,2,4,12,1,3,123,8042.749107188094,0.14390516982537915,0.16804530290271813,28.523622305270703,0.7596222872723563,0.9788915978474002,1
859,7,0,3,0,0,16,4,7,3,2,66,8905.84863465058,0.1616170629297476,0.20749705252180298,25.61203443173055,0.8138986480468022,1.1395562606810126,1
303,3,1,4,2,1,4,5,9,4,2,106,10601.361051519085,0.1639556385705205,0.07454911325661912,7.809092170409034,0.7926728616777872,0.6663466335613382,1
939,8,2,4,1,1,14,4,8,3,2,101,15432.242734354746,0.06387529374290653,0.07415005693444537,26.41650821164161,0.7578885921951916,1.21674559061765,1
673,5,2,1,2,0,19,2,6,3,2,63,14450.882898712547,0.12201256295922211,0.05306998539033851,18.328284485241593,0.7412128532426977,1.1791205615312155,1
477,4,1,3,3,1,16,3,12,1,2,114,5343.554809303294,0.04382389715191206,0.11957853864455331,12.862767883263214,0.8264689038915906,0.5725196087827724,1
653,6,1,2,2,0,5,5,12,1,2,90,10833.154197139742,0.05442711962055963,0.09960654344585723,19.70349750483146,0.8306848516201124,0.8908369605161255,1
1069,9,0,0,1,1,5,2,6,3,3,111,11839.56090982959,0.05296818449366205,0.1408961294425438,33.99651007055208,0.8927610587287074,1.0906657515043803,1
968,8,0,1,3,1,5,1,9,4,2,43,7909.141964742103,0.049150526968080185,0.12119236491517404,28.92797056559341,0.9033456986525356,1.3496333471669753,1
947,7,1,3,1,0,15,3,8,3,3,53,7170.364247518389,0.09340309584925355,0.07423490340558933,27.620258874866657,0.8245629003353208,1.250620907115286,1
605,5,1,3,2,0,16,6,8,3,1,118,11172.797921196901,0.09722873613650734,0.11041245667613386,19.075321385524674,0.8065614632343114,0.5320925637690499,1
901,8,0,2,0,0,12,0,2,1,3,149,8979.737651915155,0.15165925473123654,0.045201430376859274,25.916249846047947,0.8914126917013568,0.5292149207974552,1
534,4,2,3,2,2,9,1,3,2,3,52,14860.778680308204,0.09278075541820038,0.13672925612116904,16.903073559557324,0.7167204948072837,1.5820194916252925,1
811,7,1,3,1,0,1,6,12,1,2,42,5962.653289576506,0.06246332866843972,0.08879082665545678,25.303602734515128,0.8319356301042466,0.8608253385308491,1
768,8,0,1,0,2,20,5,3,2,3,68,4493.006351435763,0.19150010095842712,0.06022459023108251,23.48132281082526,0.8667238889647206,0.49100937203607486,1
409,5,2,1,0,1,15,0,8,3,2,44,14795.395591387183,0.18007622463771186,0.051854235511036594,15.275652955835533,0.7156312929330632,0.7538750507926525,1
425,3,0,4,2,2,15,1,11,4,1,66,14753.498473605447,0.05987612086460421,0.1686008033218024,13.72248794324397,0.877185384116117,0.8688005751784327,1
236,3,2,4,0,2,2,4,8,3,3,116,9001.242146734581,0.0980445919950638,0.08452129313177209,7.4649941297590985,0.7378453516929238,1.0250221959441987,1
308,2,0,0,0,0,6,5,3,2,3,126,13046.66959824541,0.06689354415759546,0.1585834557111769,8.732879622635823,0.8785353500590524,0.5071198376302062,1
578,4,1,3,0,1,7,5,11,4,2,109,14148.581688809569,0.19345782838927486,0.18679153267913415,16.29223291916987,0.7288877875192159,0.9926254687977374,1
619,5,1,0,0,2,14,6,1,1,1,84,7058.682964470894,0.0969564147367298,0.12999743485854984,18.13258592646659,0.7978707676821242,0.6018225741450345,1
331,2,2,4,1,0,18,3,9,4,3,57,11853.328727743221,0.0556987883068695,0.063949477859721,9.388368358520546,0.7661582802250342,0.44543107035790336,1
563,6,0,2,1,1,20,6,4,2,2,98,12845.799062768254,0.15629503813278087,0.15061861615874134,16.83240114891057,0.841888855568815,0.5414104671218946,1
735,6,2,3,2,1,12,4,8,3,3,146,8289.906865780002,0.15387480258966332,0.05288935254719842,21.485341538246868,0.7269561301884122,1.2785913269108948,1
393,5,1,3,2,0,8,3,6,3,1,62,15351.937492532634,0.07856551291579067,0.18708583571765652,10.911113789485624,0.7804568931149488,0.542139266254366,1
491,5,0,3,2,2,9,4,7,3,2,99,15605.831282775182,0.0914338961472198,0.17707723850671853,14.239286781312694,0.8591699894057278,0.9900140159825165,1
518,4,1,1,3,0,17,3,5,2,1,76,9840.73450698151,0.1064030235986762,0.11237500988645269,13.314868097553168,0.801549884931692,0.5067042640401307,1
644,6,2,4,0,2,7,4,7,3,3,79,4911.99870156127,0.08283200028346363,0.08843714625969361,19.844687406793362,0.7429288840555792,0.8524961795591337,1
517,4,1,2,2,0,9,5,12,1,2,96,15027.62358804115,0.08622203330820002,0.16771980167706402,15.301333679274263,0.7857261742566313,0.8175305359463813,1
857,8,0,2,0,1,18,6,10,4,1,58,10275.693084592,0.1682544627229851,0.142097765608438,25.605527927056155,0.8403414972508596,1.1359373902577148,1
481,5,1,1,3,1,13,4,6,3,2,61,5665.925589007367,0.1602960968362582,0.06611658923727665,15.721375008069373,0.7981142912669094,1.1876241162238785,1
579,5,1,0,1,2,11,0,12,1,2,44,12785.167195477821,0.15082067391527784,0.17665367320054776,16.200589789184875,0.7526365437978785,0.5167171153051939,1
529,4,0,2,1,2,17,4,11,4,1,115,12245.843341665593,0.1498837690951758,0.10011553094097635,14.668057498858214,0.8675003149837315,1.0363765940530953,1
348,4,0,1,0,2,6,1,8,3,3,139,5678.299677479459,0.12350110890621979,0.2008925486642304,8.980439703310502,0.8340228540932975,0.6491513345949548,1
810,7,2,3,2,2,1,1,8,3,1,89,7298.265200842884,0.09614740447376943,0.18930430570745668,25.343412411411713,0.6915467304184482,1.2442017618928212,1
396,3,0,1,1,2,18,6,1,1,1,108,14371.135758554266,0.15528719127638457,0.08964637241800663,12.34769174082274,0.869779896337524,0.7171633190302252,1
453,4,1,4,3,0,10,3,7,3,1,148,15635.022768838118,0.05861883800559504,0.0859456729964515,15.116556472640125,0.8349459700490791,1.1414940355326495,1
909,7,2,3,0,2,7,5,3,2,3,123,8863.024840309388,0.06257128083307073,0.11162011133471797,28.620137186002403,0.741613873524495,0.9579294940308614,1
1052,10,0,2,1,1,2,2,2,1,1,67,5615.034696703305,0.060202433271321534,0.18480697013877342,31.174973730800943,0.8697457684654573,0.9474544858198325,1
797,8,1,3,3,1,22,4,11,4,1,125,8223.761139969434,0.15723488828005178,0.06351773136852261,23.32030622250808,0.8006613211581415,0.9885555341187432,1
1023,8,0,3,3,0,17,4,4,2,2,83,10091.407569506904,0.1346465414981939,0.09688918741491695,27.966493418122568,0.8758089219891001,1.1304184656322607,1
965,10,2,3,3,2,6,6,8,3,1,145,7605.087123066303,0.11202566069901562,0.15863942990497432,28.077152447258044,0.6982007092282045,1.91604277499722,1
622,7,1,2,2,0,14,1,11,4,1,141,11335.603056865673,0.11619701462860829,0.046028300136083986,18.77853385611562,0.8269986083558885,0.9184124632549627,1
888,8,2,4,3,1,11,3,8,3,1,44,4095.082400477772,0.17240949234738354,0.050062027826828115,24.095284250741408,0.7198878159216047,1.3540721272284162,1
482,4,2,1,0,0,7,2,10,4,2,137,13797.717009693417,0.059468764634614604,0.17719079757568731,12.991412626557354,0.713503197005364,1.0824268531049712,1
603,7,1,2,3,1,7,3,10,4,3,66,14135.87403111541,0.1013190848552929,0.13402171866316084,18.569019328390645,0.7940966384166959,0.9166761511809346,1
672,7,0,1,2,1,1,5,6,3,2,93,13402.061180188308,0.1616265928801076,0.1403684186704488,21.55633541260101,0.8441022448022496,0.24426398883662215,0
1063,10,1,2,1,1,23,0,12,1,3,122,7641.216026761691,0.14525429929137126,0.08479551449148834,31.113188789556357,0.7964775837977132,1.4004685813901436,1
960,10,0,4,0,1,22,3,11,4,1,53,11588.462529860093,0.10962347543646092,0.13572103885252124,29.41673360110659,0.869594968569958,1.3399892991846367,1
630,7,1,3,2,2,20,2,5,2,3,41,8382.581264442346,0.07589459354096204,0.1381010231148528,21.61545715681556,0.8037019725048833,1.3231851361431068,1
780,8,0,1,0,2,7,6,10,4,3,84,8671.295385659934,0.1914305941287934,0.11447885244765249,21.559063449752113,0.8423407490405993,0.6190925149637522,1
366,3,2,4,2,1,23,1,3,2,1,103,12509.20317198206,0.10526709805704146,0.21359618650357529,12.134626142363931,0.6765115219477225,1.249471139405451,1
920,8,1,3,0,2,6,1,2,1,3,104,14122.487679301803,0.18045360062457333,0.04886752272102452,27.867453527561654,0.796805494494481,1.6089663574358728,1
688,5,0,2,1,2,19,0,7,3,3,144,13971.899640944948,0.1644528768053241,0.11468704796621415,21.62510063469814,0.8543870338528078,1.4328655021029162,1
670,5,2,0,0,0,2,3,8,3,3,67,6773.050923128145,0.17784480528164795,0.19434759761082882,20.791849817697404,0.6525134186983854,1.2475939790841097,1
884,9,2,2,1,1,7,0,8,3,1,118,11896.34484284645,0.04270751907818841,0.07712855955843928,26.067315054953244,0.7660737646135175,1.5596850678527472,1
762,8,1,4,1,2,13,3,10,4,2,61,7204.833960367875,0.11638262847679892,0.2082995460594567,23.254793547053627,0.753893021458685,1.0030167730211221,1
246,3,0,2,0,1,23,1,5,2,3,89,11541.288283982634,0.08150941229082223,0.11658834754039116,5.921032049692433,0.890856008075954,0.16982695169318807,0
445,5,1,0,3,0,6,2,10,4,1,98,8406.458119321145,0.08384341683603744,0.0681878154358881,13.08300267546361,0.8315859454776335,0.9203243844236342,1
342,2,1,0,3,1,10,4,11,4,2,87,13479.50451488237,0.08317445157190409,0.05675792577118234,9.835097649059707,0.8370304301956111,0.060442765027460044,0
856,7,2,4,1,1,20,4,2,1,2,59,15249.619295014607,0.10229018749535451,0.09887252480095707,25.690620171179837,0.7294767794666598,1.4086256927394725,1
212,3,0,2,0,2,11,0,6,3,3,60,7479.773364805213,0.10571273858450694,0.205550308625523,7.726270546841107,0.8399316287554865,0.9007711946446542,1
366,4,2,3,3,1,16,1,3,2,3,136,14425.771912252098,0.14144643970371953,0.20903721021079885,13.131091256356308,0.6622823575384666,1.2848003983322442,1
729,7,0,1,2,0,10,2,8,3,3,144,12880.006564423973,0.08805832837569215,0.14138760658567798,21.461556037587933,0.8767493292673835,0.905548532588156,1
819,7,0,0,2,0,0,3,5,2,2,48,10792.278238011524,0.08364434338013448,0.061274256859894335,25.726353591177105,0.914786629891987,0.6668561581565506,1
643,5,1,2,2,0,6,6,4,2,2,65,10299.63926233252,0.09769731242439988,0.12218664440316185,19.24181582021245,0.8010522194275973,0.7817313969176847,1
971,10,0,3,0,0,13,0,4,2,2,148,7831.665035799977,0.1498423188696799,0.11519674460343696,27.98373097201547,0.8607324214370974,1.5690809051291166,1
1025,10,1,1,1,2,0,0,5,2,1,52,6439.420760174371,0.04002738809991916,0.08159223414427708,30.79320008698662,0.8452711699901118,1.497291903093917,1
301,4,1,3,0,0,5,4,2,1,2,99,5000.634524399622,0.15950847315627692,0.05368582005730043,9.660108673749027,0.8040625680538902,0.9462989917380313,1
1056,9,0,2,2,1,22,6,2,1,2,71,12549.38776470915,0.09423500031879037,0.10868328536440264,30.38543689356659,0.8886867714425631,1.008712396657912,1
745,7,2,1,3,0,0,5,8,3,3,148,6669.294631439044,0.13219836372013533,0.10693392034370056,21.15658423966116,0.7123904721712738,1.0360858927975558,1
765,8,0,1,2,1,5,3,12,1,3,121,9944.653241507096,0.16184356675816955,0.1667163458048696,22.04258919324714,0.8321480393466323,1.1447720401589399,1
267,3,2,1,2,2,14,0,7,3,1,122,14677.778940030956,0.12173362682132469,0.11096076166570013,7.574056944639691,0.7152875251808388,0.8442594854011956,1
752,7,2,1,2,1,13,4,12,1,2,47,12053.276647238821,0.14354419976495586,0.04236407615962706,21.551917724212135,0.7363412758339376,1.2130396384220363,1
847,7,1,3,3,0,4,3,2,1,2,56,6030.817525701406,0.18719051682129403,0.04360336389923221,26.56596309592541,0.7961427536757633,1.237399459160985,1
714,6,0,1,0,2,1,3,12,1,3,127,12813.445988111536,0.04477860358316324,0.16375278434134627,18.248139446711047,0.8861608754339707,0.8120309402414994,1
257,3,2,3,1,1,21,3,8,3,2,65,6578.0065714578195,0.09592461378783845,0.1589414383340166,8.096683579777086,0.7053102765451652,1.35723645206211,1
661,6,0,1,1,0,13,3,9,4,2,87,13358.913284688166,0.18829666548789548,0.06886342919870796,20.428714118924088,0.8642779573910284,0.35476164434676727,1
1041,8,0,1,2,2,13,5,1,1,3,51,4932.546606316935,0.17398877275267705,0.19592051030003327,29.439346840891723,0.8135408226262804,1.0819615311219144,1
845,7,2,4,1,2,1,1,8,3,3,42,5700.509799172726,0.1386924770162521,0.15927209285217242,24.75854560654555,0.6859159435592089,1.9973857352236992,1
306,4,1,4,3,1,5,0,5,2,3,120,15210.284527188023,0.07668847222368533,0.06772990342487656,9.24210883456032,0.8350117309581472,1.0000052857906288,1
1063,9,2,2,1,0,1,0,11,4,1,59,7363.414871788341,0.0928852860684718,0.09177032462241547,31.480830617963914,0.7369049751891007,1.344714148798923,1
1062,9,0,1,3,1,23,2,10,4,3,58,5807.629636208604,0.17727302020266011,0.21525931016295435,32.342889610027136,0.8033604513354735,1.277951868391881,1
335,3,1,3,3,1,18,3,11,4,1,132,6578.894060668441,0.15172343316511505,0.11339435556209546,10.70384694550751,0.7806969950727554,0.7794088974331207,1
916,8,2,0,0,2,13,5,11,4,3,118,8333.196795459447,0.08570403674576042,0.08261898350903348,26.58528984973274,0.7442546408853427,1.6539503261994306,1
554,6,2,2,3,2,16,3,9,4,3,63,14051.390603907977,0.06115928028883886,0.13434346478446724,15.173604850605244,0.7320237647170122,1.3644330929836357,1
726,6,1,2,3,0,3,3,3,2,2,134,5830.255042743522,0.1649232534566766,0.07699931191447587,21.703345476001704,0.7911348455829814,0.7485243726810316,1
589,6,2,3,0,1,23,6,4,2,3,146,4189.0085747880785,0.13219594875528817,0.18250904162684412,17.111991697048897,0.6783827543280404,1.3061406934023794,1
900,7,0,0,1,0,12,5,11,4,1,85,14379.897741281793,0.19415011038528385,0.18297441118717317,25.85090406393335,0.8102939652923943,0.9600220402408263,1
1096,10,1,0,3,1,12,4,8,3,2,89,7595.904227892841,0.1050385883408631,0.18415177325469134,33.11024096284391,0.7698643372820005,1.3587231635714838,1
911,8,0,1,3,1,23,2,11,4,3,112,4923.005699669036,0.09584431420099168,0.15110848730753942,26.651598172218243,0.868871239321161,0.9719499464744062,1
1036,10,2,0,1,1,2,1,10,4,3,56,4333.200567409813,0.0865209828735807,0.1649280807387205,31.63121706616527,0.7068479213744644,1.5529647131798394,1
1050,8,2,2,2,1,10,6,8,3,1,138,14794.927736326716,0.11710082195082755,0.09785259955795592,33.84700671789347,0.7232709603210474,1.5210011242881494,1
262,3,2,4,0,1,2,3,2,1,2,53,10277.68470611448,0.09163674279545889,0.19819982946565648,8.917749914479508,0.689573542482498,0.8526959002296786,1
413,3,2,1,2,2,10,0,12,1,1,122,11325.989701407136,0.05171049596592663,0.06594910808548235,13.682298534939587,0.7670531781768659,0.8042043149568453,1
844,7,0,2,2,1,6,3,3,2,3,103,11392.672941063232,0.08994064926285045,0.0858076843533424,25.62359805220657,0.9009132498727132,0.7655438045977264,1
722,8,1,1,1,0,11,0,3,2,1,54,10266.32604691343,0.07502174932849,0.2186836529304135,22.29254130620352,0.7678325689834935,1.0382877162751794,1
226,3,2,0,1,2,16,6,2,1,2,88,13231.135356698904,0.17046159940456942,0.21287140852098393,7.778645922303028,0.647500146433501,0.8900019276792381,1
267,3,0,3,3,1,6,3,1,1,2,72,14873.032026670322,0.07769480530004287,0.13137171495553812,8.799085561348125,0.8859200658849885,0.7825236252766512,1
658,6,1,1,1,2,1,5,5,2,2,143,11692.928037629392,0.11341945136302989,0.1298393922435993,20.75115602856672,0.7905335203770169,0.7350141705028892,1
746,7,2,2,1,2,3,3,11,4,2,98,14126.60968206796,0.14763811877799668,0.061027668166761584,22.502818638762754,0.7261003958748588,0.8506331814139159,1
334,2,1,3,1,0,17,0,11,4,1,80,4115.389810336124,0.06387629963719137,0.15873700003136615,8.019494777767104,0.7998240151491491,1.1870972083823048,1
337,3,2,4,1,2,13,4,6,3,2,69,9762.258567291034,0.12500519750975314,0.04558584235740237,8.306651378510752,0.74323403205978,0.8311606787146333,1
298,2,1,0,1,2,23,4,4,2,3,55,11248.570883508251,0.17554991226217584,0.0965823626640632,9.195585876265515,0.7775404762831924,0.9438282677107761,1
699,7,1,2,2,0,21,1,5,2,2,95,6414.778572656953,0.1334529202825746,0.11531029915320748,19.843302666699678,0.7880565512538981,1.1391326246799613,1
187,2,1,4,3,0,3,5,12,1,1,96,5923.562846936149,0.11718183023507175,0.20091734601073208,6.5447647130976225,0.7568553706893882,0.5302939046227744,1
706,5,1,2,2,0,17,1,1,1,1,144,5634.924669070647,0.17422062315288198,0.2143214793630167,22.185332297809317,0.7251560538678457,0.9807916695704891,1
617,6,2,0,0,2,2,4,1,1,1,111,7417.841034619823,0.1915603083806196,0.21531964846038726,18.372050284100084,0.6369040194215468,1.1640940063918912,1
608,7,2,1,1,2,2,5,1,1,1,89,13880.93281699579,0.17135766390455207,0.18379066113529158,20.253615471016897,0.6601832537320703,1.3585476131619698,1
804,6,0,3,2,0,19,0,11,4,1,80,4331.785112501284,0.10534551177612073,0.09219948427627389,23.868620403059317,0.8911047517764223,0.6021247195316124,1
660,7,2,3,2,1,9,2,2,1,3,68,11229.133315456424,0.13787089418708695,0.0481631325086158,20.199525097315778,0.7362846879869337,1.1874913390202273,1
849,8,1,1,3,0,23,1,12,1,3,111,4817.846392453753,0.12426267120481355,0.11661117974386911,25.629520674004635,0.7916067670730929,1.0311204124091902,1
882,8,1,0,1,0,0,5,3,2,3,56,11118.355667810301,0.08852937962945884,0.09353132819847651,25.413505858061708,0.8180726814774291,1.2556007182444828,1
1026,10,0,1,1,0,12,1,7,3,3,40,7026.494074095814,0.10965122063347063,0.1579342095440058,29.84963844155323,0.8595865564201356,0.8741366022200365,1
915,8,1,1,2,0,7,4,12,1,3,139,5888.109478053043,0.17268268471106213,0.10679050427591613,25.30609824865628,0.7742370649558599,0.8496797839368655,1
656,5,1,3,0,2,23,2,2,1,1,43,9589.993281612697,0.08807677485872475,0.2003360722427003,18.383442108738393,0.7702142188043588,0.9150509631845237,1
632,7,1,4,2,2,16,0,4,2,1,65,6773.27608097435,0.1823291291384981,0.10732594145532395,21.998851588260983,0.76965521823278,1.2328230957646167,1
396,3,0,0,3,0,18,6,9,4,3,101,8539.205058319963,0.19862869107330328,0.1080393114775173,9.829013921275335,0.8419993988521307,0.021103440642864957,0
731,7,2,3,2,1,6,4,10,4,3,61,11596.608110830848,0.08908276731767836,0.17664136872420125,20.624997220702564,0.7004241387811542,1.6110360007031574,1
308,4,1,3,1,0,21,1,11,4,3,113,15234.759764381392,0.05963808874018742,0.14620484346066423,8.738555294235578,0.8073706805096168,0.7384186337767418,1
1036,9,1,3,3,1,20,6,1,1,3,100,11413.856908101623,0.19314789581685546,0.08595191752048997,29.95277180787988,0.7744050839981945,1.4066729974043257,1
957,9,0,4,2,2,18,4,10,4,2,48,10084.818611794635,0.06737042554816956,0.1618041212326351,29.107399194441655,0.8768714539486379,1.1473008166144396,1
290,3,0,0,2,2,11,5,4,2,2,90,10684.001027526443,0.16343420942978837,0.1413388683567534,8.097405294842492,0.8428521149960562,0.32784157623921084,1
903,7,2,3,3,2,22,1,7,3,1,131,9665.115801823835,0.04625815658371229,0.0587306978689366,26.324939146869703,0.772755015496308,1.0628981442859071,1
287,2,0,0,0,0,16,0,11,4,3,82,10753.727747534613,0.07769041575522467,0.12410749093992543,7.3332304648569435,0.8891909419871824,0.14641358503877744,0
843,8,2,4,3,0,1,0,11,4,1,114,10842.128839339703,0.08162484976479434,0.20536673277643872,24.813943550609345,0.6908537878564451,1.0288693916524778,1
260,2,2,2,2,0,21,3,3,2,1,103,9906.340607227776,0.08755760512852723,0.07812283430047343,7.570495786890674,0.7454438022569496,0.8946533263362844,1
629,6,1,0,2,0,0,5,6,3,3,90,13460.464084699735,0.187088601659707,0.11463110096597492,18.791165441849046,0.7642261338184432,0.8362525982790301,1
785,7,2,3,0,1,16,6,4,2,2,102,8688.943792975984,0.0680495534735859,0.08967095991510032,25.834811677423204,0.7490257689750911,0.8878699239193746,1
850,9,1,3,3,1,5,6,8,3,2,93,5302.568218131482,0.06778223425417745,0.13664565461744838,25.93459703420558,0.8080074500077684,1.0148938968279932,1
565,4,2,2,0,2,21,4,10,4,3,47,11716.625998901902,0.1506679898736198,0.215520330849107,16.216730941987077,0.6552152556747729,1.3695650802158164,1
1027,10,0,1,3,0,17,4,4,2,3,88,13553.156333392719,0.19237073711996758,0.0957737659168795,28.02995837683246,0.8503349736334188,1.3129605888511944,1
892,8,1,0,3,0,19,2,2,1,2,85,13360.213232219417,0.10228549734904867,0.18991033818874162,26.96159471028725,0.7685118740079944,0.729801122358988,1
371,4,1,4,1,2,16,0,1,1,3,125,7025.579638589507,0.1637005849842836,0.19089325697000387,8.993055344270907,0.7404327711205707,1.5117398713156334,1
797,7,2,0,1,2,13,1,1,1,1,119,11764.251601653199,0.04496574280089448,0.08669481404192488,24.43571837397257,0.7607527494207312,0.9414157275235648,1
852,7,0,4,0,1,20,0,5,2,2,103,15983.051698676256,0.17185019500913098,0.17906919779544467,25.391953480401472,0.8220862732379409,0.5916336355699083,1
486,6,2,2,1,0,7,4,12,1,2,81,5254.78088264429,0.15574350417958704,0.2178619510017425,16.14695028940412,0.6518775451684017,1.5944364898442926,1
859,7,0,3,0,1,12,3,4,2,1,109,10273.063668863953,0.183458504296874,0.21172379182213688,24.643948416445685,0.8021679667464451,0.747354907341543,1
1006,8,0,3,3,0,7,5,5,2,3,149,7664.649335760807,0.1419926853661284,0.14903327650109258,29.70605996599316,0.8490383171597505,1.3828465109889256,1
931,9,1,4,2,1,2,1,9,4,1,132,13494.678889075909,0.19061386306567452,0.0673130505522576,28.91091917424252,0.7839328888719306,1.1117139480943938,1
881,8,0,0,0,2,21,6,8,3,3,65,7896.73237644594,0.10237718551915899,0.06148153904137807,25.26875296785217,0.9062635739477582,0.7554936431822414,1
763,8,1,4,3,0,11,5,4,2,3,70,12803.001121255345,0.15720503115531995,0.08802778582411741,24.010988536037626,0.7896452323592532,0.7976795720128259,1
428,4,2,0,0,0,1,6,2,1,2,94,5925.451577124518,0.1560902733137505,0.1482363344495851,13.54026528258225,0.6830530265064989,1.2665011261708838,1
911,7,2,4,2,2,19,4,2,1,1,112,4803.609561862473,0.08297725770958961,0.10952060404329844,26.611843465885553,0.7333759622112004,1.7146078232132553,1
515,4,0,1,0,0,22,2,3,2,3,114,5249.227970234486,0.1872927262552222,0.16582376816835973,17.046872183448553,0.821097577509388,0.45083841286284665,1
669,6,1,4,0,2,15,4,2,1,3,126,7123.501767222952,0.16466828659273744,0.18180011024456486,20.623926835729332,0.744089221423214,1.1432503227288422,1
469,3,1,0,0,2,7,4,6,3,1,100,14194.171388229166,0.17861628536393015,0.0724758949281136,11.533121691929235,0.7870085188685804,0.9293603252413446,1
467,5,0,2,1,1,20,1,8,3,3,130,5805.2053825123785,0.09801456012775472,0.20295293978868206,15.47589940778075,0.8445646250376034,0.5549997162623077,1
325,2,1,2,2,1,17,0,9,4,1,44,4400.685735945591,0.17460076535929192,0.0509031461939663,8.562900920646337,0.7985232398010338,1.0340848954878912,1
1064,10,1,4,3,1,6,4,11,4,2,63,14241.529968050098,0.09039623370075747,0.08768707266643828,32.95721753104839,0.8198625121347619,1.2940234789858507,1
315,2,2,0,3,1,7,0,4,2,1,96,8498.587080606858,0.1943041680000718,0.18666401222636975,9.44410639892698,0.6485643188981013,0.7918927001686282,1
259,2,0,0,2,2,23,0,8,3,2,97,11064.807715747056,0.043831541818530155,0.07307179923796847,4.445699214908277,0.9273934965245756,0.01,0
1041,8,0,3,2,2,22,0,11,4,3,146,5005.582473312045,0.1390700075763839,0.07962477243978491,31.320574741315955,0.881587348992724,0.7309705026020508,1
690,5,2,0,1,0,16,4,1,1,3,112,14888.134523193845,0.057958321815463114,0.21561814519158956,19.891907225703836,0.6968905898468263,1.2249195870978469,1
582,5,2,3,1,0,0,6,10,4,3,84,10053.317227893018,0.15499730773245154,0.20422558079329828,16.764453113690966,0.6583497001634125,1.2589411443143055,1
858,7,0,0,3,1,5,3,2,1,3,104,5074.835073538795,0.09819012858784609,0.18629668085323622,24.872309753253653,0.8519809357515129,1.0246195737377701,1
532,5,0,4,2,1,8,1,7,3,3,52,11605.734982710468,0.17930249494849554,0.0712841952939557,16.946654626982212,0.867235989390897,0.6114581395444102,1
297,3,1,2,2,2,12,3,10,4,3,83,8386.788581788831,0.1796324017448575,0.08592488654884893,7.91026457786239,0.7804992202678321,0.3640083750161966,1
851,7,2,4,0,0,20,3,6,3,3,42,8240.88463164325,0.09889437976061996,0.08233018757198976,26.530673835801537,0.7384489447003255,1.1914748292310144,1
341,2,0,0,1,1,20,4,7,3,3,56,8898.623085478084,0.16959708431384446,0.07404238098898616,7.950104272467868,0.8703622406137262,0.9206647431489503,1
688,5,0,1,2,0,6,3,8,3,2,85,10097.479909941392,0.14898190034551545,0.2146803717178305,20.46009619395172,0.8163519775714942,0.4897185587679435,1
1053,8,2,2,1,1,2,3,7,3,1,40,11431.911586854463,0.10825070858459399,0.06988507093844436,31.837454932195868,0.7398388992146328,1.3864108479047468,1
1041,8,2,0,2,2,6,2,9,4,1,60,5756.954603317154,0.09491783103260838,0.1744083713418332,31.492214829332063,0.6988032089315013,0.8013852438317028,1
511,4,2,0,3,0,5,6,11,4,2,138,13052.395558890712,0.07364878903507532,0.04918265796587241,15.26826165298663,0.7647258488495735,0.7460030768760479,1
897,8,2,1,0,0,21,3,2,1,2,131,4325.72155687409,0.05011335245704146,0.13788514939290805,26.55710828702588,0.7354006741675226,1.1470425472149495,1
743,6,2,3,3,1,0,2,5,2,2,102,12390.07429226933,0.12277749897641019,0.052752987680624634,21.29264964133797,0.7410112810043343,1.3160071669428333,1
621,5,0,3,3,2,19,0,11,4,2,144,6199.569755484196,0.12640648593208165,0.05111563586518768,16.87520073900845,0.9001150451912288,0.6692992087646329,1
308,3,0,0,1,1,15,4,5,2,3,43,9361.888604195148,0.11104298535365467,0.08144184889019836,8.48245903543024,0.893381824590266,0.015845074987129226,0
526,5,0,0,3,2,2,2,6,3,2,143,10738.612975109218,0.1920955487541501,0.20660861075767886,14.688450757427292,0.8005831282196769,0.5523364898915214,1
779,6,0,3,0,0,16,1,9,4,1,94,11768.55789041964,0.04219041876210676,0.15498943011249466,21.549620473652674,0.8912690680064294,0.7314056755064535,1
1087,9,2,1,1,2,13,3,12,1,1,81,13492.424738763908,0.17604879359625417,0.157252270723689,34.36971573634759,0.6700145210560255,1.2850296710806097,1
184,2,1,3,0,0,0,3,4,2,1,126,10194.358135349274,0.16813143152529234,0.0935780237405281,3.5787925602760806,0.7822307451303808,0.43794618982955796,1
840,7,0,1,2,0,5,5,12,1,2,90,14561.525821832502,0.16140038308064303,0.1702509653317729,26.255874794451493,0.8307568932144128,1.0921045936970506,1
958,8,0,1,3,1,8,3,9,4,3,106,15460.613150506362,0.12398644998090302,0.1626794492845916,26.926723875299196,0.8510003453305274,0.7812346003172791,1
1055,10,0,1,2,0,5,4,1,1,2,74,15712.562319027487,0.07045686051327368,0.12310337921449666,30.53660623617514,0.8928978921225034,1.0556703698148027,1
569,5,1,1,2,2,13,4,11,4,2,97,7834.737663786738,0.1780606990037501,0.16286897287192564,15.72751344378086,0.7465816476559459,0.9189541081318315,1
289,2,1,3,0,2,14,5,5,2,1,54,4386.090165403304,0.15913514473012827,0.19608437913787538,7.072692248855003,0.7401512142593983,0.5270042016871174,1
429,5,0,2,3,1,4,0,4,2,1,63,12589.561241247542,0.17325139430087771,0.21286852473869167,14.396899699509415,0.8062460364321937,0.6234306579468933,1
962,8,2,3,0,1,2,2,7,3,3,101,7022.772377542867,0.07772601172370182,0.21938690272222486,29.221829721507227,0.6862991884993329,1.5382869200003197,1
987,8,0,0,2,2,15,5,7,3,3,143,13212.238165466493,0.12869999889662978,0.12789618831239996,28.89456525233454,0.8645317157559366,1.3667894392478663,1
766,6,1,2,2,2,11,0,7,3,1,60,4060.0065462668313,0.10655347823280958,0.04589556693232973,25.806723282096478,0.8313979296756873,0.8165902467851713,1
292,4,1,2,3,1,6,3,1,1,2,103,13326.198429381227,0.14234742963811645,0.08125206717221081,9.26413841954171,0.7993802264353528,0.7155751679108108,1
292,4,1,4,3,2,6,2,10,4,3,46,4841.728802304019,0.16041723096575516,0.07543280899692693,9.356062001401037,0.793867482016793,1.0915079860868149,1
619,6,2,2,2,0,0,5,5,2,3,95,14552.164384986387,0.06779445895119794,0.094096975015725,17.866708303304527,0.7471488547148846,1.40362944419628,1
721,7,2,0,2,0,20,6,2,1,1,133,11815.747245412556,0.06784611713839223,0.10489038924059166,20.808003891647385,0.7422685721294572,0.9291408105419856,1
209,2,0,3,1,0,20,0,7,3,2,77,5940.545825600921,0.04697710015020372,0.16036190837050268,5.660264054844256,0.8866974461656821,0.37045522185825336,1
811,7,1,0,2,0,13,1,8,3,3,127,10093.863298912604,0.06514960613298122,0.13462401267097318,25.16418034333353,0.8101018715382206,1.2066745233815108,1
680,6,0,4,2,0,8,5,2,1,1,83,10062.416438788554,0.07842771674074701,0.1569540250495781,20.980083627042962,0.8740782161943537,0.9281827258928893,1
191,3,1,1,2,1,5,1,12,1,2,141,14548.462971626908,0.05160297265591307,0.21493111819619345,7.7750380510064865,0.7800596591165521,0.9050996710237289,1
268,4,1,3,2,2,7,3,8,3,1,109,10388.040725386476,0.0969105527848192,0.048832951765984955,7.792139177483823,0.8344154229521381,1.0521200279771434,1
597,4,1,3,1,1,22,6,12,1,1,76,10605.72306495832,0.14802660723929037,0.04259176250338856,18.01793720290896,0.8142217336157945,1.0341652445135894,1
844,8,0,2,0,1,2,6,9,4,3,69,7827.99847691313,0.16689170043906407,0.159790979390983,25.777136123219222,0.8329927940764787,0.9855326492802873,1
939,9,0,2,0,0,19,6,1,1,1,135,12742.051448129578,0.09533060205732805,0.1383256777071681,28.831568837494753,0.8748546741059767,0.7592682448836624,1
576,5,0,0,1,0,7,0,3,2,2,92,4603.5784258888625,0.05341198367396711,0.1268948493497773,16.121363972687575,0.898861925139315,0.46894890459922184,1
451,3,0,0,1,1,6,1,12,1,2,83,15615.43702533441,0.16149957218534533,0.19359895257075427,11.821941473580047,0.8202056638597551,0.5135938764949782,1
1070,10,1,3,2,0,19,1,7,3,2,104,11275.010785352075,0.10258939013914098,0.06859763539969127,32.80486067728699,0.8229658385075255,1.5388247888105988,1
601,6,2,4,3,2,23,5,2,1,3,48,14147.983478942953,0.08022841520865165,0.1432514862413336,19.263198701856183,0.7194340443475066,1.3213552693293493,1
470,4,0,4,2,1,23,1,1,1,2,60,13372.802566423776,0.11531055607157562,0.20774688811800243,13.226453772919802,0.8346241501146898,0.7839234133642246,1
586,5,0,1,3,1,6,3,7,3,1,90,6617.829326489993,0.19517828417185604,0.12025363440312531,18.15189486078582,0.8380556366412584,0.44711383020677764,1
191,2,1,1,2,0,14,5,8,3,1,72,7468.912747081439,0.09962237386367243,0.14438482721664114,7.2655652030353295,0.7901967595138589,0.8643429446406496,1
457,4,2,1,3,0,7,3,3,2,1,100,7336.134779731483,0.1935124919018733,0.05259988384455095,13.192158457605958,0.7092494309141091,0.7735613430864204,1
654,6,0,3,3,0,4,6,3,2,3,78,6706.216726808782,0.08050706554876687,0.10285295012120269,17.88395116268175,0.8974879929485137,0.646107829448994,1
1024,10,0,3,0,2,9,3,8,3,3,87,4190.887506193417,0.056887161603024025,0.0474516952778061,29.37081970451911,0.9330475144036264,1.3654096679331427,1
859,7,1,3,2,1,1,2,6,3,1,125,13923.417410222859,0.06514860848038279,0.14302773816748116,24.593435909323713,0.8063206440084613,1.3370124479552778,1
898,7,1,4,2,2,3,6,1,1,2,126,10454.22976248846,0.16380507837474784,0.14628534604197543,25.89636233636339,0.7604593090124745,1.0617916749620169,1
681,6,2,1,3,1,14,3,1,1,2,72,11094.208660887445,0.12601809863182292,0.21115125912133942,20.27768605230011,0.6682737890110768,0.9521409888308943,1
281,4,0,3,2,2,16,1,3,2,2,78,9900.440716833255,0.13310756006128968,0.1549130841922886,8.97575494762965,0.8503907100858897,0.5796070922427704,1
539,5,0,2,0,2,6,4,7,3,3,110,5492.363073455061,0.19483334349635006,0.04053693381623259,15.857377379492993,0.8740833752093378,0.5621198167852344,1
1097,10,1,4,0,0,13,5,4,2,1,141,9233.234663864354,0.12077397928303435,0.18998219130500782,33.68350302763859,0.7601597232353811,1.0082377285967827,1
220,3,1,1,0,0,18,5,1,1,3,99,7523.598542144445,0.05872334223112097,0.09933813063365554,6.076545336912001,0.8288723372108506,0.3665133379942802,1
988,9,2,0,0,2,21,0,11,4,2,48,14704.702559769243,0.15496243749759872,0.16856890479322093,31.11760927218825,0.6744108959691311,0.7561979160240417,1
809,6,1,1,0,0,13,0,9,4,1,105,12414.497450319215,0.07325621825114288,0.087525134699392,24.817552725758958,0.8276483911722593,1.1401898077921082,1
441,5,1,3,3,2,5,4,8,3,1,119,5951.888685068718,0.13304608236838697,0.1768404685714651,14.64543170442667,0.7605510520770666,1.1766457554861662,1
895,8,0,4,1,1,17,5,3,2,1,143,12423.007979401818,0.17670060247391922,0.20694832114106843,25.961225299922113,0.8073579843732556,1.4394304170146646,1
949,7,0,4,2,2,4,4,9,4,2,142,10580.413104495758,0.1163329720692157,0.05427742949268029,27.63397626596705,0.9032253192971468,1.082039748782461,1
219,2,2,0,3,0,3,2,12,1,2,115,4980.127825117395,0.09028561614425518,0.13798515139007925,7.430570023094204,0.7172781546095495,0.6344327649823782,1
277,4,0,2,2,0,8,5,9,4,1,100,4834.61325087492,0.13208745395312693,0.1372723633010564,8.649576673056018,0.8587880822356175,0.7533757464025967,1
792,7,1,0,1,1,7,4,4,2,2,58,5769.2479788927385,0.060312206605138245,0.09155879001503475,22.803125351081718,0.8316580515209222,0.7557570771646727,1
1099,10,2,1,1,0,3,6,5,2,3,136,13725.96911445429,0.0892102490044414,0.10150138460078428,32.033937471719796,0.7341797648776484,1.0723411085774899,1
202,2,2,4,3,0,1,2,12,1,3,92,13959.388519141912,0.12066284589766027,0.1617089382439786,5.287119438412058,0.6929326971362625,0.8944344784539187,1
792,8,0,4,2,1,22,5,1,1,2,116,11298.168520376053,0.08066418617939826,0.09266999419023574,22.648981210897514,0.9019996188336646,1.0167625892732064,1
305,4,0,0,3,0,16,1,3,2,1,120,4187.515816978146,0.04628129944357271,0.04551289723046828,13.070740364511849,0.9386926114966816,0.12072278087279487,0
778,6,2,0,0,0,17,5,2,1,2,41,7805.45963106565,0.13362255670749737,0.17845351622047997,20.53090115921247,0.6795657671824101,0.9090052082418167,1
753,7,2,3,0,2,1,5,8,3,2,81,8810.904446867573,0.10419957836980515,0.15253472384936953,21.43884081125937,0.7044695640013713,1.2521024088592176,1
263,3,0,2,0,0,19,1,6,3,3,113,7412.62344429244,0.10249764150957276,0.08508187038550134,8.836280590295354,0.8955892196472166,0.5150703006542945,1
806,6,1,2,2,2,8,0,2,1,1,92,10973.531366330197,0.199490047343676,0.21307737863317128,22.79284537241903,0.7143446583104187,1.1475467566355113,1
1005,10,0,4,2,2,17,6,12,1,3,112,4746.535177732447,0.057885445101913596,0.2017170453664625,30.025313793238965,0.8631788792892308,1.8217039832980575,1
974,8,2,4,1,2,11,0,7,3,3,101,4239.639306742763,0.06466810204899356,0.2135876542714739,29.305805836654525,0.6947849096557897,1.5056632421297127,1
206,2,2,4,1,0,5,3,3,2,3,40,11054.401786965427,0.1802018907975131,0.1322025392094335,7.459877400101174,0.679418006496874,1.138740345746083,1
406,3,0,3,2,0,6,0,12,1,2,73,7174.364334265347,0.060841865448647656,0.08232996801881864,11.55610738528712,0.9155726749396401,0.12826075965783895,0
401,3,1,4,3,2,3,2,9,4,2,85,12238.350751731188,0.18681965313297877,0.07128925194464603,12.85906524982784,0.7838509927150689,1.0438612817913677,1
597,6,1,3,3,0,19,5,2,1,3,82,13331.114048369776,0.14751373780547342,0.21073423330257773,16.07362213461501,0.738788413001377,0.9007249476224063,1
311,2,0,4,1,1,10,3,10,4,3,44,11332.68600443776,0.12450606478781809,0.20034914848722618,8.257038442308707,0.8338151540262301,0.6039717085857558,1
965,8,0,2,2,1,18,1,1,1,3,42,15876.345663925465,0.0845441090447154,0.17336873513269616,29.188519535434352,0.8639392201201648,1.385085077074368,1
894,9,2,0,0,2,19,2,11,4,1,72,11715.122005234807,0.0975157571314142,0.1318926698980885,29.49414453271531,0.7167662078367237,1.25094252932751,1
923,9,1,4,3,2,4,0,5,2,2,133,13273.003987556047,0.17215273118614882,0.10919336008849728,26.73100348990401,0.7733942589264093,1.001349139959016,1
362,3,0,4,0,0,7,4,4,2,3,148,11692.208004307256,0.04920072772030892,0.16662012184691696,9.356585113543805,0.8828806176947483,0.26601229009086813,1
193,2,0,1,1,1,2,0,1,1,1,132,13665.300501464098,0.16296777712100066,0.04171520324732146,6.288629854741269,0.887892658834255,0.4037603403544729,1
1017,10,1,2,2,1,0,2,12,1,3,143,8687.22282118012,0.17245130965713198,0.13436996984129965,30.826974974388886,0.7619304242257058,1.3260312496603477,1
445,5,2,2,3,2,23,0,7,3,2,141,9212.291793192935,0.1529547054213846,0.16215875787475995,12.84840673688127,0.6781989415167349,1.1706152249054187,1
783,8,1,3,0,1,15,1,8,3,2,115,8022.249859944535,0.04872074635842829,0.17567679712868867,22.34523739698615,0.7990211054307974,0.7991661982827416,1
1016,9,2,3,2,0,10,0,11,4,3,53,10917.735199877938,0.15882478725834787,0.12119460541391638,29.720170890045605,0.693991273297481,1.9764173731857941,1
213,2,1,1,0,2,4,6,7,3,3,80,8495.715460618994,0.15570622385698576,0.17412505302683548,7.030748001860994,0.7515759254022805,1.0708445875528536,1
185,3,2,4,0,1,14,5,4,2,2,120,15854.343510092482,0.04209502016526747,0.057251506009680625,5.6685798823576015,0.7752940632212733,0.9162797514539034,1
184,2,2,4,1,0,13,6,10,4,3,83,11236.044821284891,0.18276533844606274,0.08198943654152943,7.047500064759196,0.7008603512555834,0.532207196467432,1
323,2,0,4,2,0,5,4,7,3,1,69,8028.4102650888835,0.06115133205227508,0.06603028948425413,9.136773307583137,0.9227682703085618,0.8492409931980807,1
227,3,0,2,1,0,0,3,3,2,3,44,10097.992371912063,0.19372514752352768,0.101170828125584,7.895490183045534,0.8472968109578998,0.744325174413668,1
934,8,2,0,3,2,11,1,11,4,1,77,13367.3547601545,0.05132329297507038,0.10195474465440768,28.113115977349622,0.7510248830667348,1.3122159350261666,1
737,6,2,4,2,2,12,6,10,4,3,77,13673.4070376223,0.07808790861695225,0.10730913940248746,21.310336062242996,0.7365713283912521,1.6159303977766832,1
1081,9,0,0,1,1,19,6,3,2,1,129,11645.218129707451,0.15043875061114442,0.12384848047576491,33.04710971901317,0.8565707460108908,0.8523554042750848,1
917,8,1,0,1,0,9,2,8,3,3,126,4027.966237898641,0.061958610316302315,0.11854007238584591,25.870836698332205,0.8187755927840333,0.7550524566608814,1
1066,8,2,1,1,2,2,1,12,1,2,52,14423.357164626519,0.06959480911694417,0.12828494757975287,30.588347056308542,0.7309541094864863,1.4526154905061444,1
399,5,2,0,0,1,21,2,10,4,1,97,14917.624169388047,0.04178746298512925,0.1754673996107775,12.00333031789624,0.7222353118318419,0.5635310136925239,1
444,4,0,3,2,1,9,2,3,2,3,139,14459.789297698575,0.17223681212852546,0.06556301302565545,13.742056951527346,0.8729900786806186,0.3569652854230433,1
961,9,2,2,3,0,17,6,11,4,1,92,12053.392091806585,0.046018768116674325,0.10312718353609068,29.646466926400542,0.7528843217562557,1.462274381686992,1
405,4,1,1,1,2,1,0,1,1,3,145,4325.193422389365,0.14121168251639926,0.040024307569903224,11.279679215131061,0.8184438044611639,0.8228282449040306,1
232,2,2,0,1,0,0,4,8,3,2,50,15409.363089461507,0.1331691725166263,0.04508125417502696,5.7579482589143325,0.739787307988756,0.37698933201090234,1
795,7,0,1,3,1,0,5,7,3,2,75,4813.69024737494,0.12179844168860693,0.1491557706908649,23.815341722351377,0.8580706044292377,0.7216870905510051,1
916,9,1,3,2,1,18,5,1,1,1,141,5793.81093148362,0.10002523597353997,0.19768027928811602,25.860084815925415,0.7660325181322548,0.9204697057853748,1
1070,9,0,3,1,1,5,1,9,4,1,118,11534.813210614142,0.08793001031286557,0.09506374817664989,32.96729768609241,0.897652808679718,0.9140177081675874,1
1033,9,1,1,0,1,18,2,4,2,3,71,9541.712431424246,0.19311160396177737,0.11234119803523346,30.515612818210776,0.7625462391013451,1.0833475548361904,1
290,3,0,0,3,1,22,2,11,4,3,138,13057.096838501184,0.16565732406371034,0.07777775527194142,7.428130509018127,0.8704542142989566,0.6659366447856768,1
890,7,1,2,2,1,15,2,11,4,3,82,11597.731353904996,0.18763721578654372,0.06570394047393446,24.793861679221003,0.7859964796827849,1.0773509588425851,1
958,9,2,3,2,1,23,0,8,3,3,127,4050.2797196296,0.15742367244151564,0.1991376756739413,29.18628766001813,0.6595473933480444,1.4685774002846954,1
822,7,1,0,1,1,22,0,8,3,1,76,11713.779362252573,0.17264142739008284,0.1429816023461209,24.7748683094664,0.7579696366187083,0.9449015738408816,1
934,9,0,3,0,2,17,0,1,1,2,77,14298.63920116835,0.19426806749903072,0.1668774609490518,27.256825998303086,0.8174845121983628,0.6910770219697605,1
950,9,1,0,1,2,19,6,11,4,3,76,14225.756823370395,0.11258312905812376,0.1987404646893737,28.46335224222146,0.7599043828136262,1.173951943101439,1
590,6,1,1,3,0,14,2,9,4,2,80,5888.896596450339,0.18510340374739437,0.14591079045264976,16.571268732955108,0.7510436126099802,1.037497609440617,1
216,3,2,3,1,2,5,1,5,2,3,105,8168.338944757624,0.04689186603039895,0.07245114712637007,6.574112638095574,0.7662956440794539,0.9676863256360326,1
599,6,0,0,2,0,2,5,2,1,3,129,5434.352862430125,0.05725954163934732,0.16839702843526416,19.933808557474627,0.8784545434664248,0.7708198912111283,1
365,4,0,1,3,0,9,3,7,3,3,108,13017.788019086634,0.1184598936232567,0.17460508900994237,13.761936074626195,0.8481207578150604,0.6970709207481437,1
284,4,1,0,0,1,11,2,11,4,2,42,11530.725978790579,0.11263572008448036,0.11451074309925438,8.819572085971135,0.7977840915673193,1.2049004947950528,1
294,2,2,1,0,0,8,0,11,4,1,105,9813.20365323463,0.11011409280627507,0.1510265247943752,9.05505285626461,0.7024867220797073,0.5581366501104055,1
821,8,1,3,0,1,2,2,2,1,3,87,7597.107599668407,0.12595066428406207,0.12721897009869546,25.27606583311948,0.7860736645277592,1.213764076468012,1
644,5,0,1,3,0,12,4,10,4,2,47,13445.177974591004,0.1261396468542375,0.09993989517360151,16.882126110117934,0.8782642060874724,0.7150712920886745,1
676,7,0,0,2,1,11,4,1,1,1,76,13497.201039001418,0.17929035812842042,0.1610349010529496,19.20964658252836,0.8268536333683835,0.6915185468350025,1
865,7,2,1,3,2,22,2,5,2,2,146,9894.161292102453,0.09534605002858758,0.08454143179713954,22.784388521156217,0.7390506331784228,1.1229903881995353,1
684,6,2,0,3,2,22,4,6,3,3,78,5493.048602163739,0.09059855291096924,0.09894474408447326,20.938888255677814,0.7347055163520508,1.2593279835805842,1
759,6,0,3,1,1,14,5,1,1,3,118,9584.308314786984,0.15230323828723996,0.11302397506256567,24.708145028893508,0.8606027539925875,0.9548951702988845,1
259,2,0,4,0,0,20,6,2,1,2,61,14752.801759184267,0.14375631002561057,0.15063164565545034,8.894793338388173,0.8475254199435226,0.2610906956475668,1
963,10,0,0,1,2,7,3,11,4,3,137,11009.024701290311,0.17277551744373312,0.19339673565794552,29.395504556070023,0.8152224861042445,0.5980313386908513,1
592,6,1,3,2,0,23,1,8,3,1,129,13048.009389161078,0.08948450031115851,0.15068499283828155,17.863167426657995,0.791923728082752,0.8202924491971804,1
322,2,2,1,1,1,22,0,10,4,3,57,7536.015610520664,0.04102307460058988,0.17069464434454662,8.850841483349102,0.7247270264746886,0.6950359701123537,1
928,7,0,0,0,0,3,1,7,3,1,116,8117.961974119281,0.19105018945374683,0.09267831330139391,28.492654169374866,0.8523221737601867,0.9627375167663161,1
855,9,2,3,3,1,16,0,6,3,1,142,5405.449648139132,0.04707606299816128,0.1457347102928886,26.358788793974988,0.7332351520190274,1.1533276800829837,1
228,3,0,1,1,0,10,3,1,1,1,139,8113.660916426852,0.1488020709376746,0.0586933184980753,7.274952149285155,0.8866270747539126,0.32372967392526436,1
357,2,2,2,2,2,6,1,7,3,2,119,6035.362023241609,0.09149311868572446,0.12338896014316164,8.870803114713105,0.7233030645270012,0.5344743868129811,1
194,2,0,2,3,0,9,1,10,4,1,120,10467.758009704125,0.1077652888625461,0.16417819050715807,6.626554992512439,0.8576254342836331,0.013475741635567029,0
429,3,2,2,2,1,21,5,3,2,3,95,8725.665895226015,0.1740852443854824,0.07235005389144564,12.309492520769307,0.7091041157753823,0.810489656786681,1
271,4,1,0,2,1,22,2,6,3,1,56,14029.020251690914,0.1071327180381641,0.2023774742692123,9.207941454140643,0.7607204134616806,0.6362550884216791,1
833,7,0,1,0,1,8,5,5,2,1,42,8592.737446561987,0.0630994444965369,0.11509468348392327,25.91994460667859,0.8998126424087929,0.5805987120208909,1
660,5,0,3,2,1,11,0,11,4,1,72,6548.060343803234,0.16070961358966238,0.16080553581823073,17.406565875899044,0.8353181827664481,0.8485928434187021,1
1081,9,2,4,3,0,12,2,2,1,3,67,5010.818423362949,0.04323384272960634,0.12458100965547378,31.69263736912704,0.744483316426714,1.0467365210682196,1
869,8,1,0,3,2,17,0,2,1,1,140,7030.856342777691,0.08395727814942325,0.17180647033951668,25.53968131876881,0.784906313179977,1.0447006559414518,1
742,8,1,2,0,1,11,3,3,2,3,132,12368.359760619145,0.12609177790265727,0.14517458345437623,22.09181377508164,0.7779301373893349,1.0391674059652134,1
648,5,2,4,0,0,9,0,2,1,2,75,11514.770405386325,0.11004219128234244,0.062063041473253866,17.71236394489795,0.7425526452599817,0.7958467235398692,1
230,3,1,1,0,0,22,1,11,4,3,81,11439.35128228242,0.13923653424210433,0.20644860491255035,6.379606119754481,0.7444416873804054,0.7290535239308777,1
244,3,1,2,3,1,8,5,4,2,2,121,14298.048674301399,0.10101563083420953,0.15881091607974776,6.302911983332134,0.7830780538887192,0.16454850493254025,0
747,8,1,4,1,2,6,6,5,2,3,114,7033.712823625816,0.1024935539673834,0.1249730227932758,23.847790292394226,0.7976400404577034,1.014724279299532,1
184,3,0,4,2,2,7,3,4,2,2,137,9649.511137389185,0.09578516161666105,0.16178887526025454,6.495003898704436,0.864091683405388,0.7750529899372952,1
218,2,0,3,1,1,7,6,10,4,1,120,6018.21314280006,0.18196327502926168,0.0869612723435291,6.906536376512268,0.8589839536822441,0.01,0
381,3,0,3,2,1,13,5,8,3,3,116,6625.538155875651,0.042767441775066875,0.1784129599186903,8.91394352716959,0.8804688192378093,0.7336432474970356,1
993,10,1,3,3,0,15,5,6,3,2,125,8451.021591388584,0.1903427147746881,0.11402057353532619,32.4701911753862,0.7630365202604936,0.9924956739344328,1
602,5,1,1,1,1,3,6,10,4,1,138,12484.958799886725,0.09731546803227639,0.1849061226471816,17.351871329512058,0.7730002841942439,0.7553575147685754,1
832,6,2,4,3,0,21,0,1,1,2,82,14004.51275942395,0.09838124091044917,0.08932957341648004,26.388294163826355,0.7355301335528818,1.632448282486519,1
558,5,2,0,1,2,6,1,9,4,1,67,7686.567965387082,0.15614285568797073,0.18225039441017743,17.583168991743847,0.6677230374558333,0.9799391148236402,1
339,4,0,0,0,1,2,3,5,2,3,140,8773.171569839367,0.1021242781961377,0.20320451804961004,10.243056104699036,0.8426020416894136,0.9107300100972564,1
521,6,2,3,0,0,16,4,5,2,1,57,14651.927946418768,0.13866317153619634,0.21654773961601093,18.56237164048819,0.6601550899815067,1.1236280442837085,1
264,3,2,4,1,2,5,6,2,1,3,72,13362.881171281577,0.1845809086537826,0.17980779768874147,8.828224740233253,0.6560250821458641,1.0974796786648586,1
888,7,1,4,2,2,18,0,2,1,3,54,12284.020455698923,0.1753916876041551,0.1667223798656422,25.89440863225979,0.7460486696385912,1.4994697380058053,1
348,3,1,3,3,0,22,1,9,4,1,131,8885.720772419272,0.12245866841746847,0.13358955424166255,9.88857385270542,0.7847782998033911,0.8878276034334016,1
526,6,0,1,3,0,16,2,11,4,2,140,8092.708410596913,0.15466434046600636,0.059032171830856225,17.48044977137276,0.8838365694664119,0.6358320978647731,1
1081,9,0,1,2,0,18,4,11,4,2,86,12681.156184304109,0.10278955921686275,0.14077370213350646,31.403556349480283,0.8703965323923338,0.8416705646478351,1
724,7,0,2,1,1,11,6,3,2,3,50,5119.917680902233,0.1641670650929365,0.1413855437735462,21.398353282444795,0.8425013260100828,0.46470591911726206,1
601,5,1,1,0,1,8,6,10,4,1,65,10521.595609471427,0.0672293498799383,0.051652094958699976,17.0994503861119,0.8465033498226128,0.4289647349290505,1
679,5,1,2,3,2,14,5,2,1,2,103,4729.662788477126,0.047301085029692144,0.16431271948585416,18.96164862717311,0.8047737879680041,1.3038954327126038,1
901,7,0,0,1,2,8,5,10,4,2,77,11480.051180948276,0.12651722814700123,0.06680963885733077,25.677166492874242,0.8930029098480505,1.2504011456011785,1
414,5,0,1,3,2,21,2,7,3,2,122,10820.937173305174,0.0744541895690348,0.14739014607750509,15.021684906155503,0.880170048959057,0.6336828901092346,1
765,8,0,4,2,2,11,4,11,4,3,127,4717.512526609389,0.15659615085810602,0.1250739816598327,24.540670489042572,0.8532484403669276,0.5633065258839769,1
982,8,1,3,3,0,11,1,1,1,2,88,9038.38129363237,0.056211761391247686,0.19750976721757682,29.32449942872445,0.785825312126029,0.9955275842580411,1
706,7,2,0,3,0,16,3,10,4,1,107,6309.399046889401,0.041359222106973466,0.08180399928536673,20.721950345506343,0.7645765503734469,0.8493335795886937,1
590,5,1,1,2,2,4,2,6,3,3,47,13577.466572655998,0.14811253595869744,0.07081726524823237,16.864668458958082,0.8014815894568816,0.7605949438780066,1
313,4,0,1,2,1,13,6,7,3,1,55,14959.393292280713,0.12012791006690665,0.1392108004844078,9.396894731802478,0.8632975802519085,0.2867012012510879,1
408,5,0,1,0,0,18,2,7,3,3,76,7776.134204090258,0.19232246509282938,0.12284372774199795,14.883586987562564,0.8381752132243276,0.7047029869923654,1
1050,8,0,3,0,2,18,2,9,4,2,53,4351.827353273013,0.07959769725817532,0.06903356057796155,31.1806775526256,0.9131159339737384,1.0782998581155716,1
677,7,2,4,2,0,5,2,8,3,3,41,14771.854720313473,0.05972097880009787,0.150468192742258,21.512836065160005,0.7254148728059397,1.6488564607430582,1
457,4,2,3,2,2,1,6,5,2,3,115,14134.267617858053,0.04369698909093748,0.20304712453617357,13.866117822691333,0.7089651488677999,1.0284853881788716,1
564,4,0,2,2,2,4,6,6,3,3,42,13562.184840290147,0.11107957583126205,0.17324569096768308,15.379342163064111,0.8520536299404746,0.7670043716205226,1
711,5,0,0,1,1,19,3,1,1,1,66,8276.545962376502,0.05613070166334577,0.07772026528290354,20.833601226792844,0.9197670648741878,0.7887744583168499,1
674,7,0,0,2,1,6,6,9,4,2,119,4956.478843087946,0.16410295013273682,0.0829131076608142,19.24584289622216,0.868842773992902,0.9699911677828948,1
823,7,2,4,3,2,1,5,9,4,1,62,15698.452016088562,0.051517727101696116,0.14036102185126179,25.892296868607623,0.7336545629711689,1.0804918812228372,1
416,4,0,3,0,2,14,5,7,3,2,65,9920.927106816085,0.18732076967205302,0.1619530851655409,11.649021433807198,0.8228267653230827,0.829866207607338,1
777,6,2,2,1,1,21,6,9,4,2,122,8279.334722737261,0.12653662771872987,0.21621917773937843,22.16109912502897,0.6657598875438512,1.3454998851578215,1
587,6,1,2,3,0,5,2,4,2,3,42,13326.526935927095,0.1514195118309613,0.05886756243631136,18.823182341990684,0.8053708165797273,0.9586895203398458,1
1045,8,0,4,0,0,1,3,3,2,2,75,12048.413213681795,0.06094673692876395,0.1383420864882597,29.86201953299022,0.8903200294623393,1.0194824370345579,1
325,2,2,4,1,1,3,1,12,1,2,98,4502.386949200287,0.054320852125543696,0.21772738289053484,9.089765395794151,0.6975782942427646,1.4491741507806095,1
316,3,1,0,1,0,3,2,12,1,1,47,15500.772147685164,0.0965894042427535,0.05996142163013854,6.350560122620115,0.8295521283571986,0.33485721957253123,1
604,7,2,1,2,2,4,3,11,4,1,111,10672.764716486614,0.12326952628338256,0.2150623569958101,18.307618321365048,0.6677506525243633,1.0200437146006527,1
647,5,0,0,1,1,4,0,1,1,3,86,6258.862826241277,0.13208031221274047,0.12319202852965117,19.73946575361849,0.8651274466659238,0.44201108594382366,1
815,6,1,1,3,2,15,1,7,3,1,74,4191.635917363405,0.09276615332635123,0.16913013888026268,23.095686840169176,0.7821466685070237,0.985042672123401,1
551,5,1,3,0,0,5,5,9,4,3,102,10626.850805958977,0.08362596722949413,0.11654886776714707,17.171135544672197,0.8099213242515115,0.9438886998164301,1
1020,8,1,1,1,0,13,1,1,1,2,44,11128.482974393348,0.19702568677191995,0.1913879403325567,30.02271587865556,0.7252138678029855,1.0926489724539494,1
616,6,0,0,2,1,9,4,12,1,2,106,5195.495830258658,0.08362590719103813,0.2035332201136078,19.91592786519516,0.8507783927129093,0.9338734960932872,1
298,2,1,2,0,0,15,5,10,4,2,90,10539.136694423902,0.06206798532553291,0.06999973313518788,7.760128613652837,0.8405695266926757,0.5838197078790375,1
289,2,2,2,3,2,15,1,4,2,1,46,9180.682610192081,0.09751354630186751,0.1745036243697133,8.115403238314434,0.6975922731977886,0.9404799167367038,1
1075,8,2,3,2,1,14,3,7,3,1,126,9251.523205913832,0.08861941030095946,0.04373311520207789,29.725887423423604,0.7604413635236331,1.085487377083969,1
303,4,0,0,3,2,21,6,11,4,2,89,15703.1396129954,0.10747763216092784,0.08983482561583415,9.463193724973003,0.8912093940004571,0.9213872483851782,1
1052,10,2,1,1,2,4,5,11,4,2,47,7550.628588784277,0.13979419781965474,0.13942165184365543,31.178345296152735,0.6943528676515104,1.5038484355665895,1
435,4,2,3,1,0,12,6,10,4,1,79,14609.926803715047,0.13650366931988897,0.14857690780890917,14.199509297953664,0.6917137402920408,1.4680518543215793,1
265,3,0,3,3,2,9,4,12,1,3,121,8134.230315497452,0.15172638166642974,0.10574796107481171,7.424001927202736,0.8641365457664413,0.41937305610394193,1
460,5,0,4,0,0,12,6,9,4,2,89,6154.020443864762,0.06506961129825312,0.088678873286123,13.59678855453518,0.9108131819370308,0.8289958075780193,1
745,6,2,4,1,2,3,2,12,1,2,82,5827.191865834123,0.04735109823903651,0.07089702870485556,21.195046948769818,0.7667883428752486,1.1389295083847686,1
573,5,0,4,1,2,7,4,12,1,3,44,15287.656655291608,0.16652956795655258,0.0831482800184972,17.111544819621088,0.8676449684112276,1.2650217742775378,1
902,9,0,2,1,2,22,4,1,1,1,47,4279.503384489132,0.0747444223372192,0.06344087259772727,29.72305984602959,0.9178166172792741,1.2131040844790095,1
742,8,1,4,1,1,19,6,8,3,1,72,6629.9276647136685,0.0905064006223474,0.08700988962734436,18.529056452167282,0.8201176693876387,1.3261670015889904,1
548,4,1,2,2,0,10,2,5,2,1,69,8085.687714496053,0.11290875430546213,0.18783027855828813,15.96366580569365,0.7646674352113124,0.6783554316180864,1
763,8,1,4,0,0,2,6,6,3,1,110,11881.598944699675,0.15460901893503548,0.09175400973232327,24.688215058132073,0.7891366370996886,1.6013010299945742,1
1073,9,1,1,3,0,15,3,3,2,2,91,8509.608496325489,0.06617350881056047,0.20338400992912875,31.219383637229694,0.7786991165671399,1.6989559168687425,1
558,6,2,2,3,2,7,0,9,4,1,53,4244.962882691149,0.1843843623974847,0.08414124100722681,17.71660658290051,0.6991634784678797,1.1098410256169362,1
321,2,2,3,0,1,7,4,11,4,2,111,10203.516338668516,0.09144437347064582,0.12855350046485597,10.66021904044572,0.7210009567290241,0.9883235370381381,1
556,5,0,1,3,0,2,6,5,2,1,145,14613.588270368407,0.19722603085425083,0.07016258209972998,16.30016956205585,0.8596751241707086,0.8448633213930759,1
952,9,0,0,1,0,6,3,9,4,1,134,14638.852403652796,0.08566601007817998,0.04307704275193061,27.86954721064943,0.9220656262264502,0.296928322640778,1
380,3,0,4,0,0,5,3,4,2,1,149,15899.14294575279,0.15610448252025289,0.1525972425772972,12.322495765273603,0.8410842237061025,0.9044158497319157,1
1053,10,1,2,1,0,0,6,9,4,2,92,8108.710357134308,0.10026705792034707,0.10079784503990188,32.304971735207594,0.809520793667888,1.4651937984244656,1
721,6,1,4,3,2,14,6,1,1,2,79,5469.553605838542,0.17385403773982713,0.10211351493276327,21.298840960073136,0.7758146012973344,1.002521796899917,1
733,8,2,1,3,2,23,2,11,4,3,46,4834.462396209841,0.11398505478777576,0.11339538266465893,23.222970989131728,0.7176788031464043,0.7315314405002974,1
471,4,1,4,2,1,3,5,5,2,3,114,14405.100303560263,0.1792851017514865,0.17999673107156614,15.147134905320456,0.7383231752296263,1.0629556160335218,1
1026,8,0,3,3,2,1,4,7,3,2,88,12978.565478137745,0.16063018002744148,0.1119534851293447,30.136376031529384,0.8573373506794462,0.7964982878086573,1
213,2,2,3,1,1,2,4,10,4,1,109,11530.884287265593,0.13376457532902414,0.05555321560258478,6.771812499799814,0.734806994080776,0.48335780403245016,1
454,5,0,3,3,0,13,5,1,1,3,73,9961.124196914021,0.0799983887452497,0.09017564786547166,14.574329685251826,0.9034216835251754,0.6811452487461671,1
564,4,2,1,2,2,19,2,12,1,2,58,9488.087942147777,0.08157883504974564,0.14370325827198577,15.88786396227291,0.7186230580052209,1.4110219867045781,1
619,6,2,4,0,0,7,2,8,3,2,115,9927.422716209194,0.19862753464538843,0.21882764287694167,20.11504016704003,0.6321451701149514,1.2671038044907528,1
616,5,2,4,0,2,2,0,12,1,3,82,8366.135658084711,0.18806207951465323,0.06576645796287353,16.973438249529803,0.7057771581351129,1.5685819546665605,1
316,4,2,3,1,2,2,5,7,3,2,98,9696.12593954361,0.062146942361130386,0.09822128740506797,9.758289330776206,0.7478342966052107,1.1758909661349768,1
387,4,0,4,0,0,14,1,3,2,2,147,6523.953800330086,0.07265032257266776,0.12740679270324773,12.70521642140363,0.8899742981258381,0.2426458709441145,0
267,4,1,4,1,0,8,4,7,3,2,70,5413.215423784755,0.057090301798564363,0.2100358527599937,7.358600751646913,0.7797932304486489,0.653108708106827,1
706,5,1,3,3,1,8,4,7,3,3,54,6535.541977970464,0.0722140477629987,0.059515949895186916,21.624542262566063,0.8407215010538165,1.2097641439954976,1
502,4,1,2,0,2,5,4,12,1,1,118,15651.567791528609,0.08643801251503341,0.18288795141598868,15.038879075889584,0.77880331623104,0.7592116872655568,1
700,6,2,4,2,0,21,6,7,3,2,103,15888.23791501742,0.17402030908403365,0.1701318418190701,22.411267071416713,0.6651315320936033,1.519449777343828,1
722,7,1,0,3,2,8,6,5,2,2,83,13018.137622243667,0.05522916015885819,0.09515881833616031,22.535341952353658,0.8323254096772417,0.835877288017124,1
825,8,0,2,1,1,16,0,3,2,1,105,14046.294494594473,0.1811392905604199,0.17927565862162703,24.715195735292074,0.8178132728680788,1.141562785285767,1
683,7,2,4,2,2,17,5,4,2,1,141,5242.796334458948,0.19550882102831202,0.14347729440358697,21.051610080146244,0.6674562480556454,1.521122334088666,1
776,8,1,4,1,1,1,1,7,3,1,58,5476.319292278321,0.0850784109461023,0.07084484027060368,23.94208006304161,0.8298345369524823,1.0542081857078125,1
720,6,2,1,1,1,5,4,5,2,1,126,5111.855695281771,0.11299741531873614,0.09143314838562283,23.775302887319434,0.7280062463330385,1.3331948172879435,1
780,6,0,0,3,1,21,4,5,2,3,98,4758.348014889696,0.12469253977984543,0.09910125436444724,23.027944494026737,0.8792927926350683,0.17885334025599509,0
747,8,2,1,2,0,21,0,1,1,3,128,12968.099164947536,0.07291029325717427,0.09814529248388137,22.692301943691632,0.7430249864165249,0.900761140675479,1
470,4,0,4,1,0,9,1,12,1,3,140,4676.836864469615,0.15705222062987975,0.1743457686119331,13.733858206943887,0.8308709048411842,0.5865681056296501,1
406,5,1,2,3,0,3,6,11,4,1,57,15388.486765028392,0.13279980793423485,0.15885307068999524,12.910837680106338,0.7687562046190966,1.112712770404522,1
904,8,2,0,3,2,7,0,4,2,2,52,11848.444540900997,0.057948376801516516,0.1875739280914174,25.628298742230804,0.7095149627981797,0.9666789696469438,1
495,4,1,0,3,1,22,1,2,1,2,40,6050.515201442797,0.1833571700209628,0.13194325121445596,14.166998771710192,0.7581148104440616,0.7955080021880468,1
685,6,0,1,3,1,16,0,11,4,2,60,13810.270949612004,0.08835083073429026,0.1030956982343961,19.211753654167797,0.8938490619640911,0.7755896881526657,1
361,5,2,1,1,2,1,1,11,4,1,78,13884.325144394337,0.06499957068342044,0.052195228092651424,10.442242638203133,0.7672623405507676,1.016293389066369,1
576,5,2,0,1,2,17,4,11,4,2,68,10766.665390557308,0.19709670426246456,0.18299063510629918,18.12281493431411,0.6489606972840563,1.1452237481943657,1
667,5,0,2,0,0,3,5,7,3,1,130,5091.807848383218,0.056465439521871566,0.05345841893717695,19.584156963690614,0.9305342636934282,0.45399016151791816,1
755,6,0,2,2,1,7,4,9,4,1,122,8809.337573687182,0.049551469542139265,0.09426362419762385,21.37819311915735,0.9152832078171066,0.6778032341260025,1
664,7,0,0,3,1,11,1,9,4,3,78,10582.447751335912,0.07800848109282471,0.16039905702803783,20.093346855095408,0.8727166078456119,0.9485540310537851,1
511,6,0,1,2,2,8,6,3,2,1,103,12925.548808970792,0.0910823867834959,0.17755065656054106,15.552105170756931,0.8591151304951834,0.5313765815394386,1
1064,10,1,3,2,2,16,2,7,3,1,74,7582.04481795815,0.10940842658411226,0.05233229947185247,32.06323069887258,0.8272166732748159,0.7708455491146758,1
651,5,0,4,3,1,3,2,4,2,3,95,14477.885781607878,0.14962723488872176,0.14937118310994352,17.3230537438103,0.8454507119006006,0.9518516179546941,1
923,8,2,4,0,0,21,3,10,4,3,71,7008.855652107577,0.0985141414767846,0.06468500393728414,26.179960274596525,0.746560384563669,1.7414251696714285,1
857,9,0,2,1,1,14,0,12,1,1,127,15978.381889559072,0.12949337771247676,0.17630319359144717,24.42287881629022,0.8423915429132343,0.7102191463269883,1
693,6,1,0,2,0,7,2,1,1,2,65,5380.663638371076,0.040929828100804734,0.1713735107044237,19.55732918874033,0.8044634975376472,1.192569705900249,1
995,9,1,4,0,2,22,5,1,1,2,147,13995.395195502166,0.1015839490963508,0.17465036242995002,28.916944117906603,0.7756945598131646,1.4881801472030651,1
298,3,1,4,3,2,11,4,4,2,2,142,5586.602573661544,0.191194988067757,0.05147636311442185,7.800649758909458,0.7907978919680195,0.5519660322630908,1
1027,8,0,1,0,2,9,6,2,1,3,61,13111.756626709126,0.16397547290640271,0.14069655045903254,31.143615176911183,0.8428975894855542,0.8436889007225651,1
962,8,1,2,3,0,0,5,1,1,1,102,14347.614742466087,0.15852809105864554,0.0833529307051992,30.72372801894965,0.7911535402062699,0.9455172378359349,1
643,7,1,0,2,1,23,2,12,1,2,129,7755.022365072253,0.08872255623936326,0.1292454288853398,20.711750584479674,0.8019144066938837,0.945311133745572,1
854,7,1,4,3,2,20,5,7,3,1,132,5216.007126026355,0.1181081877078975,0.2180940395592675,24.595205254306997,0.7487089977297758,1.224582597731427,1
658,5,2,3,3,1,4,6,10,4,3,80,15998.909902275294,0.17512376036608146,0.05628512488627602,19.56801423590556,0.7158660016364391,1.4743282845645997,1
427,4,1,0,2,2,22,4,7,3,1,100,15652.626911112879,0.1808249071615208,0.14692936411259291,12.757146536666813,0.7525105779266489,1.0330864653523386,1
915,9,1,3,3,1,19,5,9,4,1,56,13081.853104683043,0.15368688468658073,0.06969991577823005,26.948363148020682,0.7994759397908352,0.823618726024091,1
406,4,0,2,1,1,10,3,9,4,2,67,8637.884342289504,0.11304662897108128,0.13180916583477637,13.873870953642074,0.8698148923373641,0.22671882953090722,0
469,4,0,2,2,1,22,6,2,1,3,68,5612.807728275726,0.0517064072391889,0.1337620262188593,16.35076097367592,0.8965392049438783,0.7280322498625211,1
657,6,1,1,3,0,13,1,2,1,3,71,9016.603501734098,0.0590965293683441,0.12212062217083264,17.925462508318088,0.8184522818073705,0.7285083732803497,1
950,7,1,4,0,1,16,2,6,3,1,83,12644.11093042382,0.04004686749198605,0.15513079268972663,29.528320702926386,0.8121700529182293,1.1452058329274697,1
533,4,2,2,1,0,4,1,5,2,3,115,5828.36763172814,0.09747196312046942,0.21535473038193975,14.917138359828035,0.6792279879239158,1.2166083402300747,1
634,5,2,4,0,2,2,0,11,4,1,138,4201.604503982573,0.043741434159935526,0.18493936637651742,18.36942877911068,0.7170936397585961,1.480008509881881,1
218,3,0,0,2,1,12,4,4,2,1,103,14848.42310563137,0.10960348651628624,0.21253425823416455,7.276055197838851,0.8350380148622971,0.12402742544595036,0
286,4,1,2,3,1,7,0,4,2,2,92,12399.878258955567,0.1356066597147907,0.07410153427105651,10.98350491921504,0.8056313127063688,0.17042257643582714,0
231,2,1,1,0,2,23,1,7,3,3,117,12326.081544679493,0.13534082246052345,0.21878128520042783,7.216446524353976,0.740645051552572,0.6991866215543473,1
246,2,0,4,2,1,2,5,3,2,3,107,15366.229085864376,0.12884760291215178,0.09492947867227267,7.768633115323914,0.879300313287009,0.3023739739671356,1
979,8,1,2,1,2,18,1,11,4,2,89,10248.464068066605,0.07618733773158515,0.04614982102545066,29.987198168465913,0.8449482785593339,1.1649649035949015,1
954,9,1,3,3,1,14,6,1,1,2,43,7816.923450336319,0.123070224270237,0.11852249704104484,29.91863239642993,0.7912832754099232,1.2164391907877288,1
936,8,0,0,0,2,21,0,11,4,2,99,14913.107743819164,0.19677374886672744,0.0843154651553436,28.444940343039512,0.853509853690068,0.6802554088630589,1
231,3,1,3,0,2,23,3,8,3,1,47,15829.738852650085,0.11113884592411918,0.1771816972910448,8.499757524302698,0.7702557555531762,1.3197081585785417,1
251,3,2,0,0,0,20,0,11,4,1,107,4245.519042613333,0.17991866981520424,0.055649434756513155,7.087794290127272,0.7139943529427271,0.7996821006778362,1
438,5,0,1,1,0,8,0,4,2,2,143,7968.074535559721,0.10102487058591092,0.13864057725205434,11.444938651599013,0.8721505484729156,0.39945138912054623,1
700,6,1,1,1,2,16,5,11,4,1,127,8348.86726356823,0.13968711005035298,0.09209140105496236,23.0110503862403,0.7956996700026081,1.0126073673809544,1
487,4,0,0,3,0,3,0,11,4,1,132,5334.733690699745,0.11709422505272157,0.07721196847959713,13.170567259102404,0.8925622129104566,0.6004169815564081,1
628,7,0,2,1,2,11,6,6,3,3,90,6658.879035051194,0.15017959621786703,0.1976149625792647,18.685701005848493,0.8234924485412907,0.7159965625136254,1
339,4,2,1,0,0,6,4,4,2,3,93,4293.49116141016,0.18358045433742629,0.13279094291371935,10.123219853385423,0.6776328712369845,1.533977779512941,1
852,9,1,2,2,2,6,3,3,2,3,97,12356.993883881796,0.11054411987305243,0.09858002315226455,25.416386055546482,0.8058941356386073,0.7921013507607384,1
468,5,0,3,0,2,13,6,2,1,3,62,5282.861802529948,0.16118391332154208,0.174301221291527,13.444412803488868,0.8290316894241189,0.410753584665276,1
241,2,1,0,1,1,3,2,7,3,2,147,14651.5309498154,0.1812063439790053,0.19357428801966456,7.6984069316410375,0.7313487156005986,0.26458028892100033,1
863,7,0,3,2,1,13,2,12,1,3,44,11007.705463180644,0.16632712739358402,0.11957581108871268,26.079600615669687,0.8513436776829665,0.944787289311054,1
1010,9,1,1,1,1,9,2,7,3,1,148,8273.908556149801,0.0439289598201268,0.07278232813099934,30.922871722287706,0.8474799204219933,1.227356394992148,1
193,2,0,1,2,1,5,4,12,1,2,147,13706.644546489433,0.04003034456291909,0.21898079671648008,6.547587204846389,0.8634449864242704,0.3105194841181532,1
581,5,1,2,1,1,13,5,10,4,1,143,11808.044997060013,0.18127354826371853,0.10461572302282654,16.78945577892371,0.7713498279210548,1.0531182848479042,1
940,7,1,3,3,0,18,3,9,4,2,40,13036.273656583073,0.15669014597628464,0.0769907863078089,27.034850968026156,0.794843580472158,1.241620573520252,1
829,7,1,3,1,0,14,1,9,4,2,144,14533.316424604862,0.19330112514726555,0.05859563531173939,25.958821438884907,0.7866464577934478,0.9977653602737668,1
968,9,1,0,3,2,2,6,12,1,2,66,13691.980393889215,0.0867971830455951,0.062293708505447375,28.448021999518758,0.8329090988020309,1.2163050299270437,1
561,5,0,2,2,2,13,4,11,4,3,68,13349.71099895732,0.16607492043442,0.2097476843455092,16.113656444641503,0.8108798278490319,0.7513820476845376,1
522,6,0,1,2,1,14,5,2,1,1,115,12758.121356489964,0.1682435323388219,0.21039887282431421,17.252239216703646,0.8096109176765888,0.6322022261783111,1
832,7,0,1,0,2,16,3,8,3,2,83,8529.860899041498,0.17717223835963009,0.1314279395539649,24.672436236286018,0.8411299199388822,0.7787146743957695,1
321,3,1,4,0,1,10,1,6,3,2,143,11821.973691203266,0.1507244661922392,0.16458434897630164,9.041288574792087,0.7581110331741566,0.9133556235382254,1
400,3,1,0,2,1,2,6,11,4,3,94,10788.386599901609,0.06212927878676347,0.18987547790967685,11.13157589274228,0.7865978594866019,0.9974688193762131,1
732,7,2,2,1,0,3,4,3,2,2,52,15561.35063805187,0.14895083832388165,0.1403418247013102,23.41184213123509,0.6898183016386636,0.9450450005630149,1
794,6,0,2,1,1,7,2,10,4,3,66,10011.22640134014,0.1367173911740387,0.16005662316003186,23.99796530587075,0.8464516935496682,0.728898703640908,1
290,2,0,1,3,0,15,5,6,3,3,125,6661.813842132842,0.0933875348024647,0.21405530833088093,8.71542177457666,0.8416507205899945,0.4669505261432586,1
647,6,2,3,1,2,17,0,12,1,1,103,9492.740254836166,0.07337815867743443,0.07105652501530094,18.026708687915534,0.755004392338269,1.6499666571112128,1
515,4,2,2,1,0,16,6,10,4,2,76,8975.80133590602,0.18161599109016513,0.06498103558451722,15.441577239275222,0.7090313379963928,1.1399720745980382,1
641,6,2,3,2,1,7,4,5,2,2,64,9622.19633862762,0.06271143919363036,0.1755457180364074,19.013067225543654,0.7127842792464829,1.0211416923937167,1
1061,8,0,1,3,1,10,4,11,4,3,114,10972.365161338766,0.10755166347103318,0.16659911604171454,30.026117896949753,0.8566321492192636,0.7457887852878404,1
250,4,0,4,3,0,1,0,3,2,2,69,15376.27006111539,0.13964776363291537,0.07347139888363124,7.457034047002768,0.884096376867554,0.7777816351783584,1
1095,11,0,3,2,1,19,1,1,1,3,50,7372.9639425886235,0.19548742902648222,0.09443466673299777,34.051177782627185,0.8495350569082339,1.093272603582558,1
593,4,0,1,0,0,8,5,7,3,1,101,15629.545784628,0.14735621638578494,0.1633459115482318,18.69617044777258,0.8401840424296925,0.31823925426549043,1
890,8,2,4,0,0,12,3,5,2,3,135,13354.991477257121,0.08878051182744379,0.12898575335583878,25.352162450471326,0.7220051806675228,1.6386559047804083,1
570,5,2,4,2,2,10,0,2,1,2,73,6195.05112120356,0.04970590949322526,0.20082552504263512,15.882477631811632,0.7072608544588628,1.3264559193527028,1
466,4,2,2,2,1,6,4,12,1,3,117,7365.287278485057,0.09083249965547607,0.19068784580138268,14.696119883536788,0.6933158445444135,0.7721935437107827,1
888,8,2,0,0,1,4,5,1,1,2,89,14911.902997047582,0.08684584949018317,0.12768155787354055,26.077389514181686,0.7234626666863243,0.9272709440922743,1
812,8,1,2,2,0,22,1,8,3,1,145,13616.116979192626,0.17105271709019876,0.16003560363979458,25.231723478017,0.751010255671503,0.5758342538088764,1
312,3,1,3,3,0,2,4,4,2,1,106,5720.329592185904,0.10025352872296033,0.15582299101266098,8.903354690863798,0.7847655661189704,0.5798698471694836,1
828,6,2,1,0,1,22,6,4,2,2,95,11014.823037724036,0.0557517332614127,0.05657415764664259,24.881867105618717,0.7694533490913751,1.2299040266713,1
872,8,2,0,3,2,2,3,3,2,1,65,7323.919091253936,0.17919639403078477,0.11660653547838687,24.49889085422844,0.6868886817208727,1.5839838014707959,1
536,4,1,2,1,0,2,1,5,2,3,137,11557.004116904158,0.042888682685297094,0.11917862828490094,16.36445869534176,0.8270697100634109,0.8771125207830189,1
1031,9,2,4,1,2,21,6,9,4,2,45,6082.984089579805,0.04048150328453506,0.20152610502689067,28.212494186357617,0.7110965762598583,1.2476340189485122,1
769,6,1,1,2,0,22,6,4,2,3,99,8222.954986742934,0.11596051895705875,0.1993505302044145,23.74723268556348,0.7581100278773371,0.9178055985263716,1
486,4,1,2,0,1,21,3,9,4,3,69,8662.341671257087,0.051075246398557025,0.050374384603167455,14.348650616226635,0.854347666049224,1.1091226841582802,1
189,3,2,0,0,0,18,2,6,3,1,96,10452.505102099247,0.06833630336376699,0.19213041651287371,6.703163149974797,0.7027899760555116,0.6541626036379773,1
800,6,1,3,3,2,11,5,10,4,1,148,6871.803708478828,0.19764553313949776,0.15010284515554864,23.73717648275093,0.7435132297672291,1.3745029503254658,1
372,5,2,4,1,2,2,0,6,3,2,50,12732.956229256206,0.1750984004788516,0.04292067409357227,9.742457405450747,0.7218914164424092,1.301239217834393,1
876,9,1,3,0,2,14,2,5,2,3,45,13711.200558664994,0.16224602814907627,0.10869742261751028,28.292824621943026,0.7780754471550361,1.450702121681088,1
663,6,0,2,2,2,12,3,7,3,3,129,11679.87629052515,0.14732688851155223,0.19985628201144595,20.248751613244117,0.8237675732646508,0.9674722515588183,1
609,7,0,0,0,2,17,4,9,4,1,116,14836.978064529943,0.047650471843110616,0.10448204782298373,19.733910104410587,0.9115403661502576,0.8572812024903365,1
330,2,1,2,3,1,0,4,6,3,1,85,13485.942313521344,0.17374539389233076,0.16176037605169333,8.525150509354082,0.7490224035251891,0.3909153599363359,1
834,6,1,4,0,2,1,2,11,4,1,64,4528.173099676665,0.11539013271148385,0.14181941325108435,24.63629897632534,0.7842557043168443,1.5622492644397197,1
332,2,1,0,2,0,14,6,7,3,2,106,5016.654778775495,0.05573119582320251,0.14617481804999924,7.964964557094867,0.8091422937570593,0.11040806092061489,0
564,5,2,1,1,1,20,4,4,2,2,68,11919.623491008151,0.08812016178400295,0.12654405880666295,17.02117729533791,0.7234011007342003,1.1431137420346167,1
949,8,0,4,3,2,22,3,1,1,2,111,12662.505764234695,0.12031489916552723,0.12682153583494354,27.046206029362175,0.8687886042497881,1.057532219973364,1
1026,10,0,2,2,1,13,6,5,2,3,84,15614.85929054755,0.04219113558738858,0.20247618017646596,37.0086822782908,0.8698997079062655,0.8867558967349078,1
1090,10,2,0,3,2,8,0,1,1,2,125,4039.9905126995864,0.08038711568822145,0.11448691229976696,33.41040138490415,0.7323066874054052,1.198588899689804,1
1061,8,1,0,0,1,11,4,1,1,2,112,6843.526112447312,0.09374778059788254,0.07445420887165678,32.71808460934287,0.8243091047387073,1.2306313350499976,1
691,7,1,2,1,1,12,6,5,2,2,103,13981.011441442644,0.11420661432553553,0.11555151295526814,20.68470628371212,0.7966088427236384,1.2122802969335111,1
364,5,0,2,3,0,14,4,4,2,1,50,14698.402878994408,0.04031705689181406,0.17192428797089424,12.057752298406308,0.8844913948117813,0.5070307347537298,1
951,9,1,4,0,0,5,3,11,4,1,108,9573.1863676781,0.13047081922900586,0.12554358793128123,29.71272738856827,0.7847935167778708,1.1735690584557672,1
917,8,1,4,3,2,9,2,9,4,1,116,9805.065578203063,0.07162139373900354,0.17177740322890778,26.044270192535866,0.79047054136444,1.5932144122765484,1
1091,10,1,2,3,2,12,1,10,4,3,97,14243.43210098157,0.13556008491977214,0.08316109255347354,31.90342969894196,0.8015754701370394,1.2117146705693829,1
778,7,0,2,2,1,20,3,7,3,3,105,9519.62416097361,0.07826404913896103,0.14489701241876196,24.44068844192816,0.8795775222990246,0.8169875404910676,1
310,4,1,4,0,2,19,6,2,1,1,107,13449.139758448584,0.10443495065293265,0.1955786056021129,9.496232423987076,0.7649938996852295,0.860015541497217,1
642,5,1,3,3,0,18,3,11,4,2,65,15384.761617436661,0.13978083187940474,0.135273915999445,17.997542374642588,0.7762253634545176,1.5745493899494258,1
592,6,0,1,3,2,5,0,6,3,3,88,7142.154819890322,0.14505161703053118,0.1546274637911234,17.221779671105427,0.8451444136302554,0.5489040522397652,1
955,7,0,3,1,1,9,3,6,3,3,53,7292.798933347299,0.04489531089899032,0.16218524329293282,26.464610766775795,0.8868137506136345,1.146196676684023,1
541,5,2,3,2,1,13,0,8,3,1,125,15263.23247464501,0.1256119276926756,0.17314232164411045,13.885628158898708,0.6855605877984462,0.7603240329987271,1
482,4,2,1,0,0,23,6,2,1,3,56,9091.591507427504,0.17066266709213018,0.10305213164498964,12.24885363903736,0.696828340568296,0.7538382183573689,1
253,3,1,4,1,1,8,3,6,3,3,129,4188.7256361964655,0.0730276872887103,0.15283240744438834,7.9127389416075244,0.7983629573701057,0.6932134073190783,1
948,9,2,1,0,2,22,1,8,3,1,109,10029.876796055927,0.12511818203928438,0.11491032558856085,29.353308023012698,0.7119871715674696,1.3821864838070161,1
874,9,2,2,2,2,17,4,9,4,2,96,11401.121780865858,0.11161834278189847,0.11037258193546673,29.622721820659525,0.7201040838771856,1.3418616744706553,1
217,3,0,2,2,1,15,3,7,3,1,95,6936.853193200831,0.17598958526505923,0.12553628280905485,6.860864142184606,0.8443133593666486,0.47469973591292436,1
579,4,1,3,2,0,16,3,12,1,2,56,12728.924623479616,0.11020209194230723,0.113406603412436,15.300889856646911,0.7993760870903656,0.6950901436961403,1
621,5,2,4,2,0,19,4,12,1,3,111,6795.311745334099,0.1910144816737036,0.04465634943536257,18.307950340918246,0.7139481260009202,1.505568129124909,1
611,7,0,1,3,0,16,6,2,1,1,81,5435.791887422101,0.1443885489666053,0.17355911374078975,19.72246453479564,0.8369235517816722,0.4783903309194113,1
1025,9,2,1,0,0,16,5,1,1,2,126,6992.388106186603,0.12982131542090475,0.1451809533787276,31.809900738479524,0.6962489790401654,1.577024294164656,1
318,2,0,3,0,2,9,1,7,3,2,132,10406.918170882967,0.08670712655634832,0.0647643575841516,10.288163752517903,0.911837832136775,0.6748336665314736,1
461,5,0,4,0,0,10,1,10,4,1,140,14269.458108060822,0.1354440983173305,0.08703543582686787,14.81890875710567,0.8798842096351107,0.4260736092528524,1
346,3,1,4,3,0,14,6,7,3,1,140,10351.98633479388,0.060999427594889216,0.1499862363440824,10.419615798692575,0.8050564512274628,0.6721156075382256,1
404,3,1,3,0,0,20,4,3,2,1,123,14187.82625630722,0.10659905527450922,0.13324303356932568,12.715752754416798,0.7920710600202743,0.7669202769521302,1
1014,10,0,3,0,1,15,0,7,3,1,69,4770.236669764085,0.08550847132556058,0.17021583959018272,29.262425433344777,0.8649240600879154,1.503197764718133,1
1045,9,0,3,0,1,23,3,12,1,3,70,8471.036977886444,0.14724424055538424,0.12806174944470106,28.690196256514504,0.8561123044999616,0.9878899855928659,1
221,2,1,4,3,0,16,0,3,2,3,143,9222.14194129533,0.16223935704468054,0.19203447583720268,9.127692651706713,0.7405767752031526,1.6689262078221867,1
761,8,0,0,2,1,9,0,6,3,1,146,13620.708734620646,0.18858061676563428,0.05394190383893674,23.169891744606147,0.870864865727943,0.9733917074155918,1
394,4,2,2,3,0,13,1,8,3,1,70,11327.761765304294,0.07553612332496387,0.15037389640849466,12.609098845992431,0.7183404911199436,1.0505117824754435,1
357,3,2,0,0,2,14,1,5,2,1,111,13420.439587371462,0.18156011172277836,0.10687909162313283,7.232642186378428,0.6902023584943399,1.1763894888722581,1
448,4,0,2,1,0,20,0,1,1,3,141,8062.680941557042,0.1753522376302743,0.09523170589893468,15.2433525864301,0.858237225411856,0.14634157388132074,0
358,2,1,1,2,0,6,5,9,4,2,133,15208.39327059783,0.17798905199245812,0.2098555368584764,11.608091202819455,0.7254699350170795,1.0184032984783025,1
630,5,0,1,0,1,5,3,9,4,2,142,13763.878284786475,0.15847613784555298,0.19548534984735438,16.70022095010197,0.8207173305381916,0.4080365214806013,1
1095,11,1,4,3,2,4,3,8,3,1,78,14985.826579280916,0.08283543097235986,0.07306888524462302,32.835021338910714,0.8298430577023578,1.6086846912800914,1
719,5,2,3,3,1,1,6,8,3,1,95,7153.552821422649,0.18045954800200514,0.050338662716284746,21.240526056101697,0.7161408051767695,1.0771647842208838,1
845,8,0,2,0,0,16,5,8,3,3,105,4078.830733181655,0.13592775392846726,0.1961058830477984,23.92030167472691,0.8305848633606805,0.7134942108875701,1
633,5,0,4,3,1,23,5,4,2,3,144,11385.77404343646,0.15849787261483733,0.07047345588105106,19.244403395263763,0.8769629021768502,1.2282374807682028,1
192,2,0,0,1,0,14,1,1,1,2,148,9910.947056948557,0.07284117695888465,0.20708500719405573,7.107382388641603,0.8540332171311769,0.3003143036098731,1
257,3,2,3,1,0,1,5,12,1,1,100,13347.449924003597,0.06518568568224398,0.08991757364996363,8.352201682903965,0.7502035333005065,0.4871160201773717,1
427,5,0,0,3,2,8,6,3,2,1,133,5169.926788031793,0.08429626161195598,0.11409769677282794,11.357372155814405,0.8907227187268472,0.7968237934524831,1
404,4,1,1,2,2,21,0,10,4,3,81,11145.359437094085,0.12181932428411277,0.04809710611710279,10.987508861642121,0.823537606319453,0.4504230522012999,1
953,7,1,0,0,0,1,6,7,3,2,106,6386.780542615596,0.10666001537915626,0.13675564717603814,27.730390651258542,0.7904629518501626,1.3594182369959849,1
956,7,0,2,3,1,14,6,7,3,1,129,10175.186442051765,0.1820172857661889,0.07397247507157981,27.658409377558648,0.864804607623004,0.9240873477948861,1
965,8,0,3,2,1,10,5,1,1,1,137,5899.856038144654,0.04208296050440833,0.11759367790841907,28.31962757508095,0.9081455127142276,0.6259854041614221,1
766,8,0,3,0,2,22,2,12,1,2,51,14948.110601773476,0.05280774287135174,0.20549302780477272,23.04031238990128,0.863764653195744,1.1584957136554437,1
691,5,2,2,2,2,12,1,7,3,3,48,6199.325603320836,0.09206557764762924,0.08546309498643279,18.019395719737773,0.740112097314672,1.3109058513036362,1
777,7,2,4,2,1,13,5,10,4,3,63,10900.92010671813,0.06683715719138877,0.1542853979021962,24.214154084066863,0.7204948502078867,0.8150149214511098,1
554,4,2,1,1,0,17,4,10,4,3,51,4067.3159301842584,0.10508009859042239,0.07635813783781575,16.931653943105008,0.7383527936072928,0.9548271677395079,1
796,7,0,0,1,0,19,5,2,1,1,63,5877.262178506325,0.15481489607762375,0.14977241422359291,24.374216876582228,0.8429357103644525,0.8392844561631287,1
910,9,1,0,3,0,12,1,12,1,3,144,9992.010344163245,0.19894685948816873,0.09204776175664059,28.06302689385996,0.7690524204398358,1.1483651262489583,1
881,8,1,0,0,2,17,1,8,3,3,108,4491.53984630805,0.07233195955594011,0.16268144386451447,26.043278167275407,0.7942439684607955,1.0452790399252259,1
744,7,2,2,2,2,19,6,3,2,3,50,10513.39187975664,0.0825559415328715,0.1787120596963335,21.650462118686153,0.7024293994468577,1.5011879810288786,1
233,2,0,2,3,2,12,3,7,3,1,117,6212.008334938147,0.16299818392781595,0.1985217096779282,5.710443059898846,0.8173160478774151,0.6950563313198074,1
846,7,2,4,3,0,17,5,8,3,3,143,12718.470777182447,0.08352795316804301,0.20534712155566803,26.91466890889851,0.69000621637433,1.3856567295934257,1
517,6,0,0,1,0,8,6,8,3,3,132,14419.497869015871,0.1525999956380119,0.08343434283387371,15.980652801526464,0.8737845476876515,0.5075306287916131,1
864,7,1,1,1,0,8,3,4,2,3,134,13102.551909609143,0.1333582477251809,0.06321887970471676,23.544146691091427,0.811540292656546,1.0277028798627716,1
676,6,2,4,3,1,0,1,12,1,1,138,4760.684179038893,0.17678305581291406,0.04873309390407413,20.154417002730668,0.7185177326273553,1.1216577722557963,1
990,8,0,0,1,0,16,6,3,2,3,122,9956.154381198197,0.045333883983410136,0.16966441609867866,26.75152047973847,0.88325076496306,0.5733736635173361,1
491,4,0,2,2,1,6,5,6,3,1,136,5334.122497498192,0.19675951359392108,0.07364061956293863,14.818663919486546,0.8583199400794131,0.35447144003880293,1
1036,9,2,0,2,2,19,4,11,4,1,127,8908.690797487485,0.19428010713136173,0.18402997639344423,31.034733101044793,0.6497604624138372,1.4728919833211713,1
956,9,0,2,2,0,22,6,1,1,1,115,14074.564318064287,0.043582047148628046,0.21366726775326725,28.107590399073562,0.8642378082941471,0.7344616740106173,1
484,4,2,4,2,2,21,1,5,2,1,61,4493.923849080398,0.11992150746848562,0.06663361727491135,13.209454527536378,0.7360501938654713,1.1022330289149898,1
623,7,1,1,1,1,6,2,6,3,2,140,7019.8240528170545,0.10422817679506832,0.09099954330636963,19.869648170412486,0.8121475259543529,1.2528422778659274,1
668,6,1,1,1,2,15,0,10,4,3,49,13918.840320612779,0.08066610419258842,0.1343316464446235,19.879327450816913,0.8032510122132547,0.9108688973012139,1
887,9,2,2,1,0,18,2,10,4,3,70,8871.13070581455,0.19645214738709216,0.11749885994577372,24.61206906330807,0.6787220467002103,1.4260944907653916,1
814,6,2,3,2,0,12,3,10,4,1,119,6824.267141541827,0.06793607469000901,0.11666949407757732,25.26571983516737,0.7369274940545861,1.1735860303574452,1
963,10,0,4,3,0,12,3,5,2,3,119,15392.925280806001,0.08216871876821193,0.07907900660356328,28.214309496914478,0.9074385235827012,1.331102601101643,1
520,4,0,0,2,2,10,1,6,3,1,137,5868.7637831155425,0.041315675777688125,0.20005870451291127,13.70239512324638,0.8713815288692303,1.0056362568127521,1
644,7,0,2,2,2,7,5,1,1,3,48,13463.295013713316,0.1328357005009201,0.16268607538826854,21.377777642751155,0.847015200849865,0.7326577945670159,1
576,5,0,3,1,0,13,3,10,4,1,126,6136.931258114111,0.17772778222933092,0.06769629208410191,18.429393984867854,0.8695591665589553,0.8710223378273778,1
1016,9,2,0,3,1,23,3,4,2,3,53,15556.625121032317,0.13950606970455692,0.04079902710647796,29.832231595103096,0.7388627064350343,1.8527881191037647,1
460,3,1,4,1,2,5,6,6,3,2,106,13432.854365553338,0.14425715615899054,0.17728293066860293,11.802280102336038,0.755306960927583,0.6718561643614192,1
720,7,2,1,1,2,1,3,9,4,3,64,7317.141984902266,0.05061125913188983,0.042854371657694075,20.655703051784993,0.7779404661446871,1.4084332231777033,1
290,2,0,2,0,2,1,6,10,4,2,102,15803.370566040723,0.15436915505771548,0.19847498819701126,7.906580306636627,0.821220135535373,0.1383444619885988,0
962,9,2,4,1,2,13,1,2,1,2,51,5373.515694279473,0.10544070700695424,0.13529676253869372,30.375229180559753,0.7116681387044583,1.549121316786538,1
533,6,2,3,2,2,6,5,10,4,2,43,14315.162592760611,0.11579399405964769,0.20741542647244612,17.980307648235097,0.6745557607605577,1.2311780243142798,1
493,4,2,4,0,2,11,6,5,2,1,146,12393.152644288914,0.1336024911051564,0.17893417502267306,14.772859165980426,0.6793585002424767,0.7948593968979465,1
716,5,1,3,0,2,22,5,6,3,2,96,6086.612325129285,0.19605829821444926,0.20098184842486172,21.62224740410886,0.7213319340123101,1.4159860038557428,1
638,5,2,1,3,1,1,6,2,1,2,91,10556.45675150917,0.15970932091479076,0.1738871879111363,18.538235843257304,0.6698815710283328,1.2070667691847592,1
960,8,1,3,3,1,4,5,9,4,1,83,4143.097739118381,0.14942833437353004,0.14379105195805414,27.415769204948777,0.7680512761507872,1.0104824071883685,1
668,5,1,3,1,1,5,4,6,3,1,139,10877.532178639909,0.10910288556565065,0.07115084905258133,17.778229171595754,0.8188858194217956,1.03393387858062,1
655,5,1,1,1,2,10,5,2,1,2,126,10986.442689209158,0.045512082644617424,0.17097637365950047,19.624343462511796,0.802580194663147,1.1535790063960971,1
276,3,0,0,2,0,16,6,2,1,3,92,8902.314583191706,0.12618954757848136,0.14661534529497589,9.543606124926281,0.8572377982069442,0.01,0
200,2,2,3,3,2,4,4,9,4,2,53,13892.989425883765,0.14574099686027706,0.12183849971262667,5.450377191729942,0.6995892265421932,0.1743789129067813,0
546,6,2,2,1,1,2,4,2,1,2,116,15168.964300355166,0.15267034955331435,0.14054643221066906,18.19344799270545,0.6880524482062074,1.1636145881042983,1
1098,11,2,3,0,0,2,0,7,3,3,62,10405.142405090939,0.13726097332403975,0.08180615005090253,32.832813498623594,0.7214197944812759,1.3384592584626067,1
1023,10,2,0,1,1,19,6,9,4,1,75,12087.44272433388,0.08805872401632041,0.11279690117126975,31.02155015163045,0.7296149686655844,1.710135201678431,1
758,7,1,2,1,0,0,5,11,4,2,112,5750.270497553771,0.07536502426946276,0.062355573766031874,22.48208346388099,0.8380257308840274,0.8545730476644375,1
760,6,2,4,2,2,15,1,2,1,3,144,15977.176317228588,0.05441504347170702,0.11375853365636696,23.883755518807444,0.7443218902923667,1.3937180901954285,1
540,6,0,4,0,1,13,2,4,2,2,64,14294.993595492522,0.15245301966152158,0.12404784192274126,17.20173038193934,0.8555746122870818,0.7546103683541627,1
343,2,1,4,2,1,2,1,2,1,1,43,15388.333043764536,0.19532575059896862,0.1943989757742023,9.756274239950054,0.7246238731320731,0.493255414898183,1
187,2,0,1,0,0,13,2,11,4,1,86,13336.770776072426,0.12400359436984812,0.1348923693854248,5.812976558922872,0.8634968163101272,0.35796697494515595,1
491,5,0,0,3,0,6,6,8,3,3,116,7874.972926796555,0.14770922645867418,0.20359633800228677,13.494377220003326,0.8219124959925675,0.2624169145297016,1
471,5,1,2,2,2,12,3,12,1,3,112,6660.17739905169,0.15081640040995273,0.21422521253190402,11.714605535431529,0.7357312741761645,0.6293344232827107,1
356,3,1,2,0,2,3,2,1,1,3,144,10132.571255408795,0.06583073693164593,0.04881777231339658,9.930636890124216,0.8484081708397309,0.43621273499585267,1
418,5,2,1,3,0,16,5,9,4,2,62,4991.1919154277275,0.0706882270168046,0.1474858215971713,12.767185787634856,0.7218216781237108,0.6645729609256992,1
202,3,1,0,2,2,19,2,1,1,2,126,10621.821841087445,0.07330835685923116,0.09386206263030958,7.153310649070914,0.8247733112297067,0.5395052223444723,1
739,7,1,0,2,1,0,6,2,1,1,125,8439.040047208113,0.1892546453937089,0.19323861146669857,22.05163522776545,0.7278780344128166,0.9474069764004405,1
1033,10,1,1,0,1,12,5,6,3,3,131,12735.207852603748,0.04249280968900798,0.1289340342779975,30.621156538503815,0.8228579202148476,1.2534368921150671,1
815,6,1,3,0,1,15,1,5,2,2,139,11508.306580102737,0.12658700368152181,0.05405533599662829,20.310291527824788,0.8187109471448325,0.6552936166634726,1
592,6,2,0,3,2,0,4,5,2,1,72,6958.241393883863,0.10034841957603412,0.07870119333368612,18.611571913660153,0.7394276741906258,1.023597372719152,1
566,4,0,0,1,2,17,3,1,1,3,74,12801.302489382855,0.14549605378615246,0.1612998703170451,16.747961719222197,0.841941834153561,0.5310168960007433,1
462,5,1,1,2,1,13,2,7,3,2,89,7733.355060888573,0.07527874636305978,0.054330716183820627,15.134503476932984,0.8416757418539038,0.7981162688766852,1
311,3,1,4,3,1,7,6,5,2,3,78,6983.106988762802,0.19378733115593288,0.10823411151590812,9.416925371155223,0.7640903507976715,0.9049164999349922,1
730,8,0,4,1,2,11,2,12,1,3,54,9022.642806179083,0.09299445346238364,0.19689193588394607,23.786761352620125,0.8495511247941516,1.0348201935977586,1
701,5,2,2,1,1,16,0,10,4,2,76,5894.240986426649,0.1881482850586517,0.04525625410255174,19.786728986195612,0.7149679573774584,0.9311112912476243,1
186,2,1,0,3,1,15,2,6,3,1,81,7901.920784418324,0.13427205711484624,0.1653160667478115,5.646067163540229,0.765185344261804,0.6004709663582937,1
562,6,0,0,0,1,18,3,10,4,1,123,7118.183324736149,0.10631377583544088,0.16158715112273722,17.47808313532661,0.8594445828688199,0.5178944446246453,1
435,3,1,4,1,1,0,0,7,3,1,40,4260.758993627535,0.15742168372293588,0.09773265122958566,13.439232167280224,0.7851805492713653,1.1993699445948074,1
336,2,2,2,3,0,18,5,6,3,1,122,7610.515458340124,0.12849034788252273,0.06028900124153538,10.14179911456107,0.7350492928941738,0.883574338480036,1
826,6,2,0,0,0,0,1,12,1,2,125,9602.000903085234,0.06217320415541133,0.05843330846889193,24.709948608558374,0.7657270693190634,1.0976632958966146,1
663,5,0,4,1,1,15,0,8,3,3,54,13956.860537742908,0.15271827194681792,0.21446104867763838,19.769932599726335,0.8147693057189946,0.5614473371108984,1
763,7,1,2,1,0,8,3,6,3,3,144,6165.71826183476,0.13271902596900884,0.16184493187186996,22.64770306107169,0.7674462189716046,0.895956003023837,1
836,7,0,1,0,1,1,1,7,3,1,119,7928.668527950593,0.13050319770636756,0.10767841943966242,25.88151571219106,0.8728182722842865,0.8876076332856314,1
1083,9,1,2,0,2,16,5,10,4,3,117,4352.485912208631,0.15810332485849501,0.19003817983599294,30.090826465698328,0.7433363228874804,1.3414751721692595,1
918,7,1,1,1,0,13,0,9,4,1,124,4901.298545687515,0.14455683001327005,0.05860051692478818,26.20290839164396,0.8085791938778738,0.9967868671721464,1
750,6,1,4,3,1,15,2,7,3,1,129,8273.378827805767,0.09859881015593039,0.06284701945375636,24.047052317506182,0.827349376675641,0.6093508815266793,1
988,10,2,3,0,2,9,0,3,2,2,84,9999.140470944212,0.09095820314451697,0.07556133528200207,29.192897172280826,0.7450662077080664,1.295484040071053,1
619,7,1,0,2,0,6,2,8,3,1,96,12979.143823717919,0.0801310169942509,0.1774412323182997,18.995690551275032,0.7840924878093523,0.8071766246909653,1
1085,9,1,3,1,2,14,6,6,3,2,107,13158.16096966132,0.13202326887102883,0.1136012277463751,33.81799467966362,0.7894689765221683,1.6409770968545936,1
880,7,0,0,3,0,5,4,12,1,3,61,14967.744677446924,0.08798204146235203,0.15566373331674102,25.806577497734633,0.8703594013494081,0.2934183447309356,1
778,6,0,2,1,2,19,3,11,4,2,46,14893.553335142982,0.059266926687749674,0.08184120295002681,21.8730254156918,0.9165013416630006,0.5272801404160105,1
1011,10,2,3,3,1,16,1,1,1,1,119,5217.9961819180135,0.1652315987457264,0.17991369030123663,32.04329580325736,0.6646846199288665,1.1020794770243,1
653,7,1,0,1,0,23,2,12,1,3,67,5344.6299984519155,0.07346115874917235,0.1842997412056209,19.637001781510715,0.7840075950203431,0.9728268192797026,1
843,9,2,3,3,2,0,2,11,4,1,72,9961.495621041782,0.06638031869511793,0.11438642058322962,25.518956708317724,0.7386549673247436,1.7081811633468704,1
441,3,1,1,3,0,14,4,11,4,2,51,11073.684211366433,0.1758401556521368,0.07767078770641496,10.428825956572666,0.7859200754886517,0.8026910845218715,1
1066,9,1,3,1,1,13,1,6,3,1,90,11174.683029337994,0.15234048138588172,0.15340904965363936,31.499822513822792,0.7624127110322155,1.4722998984051467,1
753,6,1,2,2,1,20,6,4,2,1,102,9835.3145263581,0.16258511451374852,0.08610436860235812,23.035353950878935,0.7880897325977521,0.7634775627501114,1
899,9,1,0,0,2,10,4,8,3,3,139,15774.391581271271,0.09605768737892226,0.06669277213864515,26.740872007218165,0.8267622932170947,1.178644409574531,1
603,6,0,3,1,1,22,2,11,4,3,94,10107.46833355962,0.1387897932355369,0.1508435615518098,16.73080081978612,0.849664990345694,0.6047541013527447,1
977,8,0,1,1,2,5,0,6,3,1,81,15223.731598274504,0.18915108003501377,0.13232358258727372,28.333973008882957,0.8353364018199706,1.0219126624192674,1
248,4,1,4,3,1,20,4,12,1,3,127,15858.296410765306,0.08523156199108667,0.18102229525802127,7.3880669919595405,0.7801857642379014,0.9480852117486525,1
284,3,1,4,3,1,12,3,4,2,1,71,9328.262831157019,0.051033935295109654,0.09261570965917035,8.369321587528516,0.835357659770574,0.6622987514512265,1
646,6,1,0,3,1,22,4,11,4,3,41,5605.170739854678,0.06734048945479536,0.08055443531189964,18.778878744792134,0.8334472838549872,1.0374144781042482,1
853,7,1,3,3,2,5,4,1,1,2,43,7911.01659969397,0.18359460517504914,0.15529411930924972,27.244866340422693,0.7475000739820655,1.1901624961516974,1
924,7,0,1,3,1,6,4,11,4,3,132,8302.47810046808,0.08504497315096142,0.16619082711137495,27.47861233180712,0.8669438898819486,0.939148051482465,1
584,6,2,3,3,0,13,5,12,1,1,117,14659.935583155648,0.11860046508498626,0.11440543218297414,15.68016439640804,0.7151473462294178,1.6280010919753878,1
777,6,1,2,2,2,13,3,9,4,1,59,15540.366961824016,0.12553102945064437,0.11962475801608827,22.93316120224277,0.7896798956399703,1.194647373695092,1
688,5,0,1,0,1,3,5,8,3,3,63,6035.849433057113,0.1936021800028279,0.06223809748474298,20.05731870512669,0.864871875130593,0.5188850143155739,1
1064,10,1,3,3,1,15,2,5,2,1,132,4240.883591495485,0.08823664244874684,0.12449544023554393,33.43336984239269,0.8042705627920692,1.1811566555328974,1
781,6,2,1,0,0,9,6,11,4,3,110,13967.956755551848,0.12342260655840531,0.21303904273396015,22.76541663338731,0.6685922578184356,1.4451518120813702,1
563,5,2,4,0,2,3,2,2,1,1,93,10703.75343648777,0.19329989256978236,0.06046560917317151,16.594101341552697,0.7058055242156707,1.5088449664214796,1
1072,10,0,4,3,0,12,4,4,2,2,80,13014.066956315093,0.07221517121004495,0.14223423274994437,34.44612337336751,0.8834977682180047,1.0768282134710627,1
278,3,2,0,0,2,16,6,2,1,2,81,7980.053328700089,0.13566164828917582,0.043310360420416895,7.233208573665724,0.7394625960806832,0.4719765899667882,1
1085,10,1,3,0,0,0,2,4,2,2,126,5902.237280016813,0.050177080965752144,0.09856731348707597,33.509852677994594,0.8330650224962274,0.9948650777898052,1
321,2,1,4,2,1,22,0,7,3,3,61,7175.924537898962,0.08207602858529081,0.17700598086505512,9.324036956256858,0.7834130957473444,0.8365445605638966,1
445,4,1,0,2,0,14,1,5,2,1,137,4581.75204037651,0.05107439033345882,0.1420890277046801,12.709497247537088,0.8130764618828376,0.8132653379364224,1
935,8,2,3,0,1,6,1,6,3,2,66,8630.157098989257,0.09282443962587925,0.05460381913586664,27.027525655823887,0.7536572835572143,1.6146497096991066,1
855,8,0,4,1,2,18,0,3,2,2,65,5190.7225412490225,0.07302940924744417,0.12132964845671096,27.330022408966496,0.8925384240331302,0.4872040098309137,1
1072,8,0,1,0,1,20,3,5,2,2,81,9565.25836643859,0.1677465156515554,0.05423364681210162,31.96889375340534,0.8801089268913543,1.1683282941522182,1
869,7,1,2,1,1,22,1,6,3,1,127,13590.693546426077,0.11414327185859371,0.1072353029892503,26.389759067114397,0.8003796413184702,1.4445790097365578,1
766,8,0,3,0,0,18,0,3,2,1,40,4571.563734618047,0.10480003420072037,0.17841179288401318,24.42562266646109,0.8525546778118699,0.28971932013965873,1
498,6,2,1,2,2,4,0,12,1,2,56,14760.549624261555,0.1507717003981426,0.0864849381941476,15.91554802066593,0.7132345126334694,1.1173900722160501,1
184,3,2,1,1,1,3,1,11,4,1,81,5477.828477068951,0.19155189044011176,0.12161008090741662,4.768918368720494,0.6790771128936122,1.0809776790476575,1
293,2,1,1,3,1,5,2,11,4,1,55,11871.769855882678,0.08824694287396483,0.13006105050448843,6.624466457776714,0.801761402979696,0.2813106216659822,1
453,5,2,1,0,2,21,6,1,1,1,82,6886.428942543016,0.05068016757523479,0.1935896461491707,15.768624478383963,0.7100785838240175,0.9476184973173505,1
217,2,0,3,3,1,7,4,6,3,3,87,14139.018863150319,0.057564826760672594,0.06187060490582938,6.7601440524989265,0.9262540557500741,0.5403495776932914,1
647,6,1,1,3,2,7,5,10,4,1,108,4124.224259041547,0.1771544038113081,0.13907533868018493,19.521431983202884,0.7576966158788281,0.8831470606899663,1
895,7,1,1,1,0,21,4,5,2,1,75,9056.646313506977,0.1753367986004215,0.04554219782895579,28.5181263630776,0.8006044516067803,0.9284379864007879,1
1066,10,0,4,2,1,4,5,3,2,1,99,15542.82516262359,0.11605846510618414,0.05680067342985047,30.7754010066722,0.9022133876587843,1.153462716163898,1
630,5,0,2,1,1,9,2,8,3,2,148,5354.736220855295,0.06362287412894979,0.07973012118211042,15.550763988828049,0.9154911521100229,0.3599256049542955,1
985,10,1,4,2,0,7,0,1,1,1,90,13127.732173544804,0.12423830025442892,0.169548569198513,27.747184919158833,0.7677959087461761,1.047275846362226,1
1086,9,1,3,3,1,7,3,8,3,1,128,12719.414922762386,0.14694750242876672,0.04739958714033552,31.541873611153378,0.812543809693904,1.3873440135426605,1
971,10,0,4,2,2,14,0,6,3,1,70,7830.097389531885,0.09315783842041753,0.2101124408551719,29.693239993793277,0.8435283743259847,1.410561080694521,1
607,6,1,0,2,2,17,1,9,4,1,137,4725.455151871246,0.05320288461133247,0.11698020897464487,20.04365617947007,0.8234176078863102,0.9676490749868215,1
479,3,2,4,3,2,6,5,9,4,1,102,13997.144500263175,0.09151066267650304,0.19095734927369698,14.817123395155523,0.69288939462241,1.507516905747142,1
1079,8,0,4,1,2,0,3,7,3,2,54,14858.544077684033,0.15049183465666716,0.07993763258008728,28.520615634367257,0.8763067397434605,1.2236316247253598,1
402,5,2,0,0,2,15,4,8,3,2,139,5533.968290639909,0.1965388302116555,0.10080592686746731,15.939778811196346,0.6861948593143947,1.5028921655440928,1
558,4,1,1,2,0,13,3,1,1,2,118,14173.93360745771,0.07041442335090745,0.1708628488206735,15.791569126480955,0.7914252275227885,0.8048501177320593,1
248,2,1,2,2,2,15,3,12,1,2,77,13998.680301140374,0.18632891962051362,0.10825549229207207,8.79968067585939,0.7674370146393364,0.8026515256579262,1
910,8,2,2,0,1,10,2,1,1,3,106,10924.274539791382,0.11305966588014965,0.1313478212504443,27.80258242930334,0.7100166307912327,1.4710815475605805,1
777,6,1,3,2,2,18,1,12,1,1,144,13402.380972365418,0.14611490007213224,0.18566540162991493,22.853784182302462,0.7506988642340788,1.0052415226658227,1
258,2,2,3,0,1,14,1,12,1,2,50,4473.746571854907,0.17819182906243453,0.15719712762099677,7.305012301915505,0.6690749694924558,0.7944890429888927,1
384,4,0,1,1,0,18,5,9,4,2,44,9954.123841233133,0.12919366613024053,0.19045768469262148,10.370422763227284,0.8361568921297121,0.3113151485138288,1
691,7,0,3,3,1,17,6,9,4,1,127,15603.901994505011,0.049833821444754775,0.05556752360522206,19.438772859631896,0.9325693947275104,0.6183989968585376,1
677,7,1,4,2,2,11,0,1,1,3,71,13302.585582158512,0.08252458753920672,0.1494526679771378,20.41630454270424,0.7956102350176449,1.6446020008738231,1
917,9,0,2,2,0,7,3,12,1,2,133,7217.612771310358,0.16846491638611902,0.1482167762868021,26.06574670079731,0.8374932382971855,1.4221970551931475,1
424,3,0,4,2,1,13,3,7,3,3,124,11482.374394796389,0.12846269374430613,0.149277736209163,14.335391021926322,0.8550168065209389,0.5773895296758108,1
1030,9,1,3,0,1,15,3,5,2,1,140,6550.597797133558,0.0926518817165492,0.14598583846469834,30.82160305455654,0.7926130259184386,1.1662313482617213,1
588,4,2,4,3,1,13,1,9,4,3,123,6665.506821736568,0.1333282761207502,0.1702908502568848,19.58494251505423,0.6833713931300642,0.682730780196587,1
936,9,0,4,1,2,12,0,7,3,3,143,6272.150310942834,0.08297121698288662,0.19192654870918507,27.708841367884588,0.8562960054385678,0.861828049617755,1
399,4,2,0,3,0,8,1,5,2,2,108,6279.779144494969,0.07856164797353758,0.0813276245466077,11.391376718262595,0.7480498273659346,0.6449629867647337,1
214,2,1,4,3,1,3,1,4,2,1,51,9991.492718669098,0.17254288385134636,0.0588214879234302,7.1406219995129705,0.7958860327013506,0.6161702721022925,1
230,3,0,0,0,2,10,0,2,1,3,62,7717.581052432146,0.10401081700311834,0.05331556206025993,6.941494636735728,0.9092031294214797,0.2365207763073961,0
522,4,0,4,2,1,21,2,11,4,3,137,13335.512990579417,0.08383823147705112,0.06851703204259199,16.504543084166496,0.9114401314161605,0.712375596933794,1
1056,8,2,4,0,0,17,4,8,3,3,72,14729.340911400872,0.10546822913095058,0.15807149157517786,32.71533444899507,0.7014071256822422,1.681861035215364,1
224,3,0,1,2,0,18,6,4,2,2,143,9851.091389586185,0.18730133263382148,0.1149697054641457,8.41371729353318,0.8439780328559148,0.24123169383194148,0
519,5,1,0,1,1,17,4,9,4,2,136,6295.779039892244,0.0689261904659587,0.10290813466227819,17.29519749099335,0.8226745536922935,1.1182412147862966,1
280,4,2,2,0,2,22,1,9,4,1,115,15975.989007619884,0.06963669565607167,0.20379117559761598,9.949524549970857,0.6969574579358405,1.1077461766529497,1
1037,9,1,1,2,0,5,2,2,1,3,54,4564.386858740253,0.096602378596022,0.20203165822710198,30.230613443477345,0.7656146834295943,1.4126140913252119,1
801,8,0,2,3,0,17,2,3,2,2,60,10595.728515930976,0.0496702055965055,0.1370004795657868,25.646799404629732,0.8959981916769685,0.6962066040742549,1
881,8,0,0,0,1,1,1,3,2,1,121,6635.790116903252,0.051987396164195426,0.12253008168330354,27.2213312116052,0.9014671349686254,0.9317800745406255,1
836,6,2,0,3,0,5,6,2,1,2,84,15251.891091075835,0.04175657345185346,0.08867932896584904,23.658726504465992,0.7613038439120339,1.201639150296207,1
784,6,1,2,3,0,0,4,10,4,1,84,7899.558848354837,0.06338993326411772,0.12278236792001529,22.44248368469748,0.8162224644671402,1.3249633420367217,1
891,9,0,3,2,0,10,3,2,1,2,49,15496.517410740174,0.14246198068220436,0.11396544945242887,26.937195516971215,0.8646076564394151,1.1220296922896462,1
187,2,0,1,3,1,3,3,10,4,2,90,15673.615039919678,0.07142818169885773,0.04125133097733027,7.054828104291497,0.9292942192957154,0.5160348378747737,1
976,9,1,1,1,2,9,2,7,3,2,40,15315.698069987835,0.10044639431930337,0.17654379713108734,29.424525548577744,0.7753544138473242,1.0975777132431828,1
860,7,0,0,2,0,3,2,2,1,3,55,13512.697568097137,0.15289365380923545,0.11894319226427061,25.424800084344675,0.8576734192669222,1.07299197089184,1
860,7,1,1,2,2,0,4,11,4,2,141,12894.587230244953,0.04509170588223599,0.08011287443239701,25.240597456811013,0.8436579388584152,0.7069932992340364,1
541,5,0,1,2,2,11,6,3,2,2,122,15433.254640009513,0.07344942638083107,0.15992710191630313,15.81282493935293,0.8749805622662896,0.5226750330119194,1
916,7,2,1,3,0,9,3,12,1,3,146,6684.039351943174,0.19934211415823688,0.1205802985839119,25.508559767174187,0.676034914266033,1.3786423835548505,1
531,5,1,1,3,2,10,1,1,1,1,140,13718.827966515557,0.13551388812049164,0.09647140779080969,16.92795399022967,0.7956066168399144,0.5923782399439039,1
225,3,2,1,3,0,8,6,8,3,2,141,5361.85438061589,0.14559674402634146,0.0815459341529461,5.9001598766054935,0.7177857948193206,0.5877635213236547,1
1015,8,0,3,2,2,9,2,4,2,1,84,8342.535591703685,0.12256768128077392,0.05064550009938024,29.99167668794885,0.9020540683789307,0.7846216850058773,1
395,3,1,1,3,2,0,0,7,3,2,67,8821.98239797037,0.1945427940143659,0.1305439781165594,11.104113880169407,0.7537109525410837,0.9092635988675608,1
273,2,0,3,2,2,11,3,11,4,1,115,15943.917075572794,0.06308752325428411,0.10757996414529827,8.903816502990935,0.9031996306701879,0.45675295407260774,1
752,8,1,3,2,1,20,5,10,4,3,108,7851.719983015386,0.050779646564125966,0.04725925398550646,22.57906764319749,0.8558824947526654,1.271574546425811,1
394,4,2,3,0,1,3,1,4,2,1,87,10656.802888042912,0.17058658679399896,0.186233193426645,10.7609300171129,0.6594310989007102,1.593330359554689,1
969,9,0,2,1,0,3,1,1,1,2,94,11601.888739467759,0.040655419124461856,0.1854911674839171,30.287170671307905,0.8782340360262294,1.0037518244289414,1
588,4,2,4,3,1,18,2,4,2,2,62,12134.067164312455,0.12984988877661346,0.12820460293469776,16.082495041333047,0.7038754787299099,1.064235914169859,1
184,3,1,1,1,2,12,5,10,4,2,94,5441.803400387642,0.0402259819419443,0.19100207285021475,6.22772157479742,0.7959473753435284,0.7544564687740978,1
1055,8,2,4,2,0,6,6,7,3,1,146,10709.515927043967,0.09571914323430919,0.12658099589908986,32.49171866015699,0.7199649373899704,1.2389992703588737,1
653,7,0,1,3,0,18,5,10,4,1,87,11616.660066409788,0.14414183507635048,0.07040249816898529,19.108046633090947,0.8834550500395989,0.6696287130845954,1
421,3,2,0,1,2,7,1,6,3,3,96,14840.182260107822,0.12757221876884103,0.13316767193732595,12.154729575019374,0.7026670491822248,1.5833705148253032,1
803,8,1,4,1,1,14,5,7,3,1,143,15487.520540080055,0.12957796832187074,0.09626205269794397,23.814161670806282,0.7983719905410834,1.119729952203374,1
668,5,0,4,0,1,13,2,1,1,3,133,6820.326442759875,0.06517539126369627,0.12142562952377836,19.73668684022299,0.8960295406456364,0.8512596752444583,1
207,2,0,0,0,0,4,6,1,1,1,126,6526.226312737967,0.0871572323357995,0.21472058150408943,6.165209423209441,0.8441549837720499,0.3048360979881173,1
878,8,2,2,2,0,18,6,9,4,1,40,12204.955728437684,0.15360465814413155,0.10399555683821374,27.409742526963534,0.7040799032579446,1.2212554655430523,1
549,4,2,2,2,2,14,5,3,2,2,133,9873.803102269243,0.04372754611321103,0.07886017313549029,15.30250516802168,0.7648355263380844,1.1733236014744997,1
823,6,0,1,1,1,5,6,5,2,1,48,12922.802453325443,0.13524532822356075,0.06313927834005822,25.586916761423087,0.8907269270463715,0.44539437714658275,1
1003,9,1,2,1,2,18,0,5,2,3,43,14181.663336961019,0.12273049789815457,0.1991069865840249,31.920335546104646,0.7551731319830193,1.2674648083192674,1
741,6,2,3,0,1,14,4,8,3,3,78,4128.215825592068,0.09503315442273998,0.042688911516952664,22.207853655244485,0.7580250703271383,0.870089489423028,1
797,7,1,2,3,1,20,0,12,1,1,85,14544.766014578485,0.09356404954114952,0.2033416705053769,22.825510476578906,0.7663924259790631,1.4865346477481425,1
414,5,0,2,2,0,19,4,10,4,3,53,7185.217767707889,0.16783155484753579,0.05111896435689593,12.845406162475564,0.8814722663580057,0.8063539454214583,1
398,3,1,4,0,1,7,2,8,3,3,105,15632.763127979859,0.10111949804085543,0.17547868447149068,11.523829375026459,0.7755308178694442,0.6748250953073345,1
561,5,1,1,2,0,22,6,11,4,3,141,9163.144090939324,0.05277755038021212,0.09285717113789593,18.889997951128926,0.8344643753168514,0.29842290015558537,1
964,8,0,3,1,2,0,3,7,3,1,112,14229.369741899402,0.19392631023369442,0.08498333335178015,28.44461703949073,0.8544906603865364,1.1781197970565194,1
662,6,2,1,3,1,8,5,2,1,1,145,6399.225782697016,0.06085908197070693,0.07238837076376475,21.480409544570158,0.7600386462694877,1.0799283073452173,1
500,4,0,4,1,2,14,2,6,3,1,138,10301.883825736122,0.16759261281097443,0.06421272994621761,14.891636783143614,0.8756875957592636,1.2972984557100442,1
897,7,2,1,3,1,12,0,12,1,3,129,4759.456591005062,0.042230933391166466,0.05192224145614117,26.460260953538054,0.7776310713187116,1.5546528932065347,1
965,8,2,4,2,1,5,5,10,4,1,58,12818.114701912513,0.09830374748765974,0.06790802733304628,28.169459957244417,0.7452047013306822,1.5871506739828154,1
1010,10,2,3,0,1,4,1,5,2,2,110,15305.198049291752,0.12242888746392891,0.14592591745622513,30.26563658780548,0.6992403377859306,1.3980441644872579,1
455,3,2,1,3,1,18,5,4,2,2,49,14117.47646917853,0.044765197457443784,0.14254215003124135,14.241342456827631,0.7357116936300916,0.873803965470679,1
832,8,0,3,2,1,21,3,12,1,3,124,12164.236893533212,0.15745386038375295,0.09059344466704194,24.21801395026083,0.8683787127271423,1.0125374205306694,1
723,8,0,1,1,2,16,6,2,1,1,138,5427.2571690019795,0.08169303859247776,0.1623787366842161,23.378000869073766,0.8701677011254878,0.9338376619655299,1
593,5,2,1,0,2,12,2,12,1,3,53,15807.517469286395,0.12658695280331309,0.1785332242587943,19.33431122339859,0.6826959203220516,0.9957008020308586,1
545,4,2,1,1,0,18,2,9,4,1,95,8127.549407222195,0.16677242118108843,0.21643149027127437,15.231915810583395,0.6475582398464367,0.7466344707279025,1
285,4,2,3,2,0,5,5,10,4,3,54,11593.274292342068,0.13457821087167193,0.11915847700217205,10.549566289972038,0.7058184904567701,1.4538442155560254,1
432,5,1,1,0,0,23,5,4,2,2,99,7275.761050311499,0.11289812395695892,0.10742603159898664,14.626306486363102,0.8008541299998245,0.7570227903231361,1
685,5,1,2,1,2,2,0,8,3,1,89,13927.86570351001,0.09377797792238474,0.21517147477482698,21.069369013721516,0.7609727462862548,1.142780681090462,1
995,10,0,2,2,0,14,5,4,2,2,137,8541.04379817432,0.047216836627501806,0.20958745846338006,29.420935523911055,0.8644380672091031,0.7819965222390187,1
977,10,0,0,2,1,8,3,1,1,3,69,8688.130035117665,0.18608336044277562,0.2068506141057226,29.56723720346382,0.8031797114531758,1.3714006166138275,1
352,2,1,1,3,2,21,6,6,3,2,122,4053.7603299868106,0.13470903393679678,0.14958143510097202,9.918234251395841,0.7720692889330041,1.0005941979024913,1
804,6,0,1,0,0,5,4,12,1,1,112,10904.023228186212,0.14104568850860366,0.15119172158636696,26.066707817837443,0.8484931654572632,0.785915993266228,1
258,4,0,1,3,0,15,5,3,2,1,120,7008.778795072597,0.11048199643135329,0.20703643506021477,8.377398226133849,0.8371167058287944,0.5303119918147665,1
801,6,0,4,1,0,3,2,2,1,3,145,15062.19491626281,0.09963394495875674,0.12636743309496487,23.25900024766965,0.8782993798758253,0.9209376510553527,1
494,5,0,1,0,0,4,1,12,1,2,60,13397.798787620155,0.04746475852780682,0.07842555263292544,13.622477513772921,0.9233493599776704,0.5246256541103965,1
593,4,2,2,3,0,9,5,11,4,2,41,15424.864249345748,0.06703866053685184,0.21734657006749092,16.03903661664198,0.6920266462280458,1.2296529827083709,1
840,9,2,3,2,1,19,0,11,4,1,108,8676.943497921537,0.10808776081516647,0.19157255106328488,24.884285311524426,0.6851528596546969,1.535760875143517,1
570,4,2,3,2,2,6,4,12,1,1,53,11940.760714072208,0.07867274198360287,0.050089682419142766,17.0336050759207,0.7620569090187644,1.062372695801223,1
922,7,0,3,1,0,16,6,12,1,1,89,9421.623667912554,0.047110722599809786,0.06024370477584501,25.354286360967738,0.9316905076809553,0.5313589224085327,1
670,5,1,2,3,1,13,6,12,1,3,97,14912.049470392061,0.12736224646548003,0.19878115136979793,18.832524611924963,0.7532354709741249,0.9938967513189878,1
1098,9,2,4,0,0,23,5,12,1,2,107,7891.134101729116,0.11425819270480661,0.09419560187561293,30.26155209180467,0.7261957924388112,1.6917280604642757,1
767,7,1,4,0,0,7,3,9,4,2,41,7942.308377778954,0.10741968084940592,0.16534944247625213,24.6664956380024,0.777253894503454,1.280337392076869,1
452,3,1,1,0,1,5,5,4,2,2,103,8391.322259099346,0.16547670678363038,0.06120793890152573,13.222426403461162,0.7979919094416797,1.069568877067336,1
893,9,2,0,2,2,21,0,6,3,3,125,9973.470615535538,0.13592445526486116,0.07069606101732999,27.472494071785572,0.7270207676730139,1.6844398836359291,1
555,5,2,1,0,0,7,5,5,2,3,42,14652.631220340747,0.04022642373268127,0.17452600756026318,15.297279191943296,0.723361405918175,1.1965302847451293,1
671,5,2,4,3,2,5,1,7,3,1,83,6489.609905132871,0.16190558377297365,0.2162725036629385,21.051446540928925,0.6498198606538395,1.4187674538979589,1
305,4,1,4,0,2,19,5,9,4,3,77,11815.69484207389,0.11721401126233122,0.13039578407320496,11.429989204923602,0.7885755920990087,0.9630781289128044,1
289,3,1,3,2,0,19,2,3,2,3,77,7671.487609850394,0.12269023573700077,0.04772490366610057,8.885570303333681,0.8233131872686044,0.5300195260818682,1
708,7,2,3,3,0,1,5,1,1,1,90,4991.934873410315,0.18233164268570023,0.08217706390574617,20.856634544980224,0.7009710820338491,1.4603426372872628,1
351,2,2,1,3,0,20,4,8,3,3,55,15443.883761598008,0.05747514450393716,0.07828617262629287,10.699536349983902,0.7589074072913964,1.1219208900565258,1
1097,11,1,2,1,2,15,6,12,1,1,95,13429.349301701372,0.13590461538849152,0.20834899688993994,34.15017766307715,0.7450858744747059,1.6855954541409557,1
967,9,1,0,0,0,6,5,11,4,3,48,15424.225904977431,0.0851455569555998,0.1154469984207318,30.091770153277707,0.8097333500806508,1.1989910915405073,1
824,8,1,2,3,1,12,6,1,1,3,50,8803.236037700313,0.04587380975217309,0.2105811045445243,25.68087948273224,0.7845952885664862,1.0582549185661092,1
855,8,0,0,1,1,5,1,8,3,2,99,13083.762945433662,0.10998105915563508,0.19472522993634117,26.85679090635371,0.8428821699086106,0.7724671306402504,1
727,8,1,0,3,0,4,2,7,3,1,138,11813.737863550386,0.08537808495368238,0.12114515297081982,21.50041565360485,0.807064542933974,0.8844222786020112,1
235,2,1,4,0,0,3,3,6,3,3,117,11428.206457804034,0.04023887373253523,0.044474807615884224,8.078499418243082,0.8618788433932113,0.4251045879562092,1
540,4,2,4,2,0,3,0,9,4,2,76,4483.24429468393,0.11887119866220924,0.2151310934221123,15.265964824329915,0.6696989685620552,1.244524512566911,1
636,5,1,3,0,0,13,0,6,3,3,78,4860.749441097848,0.08977974707320042,0.04181285784932222,15.724926731266871,0.8407833277848649,0.1689186115590019,0
1022,10,0,3,1,1,19,0,11,4,3,93,6343.153519745759,0.10945972477613966,0.19410334090420694,30.339156154586174,0.843396620443844,0.9819860753935695,1
381,5,2,1,0,2,11,5,11,4,1,43,12995.847504627798,0.041876983244384734,0.1143817300172287,11.36163179025941,0.7496835790322739,1.0039733611119697,1
637,6,1,2,3,1,0,3,8,3,2,113,13580.106822633403,0.1042851210534756,0.09423560827981994,19.452402333068818,0.810665671800017,1.56407211190229,1
496,6,0,3,2,0,10,5,6,3,1,54,11766.650363476085,0.1152647257492666,0.1134941098116744,16.458220797349625,0.8770585239975766,0.6738164397507954,1
303,2,2,2,0,0,17,5,8,3,1,119,6304.824407218014,0.11456338355502166,0.1042436986338299,9.005058826574363,0.7215368130150167,0.8693305220789773,1
274,2,1,1,1,2,20,0,11,4,3,81,13331.407161771891,0.15470819094866586,0.16404146717960352,10.42089174927902,0.7565626538422788,0.5174127761763732,1
516,5,1,1,1,2,17,5,4,2,1,81,5361.62186758841,0.19860585207773826,0.14309016427107046,14.948907142172091,0.7462367926430361,1.3694470886964227,1
255,3,2,4,2,1,8,1,11,4,2,88,14728.280781995269,0.04445797627779898,0.08624287356316163,5.525271278145285,0.7611846175715676,0.730982115267365,1
241,4,2,1,1,1,15,2,8,3,1,54,8617.289366168612,0.10336424807404315,0.13495020693410847,8.275698130678466,0.7127584952463317,1.4107337589726177,1
502,6,1,4,1,0,1,6,1,1,2,66,12725.052342171637,0.17707478937118498,0.1128910160885992,14.956703799826743,0.7695153875430971,0.7871757269031782,1
365,3,1,3,3,2,9,2,9,4,1,62,6033.940677542812,0.14011148179445193,0.2057163260659216,9.502441256155198,0.7443774864628319,1.128813466518508,1
690,7,2,4,2,0,12,6,3,2,1,133,7771.3903266062425,0.19737623846666477,0.2006280466205899,20.600854800178507,0.6408980717107353,1.3582645522626033,1
196,2,0,2,3,0,0,3,7,3,1,58,9943.277968662203,0.15414655099392235,0.1511222638485646,5.017800348300161,0.8426290333208809,0.28165783202957956,1
457,5,2,1,3,2,0,0,12,1,3,54,9956.259852535297,0.15587957172658368,0.2137662057384165,13.204569552248277,0.6536594001407499,1.4019121886625552,1
597,4,1,0,3,0,19,5,10,4,2,66,5166.397027764917,0.05217352500945577,0.10752286865983388,19.1375308903211,0.8281366228488197,1.0493064448942986,1
1066,8,2,2,3,0,5,0,9,4,2,86,10579.827002558544,0.08404076004037318,0.05583464967888846,31.401820952904824,0.7570560656263322,1.2920883521843924,1
763,6,1,1,2,1,3,4,1,1,2,106,4901.414990940292,0.13340955346415526,0.048577414695071555,22.16051387738004,0.818105864328348,0.9399640274796803,1
990,10,2,0,2,0,14,3,11,4,3,86,15084.1597819879,0.1235828283621283,0.19002014219056107,31.969768881294794,0.6788786632512898,1.2850097626403651,1
495,4,0,4,2,0,6,0,5,2,1,98,9061.209559036623,0.16201462822713963,0.10902831206935956,14.271743902125653,0.8580306768665753,0.7336397204227187,1
593,6,2,4,0,1,23,3,1,1,2,96,9268.948179434148,0.19898523078119745,0.1948492819911742,16.529108872069564,0.6427744692524326,1.062180589160998,1
566,6,0,1,3,0,22,2,12,1,1,58,10923.922325027124,0.07308868232227514,0.1225723341799379,15.70298850476009,0.8919525425740041,0.01,0
996,8,1,3,2,2,19,0,3,2,3,40,13380.096639316731,0.10854385951928336,0.042011248576019254,29.31453105764171,0.8322502013571138,0.7455032966538206,1
1062,10,0,2,3,0,7,3,4,2,3,114,4834.418063633551,0.17869439607026705,0.13515671312844527,29.976666761761805,0.8387670008605794,1.0057724847811806,1
1065,8,2,2,2,1,21,0,2,1,3,143,12435.736544946254,0.17410387386700635,0.14701831372861593,29.81936751110549,0.6754950155819699,1.2192936707351674,1
871,7,2,3,1,0,6,3,8,3,1,47,14926.370139004199,0.17075094914573521,0.12127159759513617,25.263544901773283,0.6885898539666078,1.3217252252924077,1
642,6,0,2,1,2,5,1,11,4,3,140,9270.360785674795,0.13926297905837293,0.19084617016693492,20.653062982180124,0.8314508828486115,0.711763584538247,1
677,5,2,4,3,2,23,5,7,3,1,140,4159.184305197069,0.19891095970535488,0.15592146857212524,21.365964848477418,0.6603254072751339,1.1840344666368947,1
1082,9,0,0,2,2,16,6,11,4,2,126,6968.422277599304,0.09726455187955622,0.10565306254021356,32.86526080715973,0.8886870735111035,0.8113576552533656,1
441,3,1,3,3,0,2,6,12,1,2,102,15292.551843619067,0.058607175061713514,0.16942042984664704,12.80061222849944,0.7973875777912378,1.019071986168625,1
498,5,0,4,2,0,21,6,11,4,2,77,5416.234582870595,0.061209585305889255,0.0975304186456544,14.420776654523955,0.9085669982218053,0.7004276001959661,1
1005,8,0,4,2,2,3,0,2,1,1,104,4163.3629666310335,0.1097107081446026,0.19093857436135722,30.113398643754703,0.844707822872318,1.5184451395996903,1
535,4,0,0,0,2,16,3,3,2,2,41,15230.320422007873,0.1687919975677893,0.09041866684087299,17.817306348779614,0.863355201016102,0.6345233011517594,1
396,4,1,0,0,0,10,1,4,2,1,71,14356.308738862515,0.11245539985453495,0.15998999417744883,12.190753012692518,0.7773995726856073,0.21597960301518032,0
695,6,1,3,2,0,0,0,8,3,3,83,9524.704575565665,0.13782130923316868,0.11471656764410204,20.135073361118934,0.7863579554052282,0.7364814301950073,1
479,5,2,4,0,1,18,2,11,4,1,96,4064.7400241734877,0.09728345766465682,0.058212989670381854,14.416064871622542,0.7500265986992325,1.1398069510670634,1
999,8,0,4,0,1,16,3,4,2,3,69,11005.246380799985,0.15437299266838708,0.15334685755853772,29.169442877612013,0.8415260673978838,1.1492173737997315,1
1016,9,2,4,3,1,21,2,8,3,3,86,13801.142576427945,0.06450266553538575,0.10894968504119315,30.99535336211263,0.7419464422405394,1.3393921538715063,1
461,5,0,0,2,2,14,0,3,2,3,119,7432.849414415523,0.12321849893791975,0.1541674116415953,13.215170631170865,0.8551763402392182,0.41704218153591416,1
667,6,0,2,0,1,18,2,7,3,2,144,6072.825508016716,0.06962072432594578,0.1371826443841037,20.44005058584642,0.8869384840804777,0.5852703110160391,1
1085,9,0,3,1,2,21,1,10,4,2,130,14855.904659470403,0.11497474187273471,0.047487122480880266,32.83442544026488,0.9068921610408732,1.0345443540833885,1
862,8,0,3,1,2,23,0,5,2,2,48,13215.115726153213,0.10887904390014805,0.07689609100151334,26.297066567103194,0.8964011892942524,0.9410299860850985,1
378,4,1,3,0,1,13,3,2,1,2,104,9376.974772629424,0.13672994240508465,0.1660757948822884,10.2438766398564,0.7637374182206822,0.589032542139729,1
723,6,2,1,2,2,0,0,5,2,3,90,14860.177298523913,0.12152723775777013,0.12417805059937942,21.246948016009096,0.7094326202392827,1.2876229849491403,1
750,7,2,2,1,1,8,6,10,4,1,97,11297.871747516116,0.19611858059246964,0.12396449403821641,21.904686357980527,0.6759626164161912,1.3722158652495324,1
781,6,2,2,3,0,14,5,12,1,2,127,15329.063128272826,0.18404985522113396,0.04043174803444561,22.864007387393656,0.7189832785349891,1.1722017831788791,1
203,2,1,4,0,0,2,6,8,3,2,75,5237.932071727602,0.08705247806925717,0.09450367551290864,5.342172590085855,0.8182997308880254,0.4784585017565213,1
455,5,0,1,3,1,2,0,9,4,1,99,9236.979166358822,0.059388288948189115,0.16050387337678465,15.465694580283872,0.8810485269537618,0.7466465996495948,1
966,9,1,1,0,2,9,3,6,3,2,137,12150.601042484686,0.050360280112014044,0.19965785601993932,29.245318005790725,0.787491838740621,1.5400070742315044,1
402,5,2,0,3,2,21,5,12,1,2,102,8894.768689103943,0.0716790078073398,0.14332127170730777,10.637181989479403,0.7232498742184086,0.8796678096466819,1
455,3,0,0,3,0,7,4,11,4,1,101,8197.191175325788,0.07553718548747057,0.13731615549057213,11.57802394221734,0.8842159965598808,0.2774064046389032,1
476,5,0,4,1,0,22,2,12,1,2,140,12345.086540760709,0.18218901906495272,0.12465665749282481,15.972024408278262,0.8419194455490001,0.83695053940546,1
343,4,2,4,1,1,19,5,11,4,1,43,11268.249419058222,0.1879745407751192,0.16212660230016687,10.410228765397216,0.6624544856161212,0.8433236485880172,1
323,4,0,1,0,1,7,2,7,3,2,81,7390.469843259738,0.07687524682723917,0.18366360917023986,9.632226732964426,0.8627575148011344,0.19400049120109447,0
499,6,2,3,1,2,5,6,12,1,1,94,9328.023004037343,0.16139697610433704,0.07972306913476698,16.885827917692215,0.7114959796424032,1.0392796591875668,1
984,9,2,2,2,0,19,0,8,3,3,40,12482.814703874123,0.17372223337130802,0.1685157550475294,29.312916421087444,0.6659929052115231,1.5299864553382958,1
181,2,1,4,2,2,18,4,8,3,3,92,11522.870121119486,0.10040169309813243,0.08389386422605677,4.12900395271175,0.8170669992041149,0.5027395123710694,1
440,5,1,1,0,1,15,0,8,3,1,141,9436.315728394764,0.1794550571809825,0.04572261394542178,12.225778725006345,0.7986700479931181,0.7904184088765612,1
235,3,0,4,0,1,23,6,3,2,1,126,7120.057422306038,0.19818436400079817,0.053442378434381724,8.137225513439471,0.866767965904169,0.05546054133186651,0
696,6,1,1,2,1,2,2,11,4,1,43,5375.063805529004,0.19484722958144615,0.0483774755076747,23.15114320712369,0.7905488827098957,1.1064965451254354,1
410,3,2,3,2,2,9,0,5,2,2,136,14082.101743662597,0.15870509260274276,0.09043124013568037,12.996952506916776,0.7078886502677095,1.4359594879957274,1
908,7,2,1,3,1,14,5,8,3,2,127,13843.762876061315,0.09946604335774928,0.062891194139649,26.23647007058052,0.7469392431261708,1.0226741012919844,1
718,5,1,3,3,1,1,6,11,4,2,136,11359.632351409795,0.07632087794836995,0.05533672827385769,20.622674984490676,0.8407540771999976,1.0563839518122062,1
901,7,2,1,2,2,23,6,2,1,1,55,10856.105793408726,0.19885921093344872,0.06656569434617898,26.56869751683029,0.7005587926241674,1.2967862509452728,1
764,6,2,4,2,0,13,3,4,2,3,138,5635.9573767342645,0.08418792447394746,0.046875694409323695,20.08130097476301,0.7610213715025279,1.242452946854209,1
583,4,0,3,2,1,7,0,12,1,3,42,9360.778461053156,0.1101412314798638,0.10183929777717428,16.97026802155931,0.8846087618343328,0.6207151556955017,1
972,10,1,1,1,2,5,1,5,2,3,43,9806.383457722193,0.08225992586169933,0.18810688158380806,30.27985642013236,0.7783349366495217,1.1781621709857597,1
618,5,1,4,2,2,0,0,8,3,2,79,9536.97949415088,0.11937901752137545,0.1396801450259745,20.390683715523984,0.7834233768536926,0.8480608660731848,1
1053,9,1,3,0,0,14,0,7,3,3,129,6905.099104558371,0.05766096874645903,0.05169399156089246,32.619408018161295,0.8507902678616919,0.891031290979499,1
1095,10,2,2,3,2,23,1,11,4,1,135,5485.740297863065,0.1694490470222292,0.10748619043707203,35.131698291556376,0.6953791431433144,1.8487354708280934,1
721,6,2,0,3,2,0,3,7,3,2,109,15176.537488132893,0.12081713934844307,0.11737024280068248,23.390382398345853,0.7128156780328935,0.7608750475411497,1
800,8,1,4,1,1,9,5,6,3,2,44,10676.135786373312,0.10712037501091407,0.07103405863887041,25.926263667063473,0.819830504857597,1.1358578038742093,1
415,5,0,3,1,2,15,4,1,1,3,136,14350.832763833741,0.09810313600860797,0.10714213801948558,12.9524943320682,0.8876396266873579,0.655753673123817,1
929,9,2,3,1,1,10,1,6,3,3,68,12063.821075463966,0.13276549027121967,0.10061590579306864,28.46119583891361,0.7149783717710703,1.4305701938871003,1
797,8,2,4,3,1,15,4,8,3,1,121,13843.705014603225,0.16478208964578556,0.12888550329461534,22.169478726332,0.6878495831768195,1.5946899872773366,1
1010,9,2,3,0,1,17,1,9,4,2,70,6591.971129434074,0.18440975446389735,0.1655125882318567,30.33536593515263,0.6625349457869106,1.4563597040503444,1
425,5,1,1,1,0,23,3,10,4,2,102,5272.410329780714,0.17464293367050096,0.12619065205940244,13.863602984564833,0.7646248864215435,0.9569322857304339,1
904,7,0,1,2,2,14,6,10,4,2,50,11366.44345008572,0.1112821063551108,0.05331172920529618,26.24944012048046,0.9059327739978168,1.3461347801714019,1
612,7,1,0,2,0,17,0,6,3,2,149,10592.158127681812,0.17343873010331695,0.049941167060229066,17.05529999388145,0.7994790462764043,0.814156829524008,1
350,4,0,0,1,0,7,6,1,1,3,50,5157.557565416396,0.12457846302803982,0.19983269759198663,12.709889215769067,0.8340149777209881,0.01,0
337,2,1,3,0,2,3,1,4,2,2,145,11335.544339677974,0.14210850530340682,0.16505753141410107,10.15570488633366,0.7617752834771214,0.7918448341467459,1
697,6,2,4,2,2,2,4,5,2,1,139,6182.789515538205,0.1479296645508673,0.15829226629558282,22.8068375535792,0.6822001311190974,1.3103631158838451,1
473,4,0,0,2,1,2,1,12,1,2,56,5298.004490122504,0.10394909344778527,0.20437622989364929,14.93797654600932,0.8412536044963544,0.6704994080175862,1
273,2,2,2,3,1,19,1,10,4,2,116,15822.742707642066,0.11776850003865827,0.13747105554589184,9.626342407251602,0.7051421999869524,0.40871737448725026,1
572,6,0,0,0,1,0,3,11,4,1,77,10668.596280042939,0.150814239351972,0.05327019630641379,18.848337938405653,0.8881620039537264,0.6935749804817382,1
780,6,0,2,0,1,11,2,12,1,2,74,7957.207318933923,0.08926851919045989,0.16858924985248175,22.111009336721686,0.8639640039306762,0.7139037714743982,1
473,3,2,3,1,1,14,3,2,1,2,76,5176.669832921129,0.15950612667416675,0.06920900884718605,13.036603650433207,0.7170781890153912,1.2529130719173724,1
1058,8,0,4,2,1,16,1,1,1,3,66,15000.669420811497,0.09665650291841837,0.15991501418531504,30.52805162206584,0.8645428173033199,0.9552382152584037,1
897,9,2,4,0,1,1,6,7,3,2,145,15310.950072693833,0.13367831700564403,0.11212738201462666,26.045633306071828,0.7093874354408781,1.6922069781905946,1
651,5,2,1,0,1,20,4,4,2,3,44,7083.464123702484,0.1740196348648531,0.04508064563936598,21.249722443508137,0.7214048737731014,0.7296872129038392,1
1039,9,0,4,1,2,10,5,11,4,2,78,9220.300983684438,0.04371278713559251,0.04999532113484201,30.99282891061271,0.9378313512783044,1.0529433710075746,1
578,6,0,3,1,2,0,5,6,3,3,79,11746.570918099838,0.07845440722945171,0.11067410085820575,18.161936091941094,0.8948921713605541,0.523246706777093,1
308,2,0,1,2,1,3,5,1,1,1,86,5333.881468890914,0.12978682771362646,0.1470177632661353,7.308027602866327,0.8554379340591072,0.33405460539973375,1
212,3,0,1,0,1,20,0,3,2,1,73,10443.48720232916,0.05697639042345072,0.07076149820974197,7.761248307012586,0.9225179501150633,1.0330280191157677,1
1042,8,2,0,3,0,22,4,5,2,1,113,6623.703904388089,0.07289627750271463,0.05921497878444313,30.12970868579311,0.7605499346707789,1.0055107265687302,1
1062,10,2,4,0,0,18,6,1,1,3,140,6703.1662558585485,0.15985431415735932,0.10772147597465556,33.4605341207322,0.6995908944405933,1.4601238985846687,1
860,7,2,1,1,2,8,0,4,2,2,113,11236.740025780891,0.044131687197164114,0.184752531135398,24.609085679554923,0.717002101750347,1.0223042463338128,1
274,2,2,1,3,1,22,3,7,3,3,64,7720.89853249725,0.13760588154843953,0.18112099330240844,9.608791830686798,0.6765729063171184,0.8290327215067413,1
450,5,2,2,2,0,6,1,11,4,1,149,10604.235359711804,0.04546512871246201,0.16314522327989042,14.97113722708778,0.7261253416034413,0.9722214528578065,1
217,3,2,0,3,1,5,5,8,3,2,84,7147.710374233127,0.05854779151587794,0.11656422616152182,6.351698513819435,0.74119959204517,0.6000604885092399,1
227,3,2,4,0,2,18,6,2,1,2,74,9852.273062056454,0.10245452629348648,0.11954876807519091,8.87509311839835,0.7200985175340952,1.410475216411975,1
406,5,1,3,2,1,7,0,5,2,3,115,15186.779229116928,0.19436299056462908,0.08066989535212518,14.062772082198075,0.7762352013374606,1.1783574552403016,1
706,6,2,0,0,2,12,5,10,4,1,147,9816.704249763381,0.1273356079594286,0.06468565016904705,21.566505698043006,0.7335904338421859,0.9094197455685518,1
240,2,0,0,2,1,15,2,5,2,3,75,10016.21577958728,0.08995586759468475,0.04285134234345222,5.9234485969716895,0.9202367555278383,0.5029521996267059,1
1085,9,1,0,1,0,3,6,7,3,2,62,9914.081254058303,0.1058122169947261,0.1948270074077286,33.11276639544374,0.7647123490188954,1.05354307551781,1
598,5,2,4,3,0,22,0,12,1,3,125,14278.748947411561,0.13100355291314525,0.12931323003606937,17.81605416527075,0.7028574476728534,0.8806804426480244,1
422,4,0,2,0,0,3,1,2,1,1,92,12180.869024503932,0.1391066431842098,0.040547736872476925,12.764481376274556,0.8991555289744909,0.33014718807908605,1
654,6,0,3,3,2,23,5,6,3,1,119,4367.50354741765,0.0828645260942162,0.13525121286993722,19.69912189233061,0.8818479174661309,0.5041507926594637,1
906,7,0,0,1,2,6,5,8,3,3,89,5415.449415462009,0.07156711007308408,0.08649830246385368,26.605960015756388,0.908870564358378,1.041954437475757,1
467,4,0,1,2,1,10,0,10,4,1,43,10934.653195787261,0.11924949173779431,0.11692527630056743,12.85072550928756,0.8737213543827372,0.3448791784355871,1
223,2,1,2,2,2,6,1,11,4,1,79,13122.170583122981,0.1431762000368699,0.16103399080949554,4.8499883936678145,0.7631054141191356,1.055923012687324,1
226,2,2,1,0,1,12,2,4,2,3,134,5404.084791609219,0.1706527989782122,0.18575396057961296,4.681321356098325,0.6596169581989786,0.941789455035544,1
963,8,0,3,1,2,0,0,6,3,1,142,10033.415230749826,0.13484725056428842,0.1660867235323603,28.901316204962196,0.8445797116565081,0.9673938168911453,1
282,3,2,4,2,2,4,5,10,4,3,80,11709.942914633077,0.15078945348960024,0.20133375487788574,5.712477469354416,0.6615445562346313,0.9939314049754018,1
764,7,2,1,3,1,12,4,11,4,2,116,8809.627530271182,0.11743668177831473,0.08225430541952569,23.776730558205564,0.7301390557609717,1.6452479322865223,1
533,4,2,3,3,1,16,5,10,4,1,50,12322.086006539117,0.13067508124682523,0.15904932629124582,16.233714953762718,0.689624016607868,1.1486840196190562,1
895,8,2,4,2,0,23,3,9,4,2,63,8111.516296623909,0.14167161051939936,0.20016962871825753,26.389359861259784,0.6661714423430544,1.335838624203548,1
235,2,0,4,1,2,20,4,4,2,1,116,11476.224639449178,0.07781299905545287,0.09552998459154279,8.21604318653271,0.9019956573588519,0.734184425338631,1
1005,8,1,0,1,2,22,4,5,2,3,44,13188.523931788312,0.1894518650127921,0.18390128889050997,29.33528201269955,0.7319910807435142,1.3772170829605195,1
822,6,2,0,1,0,19,4,8,3,2,122,15469.80266247707,0.09525422236182465,0.20923880258897365,24.53385908618992,0.6829781387721408,0.9393090360422917,1
593,5,2,4,1,2,18,3,4,2,3,145,11666.74193107304,0.1367501016501376,0.15589783853307768,15.25545681210564,0.688308426917553,1.2864457963455127,1
370,5,1,4,1,0,8,4,9,4,1,47,8218.953180871129,0.1297526734006989,0.06956762113212786,9.046655615581983,0.8103058674602279,0.3756009387951554,1
1078,8,2,1,3,1,21,4,7,3,1,104,12654.88764536452,0.1765352759895348,0.08695483079779313,31.286027883473764,0.7014294519457024,1.4097312226324643,1
457,3,2,2,1,2,23,4,6,3,2,78,13653.754540098344,0.05817670001125247,0.1623964443479615,13.733742929054772,0.7207420850383537,1.1186222650087017,1
631,5,0,2,0,0,12,6,5,2,2,110,8975.635420862614,0.18147696269549402,0.19591157470808776,19.7455763742349,0.8101751581683881,0.865217560778989,1
542,5,2,3,2,0,2,2,10,4,3,138,8350.80424253926,0.061922408117535,0.04427620388850603,16.050444082820015,0.7722106245972815,0.7802151619060569,1
392,5,0,3,2,1,1,6,6,3,3,48,5829.615937998699,0.06312486034894209,0.09873964654056064,12.611670394687938,0.9071609718997238,0.41066291530352755,1
563,4,1,1,1,0,11,0,4,2,1,113,12122.795758753871,0.17796077327314094,0.08204258890704481,17.359276646734006,0.7829984870189164,0.8637597010204239,1
319,3,0,4,2,1,15,3,5,2,2,60,9338.43047782314,0.08113630502322723,0.11597098314588375,9.44142526742633,0.8913017203239,0.8758850547297382,1
181,3,2,0,3,0,13,3,6,3,3,98,5594.904114112229,0.13788583536912943,0.1783260012761772,6.667867719717972,0.6777046735096119,0.8350159727523236,1
446,5,0,0,3,0,21,6,8,3,2,88,10737.48703770544,0.11417771807301544,0.13050499055048476,12.382269847850102,0.8698927811194249,0.37001009083960423,1
283,3,1,4,3,0,12,0,12,1,2,95,15878.545349696144,0.18948260040660342,0.13329233102522225,6.659651019872755,0.7547512808556784,1.0448572745812572,1
561,6,2,0,2,2,15,1,5,2,3,124,4615.956015728391,0.1651334380918522,0.1496246692716656,16.522520916803348,0.678358851686417,1.1861275433428817,1
973,10,2,4,0,2,18,3,3,2,1,106,10186.220485346792,0.0935990044459653,0.13282127087528967,30.53496377265737,0.7181108761054352,1.6128085002496368,1
329,4,0,1,2,0,21,5,12,1,1,78,15229.907234397822,0.17015051945220094,0.16388704122332487,9.404640826162327,0.8296830976960133,0.7193965107730746,1
181,2,2,1,3,0,14,3,2,1,2,111,15509.528399093355,0.07612615824562725,0.059266723639411725,6.344126921735134,0.7590732031517324,0.6894327148527326,1
282,2,1,0,3,2,13,4,11,4,1,105,8100.664768398672,0.1384914162815222,0.044104207213427726,6.9886820530415905,0.8178319694272725,0.37438277155509,1
647,5,2,4,3,0,1,1,2,1,2,47,6059.273297558731,0.16025340347593725,0.1888221836780526,18.32729888035084,0.6629159857807045,1.2248899859597053,1
432,5,1,1,3,1,15,6,5,2,3,107,9048.721919209844,0.15250535627408568,0.1262034227042899,13.658869343008346,0.7745810494597309,1.1016232306114253,1
630,6,0,0,2,2,4,5,12,1,3,76,7822.347848368005,0.14506912049017157,0.09372528267385793,18.178043097663203,0.8725425185761867,1.1728086563138707,1
206,2,0,2,0,0,8,0,2,1,3,56,9791.030228390187,0.172795012908953,0.12177492865413414,5.623504288003332,0.8474435262966108,0.11569404210099671,0
486,5,0,0,1,2,12,4,2,1,2,97,11151.521527144265,0.12899335082499938,0.15701648302276908,11.659377759281158,0.8512955747685041,1.0418275291799801,1
557,4,2,3,1,0,1,0,8,3,3,96,13218.88340860248,0.18853566496155552,0.061906520390844044,17.264990211881784,0.7073010165914201,1.0017210883254213,1
576,6,2,0,3,0,16,3,3,2,3,120,11609.888683383073,0.06316956346270995,0.13425007021335758,17.41557593779693,0.7311611648457695,1.0153844151205516,1
687,6,1,2,3,1,6,4,1,1,3,87,14704.652279904316,0.0969133749420355,0.059927466473427594,19.34455442477474,0.8294216213630417,1.3613445942777855,1
898,9,2,1,1,2,12,6,9,4,1,121,12828.523007302267,0.16527872188518783,0.19472248486146768,29.430704959822542,0.657999456964005,1.3617565950236326,1
609,5,0,0,1,1,8,0,12,1,1,71,10223.769206505369,0.08928891325384453,0.14122910368850525,17.07935542757422,0.8762668923759426,0.5465297587630791,1
953,8,2,0,0,0,8,2,10,4,3,106,5431.590897674934,0.11087185716498144,0.1859547315163508,27.660300971368123,0.6864280350934004,1.1405806812671624,1
667,5,0,2,0,0,9,4,12,1,1,145,13645.03307152205,0.16366072923636682,0.1697809759942059,18.398489028724004,0.8299512326462423,0.7527150628660246,1
419,5,0,1,1,2,1,1,7,3,2,104,12569.991614416853,0.1261711764459412,0.18674601061635238,14.350840704688705,0.8391872658219679,0.7361452115025812,1
390,4,2,0,0,1,4,4,8,3,2,114,8034.030456836295,0.07001881379293749,0.10152533256584395,13.583706874698743,0.7428051341385483,0.7184304189345685,1
476,4,1,0,1,0,18,1,12,1,2,80,6783.487223647839,0.06797416543316964,0.06510326486663785,15.72698771604901,0.8401151563650866,1.00880022224845,1
729,7,0,4,3,1,2,1,7,3,3,114,11896.954558644793,0.08819716701048802,0.2004888676704493,23.573443406398685,0.8500912843935782,0.7377433562535471,1
403,3,2,3,2,1,11,3,1,1,1,131,5010.708403353948,0.0884820112927063,0.1992351218986414,11.088491087132459,0.6905272900638935,1.1804112977074255,1
1021,10,0,3,2,0,3,4,3,2,1,136,13447.011394520225,0.061867927372981454,0.19898911332112776,32.87533550518102,0.8626143316876509,1.057241470256249,1
621,6,2,4,0,0,12,1,8,3,1,140,6722.616352022083,0.1735457059538381,0.21806891528915157,18.50737917754033,0.6437734204406547,1.6181721043055708,1
974,10,0,0,3,2,15,6,11,4,1,73,11121.702612123538,0.08522026045888803,0.1473101499157395,27.78041440417986,0.8753613153314176,0.7712627380287512,1
808,6,0,3,2,2,11,6,8,3,2,133,7642.743753337496,0.1683594404150494,0.13224937588788577,23.151377608771448,0.8447260326636792,1.0807712361487107,1
486,4,0,3,2,0,18,0,5,2,2,78,9726.881313534126,0.19575202913591222,0.18351957515790548,14.780617054609227,0.809327778067782,1.3037420951834917,1
389,5,1,1,1,0,6,2,4,2,3,135,13607.553550369183,0.09311382499290019,0.059824213171716975,11.46305181312644,0.8311778828259223,0.3281774099821859,1
864,7,0,2,2,1,13,3,9,4,2,40,7444.335972047504,0.19523695900777574,0.18094847179147672,25.7131190445625,0.8107165561403363,0.7332919961319359,1
484,4,0,3,3,1,6,3,11,4,3,139,4397.088283487883,0.07059212784555292,0.1862006486539769,14.980749956687086,0.8644432505752115,1.1850688315961957,1
407,5,2,3,2,1,12,1,4,2,1,63,4928.7107099893055,0.14359252923050966,0.1438945610599207,13.203262349237022,0.6906308093693063,1.0839508510375955,1
1035,8,1,1,1,2,1,3,7,3,1,62,4893.700422457423,0.19858882386445809,0.10982556552874717,31.223001555051887,0.7612135247730576,1.2739014510226112,1
624,5,1,3,2,0,6,6,6,3,2,101,9508.23798143868,0.16933950632592376,0.1581208717087317,18.20499450389159,0.752642829884405,0.8970462846744148,1
224,2,0,3,3,0,16,2,3,2,1,96,4999.371129883295,0.07675212588042633,0.20470318322763242,5.821997031101408,0.8533451109013735,0.874237316235541,1
635,5,0,0,1,2,18,1,5,2,3,57,8952.030662083249,0.08117322433297602,0.06843358275023623,16.94632008900773,0.9126769368125545,0.2150007934324667,0
603,5,0,2,3,2,6,5,2,1,2,98,12374.263638130298,0.08198889706735299,0.09599850240681423,17.762815905792426,0.8999056702366247,1.010141751783796,1
974,8,2,2,2,0,6,3,7,3,2,128,14558.42386173682,0.19087882201279582,0.16085568119149757,28.186902545360965,0.6617194735580679,1.0543910891889832,1
834,6,0,1,0,1,7,4,2,1,3,93,6657.181263430341,0.07926585114046694,0.18997907721282925,24.20526676650428,0.8588397822410168,0.41890064465567645,1
356,2,0,0,3,1,6,4,6,3,3,103,14520.014845602329,0.12153845025602203,0.157372432387435,7.683714333194432,0.8544901028104444,0.1674215434328184,0
318,4,2,0,2,0,23,5,11,4,3,133,15737.008751770663,0.09598228721014947,0.14635165113115473,8.146298582738229,0.7109497277464131,0.8279865587994982,1
735,6,1,3,1,2,15,5,2,1,2,59,11508.49332078148,0.09780310404072268,0.05543341589038002,22.354080976659176,0.8310435660310038,0.8574531533093629,1
223,2,2,4,0,0,9,4,4,2,1,75,12846.646867587486,0.10531485996732043,0.11806898430807108,4.705843289166681,0.7194772700760738,0.7119882549607427,1
473,3,1,2,3,1,11,3,9,4,1,138,9796.449638588729,0.09520719107317697,0.20023144577999055,13.4193263828561,0.7670526134160747,0.6003664899607986,1
307,3,2,4,3,1,12,3,11,4,1,57,4898.175717234649,0.13598840942461005,0.10509531752052625,8.281992427130838,0.7115123228746886,0.7966229073737978,1
198,3,2,4,0,2,13,1,12,1,3,67,15519.286780360155,0.10807545489227866,0.10858100719629052,5.337332791952564,0.7225045920601438,0.7667832228659827,1
1025,9,1,3,2,0,9,3,2,1,1,70,15343.199283226671,0.11056185056057535,0.10436034730873087,30.676053041561584,0.8032850109588122,1.273577766022889,1
262,2,2,2,0,0,23,4,3,2,2,130,7873.300244344336,0.12095903661114371,0.10529473657894795,7.7290091584058676,0.7181858020644587,0.6858668626814182,1
188,2,1,4,1,1,6,5,12,1,2,55,6348.892585748538,0.09698856381495291,0.11285658031275267,6.402903097200534,0.8055696851425325,0.03506192656553253,0
1038,9,2,3,2,2,10,5,7,3,2,81,4785.816117748242,0.16072953319779948,0.17920555999767715,29.593383186126808,0.6670292080620355,1.586455997261985,1
353,2,1,4,0,1,0,2,11,4,1,84,9973.825758882404,0.12055717674135566,0.12191129622326094,9.028125521213985,0.7908891871659225,0.9832900288988256,1
931,9,2,4,2,2,11,5,1,1,2,48,15097.227214909124,0.12147378111294371,0.1492754151342822,29.447876613712015,0.6981628616887483,1.4759276209925296,1
208,3,1,0,1,1,20,3,2,1,1,52,4491.2964478966915,0.07357522291702379,0.11963565518660435,6.4041255630199085,0.8130551048533674,0.25527448388929036,1
321,3,1,3,2,0,23,2,3,2,2,81,11338.5740311966,0.04493388116998521,0.19729013885294275,10.086435688337483,0.7909991909896824,0.9175017489382512,1
281,4,1,3,3,1,11,1,2,1,3,49,14026.744032341763,0.16948401857361745,0.07217485920782084,8.398192384447656,0.7912535049983528,0.43958673016000044,1
829,6,2,4,0,2,3,1,11,4,2,147,8556.430026225687,0.1768770955529062,0.06212242598317254,24.76208311800592,0.7124502153087645,1.3099238372757427,1
750,6,2,1,3,2,17,4,10,4,2,89,11343.72131149027,0.07859948746474515,0.11339069297599347,19.15034189893012,0.7336044188016676,1.2006383215338419,1
617,7,2,4,0,2,15,1,5,2,1,40,9325.758805082176,0.09760516823988263,0.21537178205275329,20.418524636078672,0.6791603723683137,1.638030125097639,1
402,5,2,2,0,0,23,0,1,1,3,106,4784.794984648129,0.09728286670125481,0.16596334637928042,12.032602154917937,0.7015392041137591,1.165108730923299,1
261,2,0,1,1,1,12,1,2,1,2,123,10053.531611490878,0.14947397363716491,0.15092857368690946,6.1697165738582935,0.8448188537041665,0.5084866005104784,1
703,6,2,0,1,1,0,6,4,2,3,106,5068.694411455497,0.0699577472885205,0.11026022177160125,19.62500426451223,0.7389019139229451,1.3303251311579316,1
392,3,2,1,0,1,21,1,9,4,2,102,12219.633630659084,0.19659414117704427,0.09312735433347585,11.199483852891289,0.6896253270202659,0.6825140449951526,1
722,7,0,4,1,2,16,1,10,4,1,50,7721.170512494995,0.049897836036526345,0.21218405123827777,21.667525506332744,0.8620631507263381,1.3404237411928888,1
812,8,2,3,3,2,19,2,7,3,1,120,13630.035740373414,0.195802799037687,0.11684552609502866,24.73785326759242,0.6793082536902779,0.6804207929756917,1
961,10,1,3,2,0,2,2,11,4,1,146,11044.432880336319,0.05100513406820158,0.16799528957918275,27.8582907422711,0.801449809358677,1.5751607573433994,1
634,6,0,4,2,0,10,6,12,1,3,80,15220.36886932563,0.09080224417939733,0.18587886595083286,20.12961595535871,0.8554935004413964,0.5938763507010844,1
184,3,0,1,0,1,10,1,10,4,2,53,12852.908359084651,0.08011092006916806,0.15835412586657197,5.412975982926843,0.872690729328917,0.5017601847346729,1
438,4,1,3,0,2,6,2,1,1,2,63,12698.24226497014,0.08154148486748282,0.0818690425122964,12.437139173803283,0.8264652626790994,1.2092530825661298,1
965,10,0,1,1,2,20,2,11,4,3,112,7655.353613016952,0.1991471178603003,0.09183706536896513,29.12321471295176,0.8490571175468306,1.1834630167923474,1
670,5,2,4,3,1,4,1,11,4,1,110,9303.001446060076,0.11333628028943407,0.04413691998271804,20.426976763590776,0.7491370598775315,1.2921340332575344,1
749,7,2,2,3,1,1,2,7,3,2,137,12946.82408831905,0.059121690378111144,0.2144881408965513,22.469845482573323,0.6968755759264018,1.5012023484516968,1
601,6,2,4,0,2,5,1,8,3,2,84,12664.100333516502,0.19716479439453904,0.19023753997735138,17.56497706612329,0.6456689495326493,1.0056383101806103,1
329,3,1,3,1,2,23,5,10,4,3,137,12307.479250159466,0.0788264917310028,0.1127220770666095,9.469402376303398,0.8138031440410745,0.4519879956187379,1
1004,8,1,3,1,0,2,5,8,3,3,70,4095.412886765825,0.05160752670275624,0.20063574734675077,31.084039829839917,0.7864905266777219,1.2655489152586894,1
891,7,2,4,2,0,13,1,5,2,3,96,4207.857834766575,0.043868900729229506,0.06766246695972016,27.513814270046687,0.7698108845399726,1.2425168718155861,1
1095,11,2,3,0,1,4,3,9,4,1,112,4809.602217308509,0.11411692189182554,0.047566795022745745,33.65479654489086,0.7472423273884429,1.4565350282363738,1
967,8,0,1,1,1,9,1,10,4,2,70,4379.001749342673,0.1869331789118826,0.06435279210985981,28.825699472956448,0.8669213130402159,1.2298670553084299,1
447,4,1,2,3,0,13,6,2,1,3,80,13274.188703904481,0.042713675882863955,0.19901548215536338,16.13948593190888,0.7912218788827977,1.0660895654850462,1
413,4,2,2,1,0,0,0,9,4,1,131,10562.735567053425,0.15602822896464397,0.06888833686035635,13.024638512492253,0.7187875453787498,0.7424934320495836,1
408,4,2,0,3,0,5,2,3,2,2,103,10058.746634770658,0.08166749308009608,0.0522627295436358,12.55357472691459,0.7597313998193206,0.9464177060834186,1
1025,8,2,2,2,0,14,2,7,3,2,107,5027.1929709905635,0.0750496744829201,0.07339843807927811,29.931184077285327,0.7531983493470108,0.9338976704252906,1
692,5,0,2,2,1,0,2,2,1,3,108,13295.479356004236,0.15260636565915792,0.11471125436255658,20.638694967604465,0.8597070709902285,0.3578424392467173,1
598,4,1,1,1,2,11,6,12,1,2,127,5114.132141606875,0.15965972232215522,0.12935761380548083,13.6825381625036,0.7699421987425639,0.6920167415221987,1
1070,8,0,0,3,0,14,3,9,4,3,146,6661.764603692454,0.12944244083170772,0.08246508379531703,32.59115340918027,0.8846416139178388,0.8502653487553747,1
735,6,2,2,0,0,5,2,6,3,1,83,13826.910528575505,0.07236086960004436,0.18502901333612726,20.21598235780901,0.7041745526787228,1.035260349614531,1
1016,8,1,2,3,0,3,5,7,3,3,78,12310.925871469313,0.04100930260802734,0.21277199710748065,29.07514755183755,0.7857984151280214,1.2768906643033875,1
1085,9,0,0,3,2,11,5,8,3,3,140,5111.359018076605,0.15796444687656483,0.09235050849471718,30.47241255236009,0.8673582700829231,0.9995376253319266,1
253,4,0,3,2,1,17,1,2,1,2,92,4886.7281964824315,0.13593831910278678,0.20759576899466864,7.374197364579834,0.825409660356145,0.8896427073530031,1
512,5,2,0,3,1,0,3,7,3,2,142,8877.964090194788,0.10760739746205394,0.18722550612539968,15.065293713317155,0.6873251933856458,1.1860366376953828,1
855,7,2,0,2,0,8,2,9,4,1,136,11240.725022116389,0.07417311228688425,0.19948364960487672,26.367221423026393,0.6968544571487075,0.9531978660180291,1
928,8,2,2,2,2,23,3,4,2,1,121,6961.129304311426,0.16190950311014782,0.050745778178587955,29.16793027586775,0.7243051234200688,1.6245674927771225,1
316,2,2,1,0,0,8,2,6,3,2,119,11022.085969846408,0.051343243153302666,0.19012754734067186,11.44511510075417,0.7113381442777114,0.6230303724249363,1
472,4,2,4,0,2,7,5,4,2,3,143,8312.836457018358,0.14283238483388427,0.14546651624512089,14.143737841404537,0.6902654945144476,1.3003922335547393,1
684,5,2,0,0,2,17,6,2,1,3,70,11063.574236300967,0.15014374675672154,0.046886544839350286,19.737123748947287,0.7313363687817677,0.9860551403540961,1
915,7,2,1,0,1,11,0,12,1,2,89,12706.142142641716,0.07572116638102631,0.17565707113113954,27.81442880941154,0.7068797931195253,1.6377561407925276,1
283,2,2,3,3,2,9,5,8,3,3,100,14117.94547817225,0.11733198612287285,0.08350871593898432,7.222395829505826,0.7296216840721642,1.1419370897958134,1
732,7,1,1,0,2,18,6,5,2,1,61,6350.160872484605,0.12323189910392071,0.18347362845513504,20.904137747717837,0.761982512598425,0.9035954765163696,1
452,4,2,4,0,1,0,2,5,2,3,96,5021.445587359298,0.13460510777449275,0.15267804507995672,13.05408123459949,0.6907225812154977,1.0513209449199599,1
379,4,2,3,3,2,17,3,9,4,2,112,5420.56202771048,0.18419007483389577,0.12861971876408226,11.53307449425827,0.6792355928809098,1.9472869340396177,1
654,6,0,4,1,1,9,0,2,1,1,95,5984.558718255979,0.1274264160016446,0.04420902917383249,17.13029989549319,0.9027640496710353,0.4750160403129213,1
560,6,2,4,3,1,21,2,7,3,3,111,7892.25490422847,0.05077095344865683,0.2001414517241479,18.41718147070394,0.7070894176722378,1.05511484406199,1
764,8,1,0,3,1,17,1,3,2,3,51,4343.626605321981,0.09519550482692259,0.06656158786789174,23.593352462921658,0.8272093082873335,0.786572958726174,1
472,4,0,2,2,1,22,6,11,4,2,94,13990.463939687867,0.14053229549663943,0.18934507293693725,14.978889718584737,0.8315551842048905,0.37273873443309075,1
937,8,0,3,3,0,3,0,10,4,1,142,14188.661485667084,0.09330251798860197,0.1638692534497129,25.973311357862976,0.8642727028527583,0.6867487522140836,1
251,3,0,0,3,0,4,2,10,4,1,68,12557.862434085042,0.16287043649863214,0.05252309107676216,7.007181285724079,0.8830729125910726,0.3161607027979517,1
972,8,2,2,0,0,21,3,2,1,2,90,8277.787357425404,0.07038486497508395,0.13759871792308068,27.92001511444048,0.7264073876958259,1.45574157624152,1
207,2,2,3,0,0,9,6,1,1,3,108,12480.985943755344,0.06288081830725427,0.21311567788287772,6.004076746766229,0.6958015767144405,0.4914025537262991,1
857,7,0,3,1,2,19,5,6,3,1,108,10895.279399659468,0.07696522715615797,0.20610559188923197,25.31235644043475,0.8526181314295745,0.8540279741942325,1
498,6,1,2,2,0,16,6,5,2,3,59,11948.146271396185,0.18017360084765885,0.06633370637484634,16.548766792992357,0.7890717117498727,0.6632712278230849,1
532,5,1,4,3,2,11,2,9,4,3,52,5054.604664642839,0.14894955216880937,0.07117301648014951,16.118511207111624,0.8009448441079685,0.7012704474545832,1
197,3,1,3,0,1,1,1,9,4,1,122,14496.601381784918,0.12320778424299669,0.06765413958013304,5.4945677201728484,0.8141121342795916,0.9330093990619137,1
825,8,1,0,0,1,1,3,5,2,2,98,8184.160510859736,0.08805396568745441,0.1761114053004047,27.535782774792462,0.7811255830554634,0.852245592723295,1
332,3,2,1,1,0,17,2,2,1,1,139,7230.703479494556,0.18697453439096637,0.06893570907107682,9.618159173530204,0.7048403904420806,0.5419820190441802,1
786,8,1,4,1,2,2,0,4,2,3,148,8689.771522952104,0.18220422453159069,0.05162466491888934,22.796025513379586,0.794776999747284,1.4276073795591002,1
847,8,1,0,3,1,0,5,7,3,2,58,6967.576905951251,0.10390407274678976,0.11025978244380052,23.227291649086034,0.8036262651642344,1.3363084717615465,1
957,7,1,0,1,1,5,0,4,2,2,79,15930.031700158619,0.16043581402732096,0.21404009616854902,28.09270224813062,0.7314858404118585,1.1990995415731927,1
831,6,1,1,3,1,21,1,4,2,1,130,11754.576184749418,0.18617022652694423,0.09548677702433862,25.0973419105783,0.7732543484019228,0.8015091531751114,1
457,3,2,4,0,2,15,6,3,2,2,72,14756.93632737705,0.09013654569137973,0.17036248770646462,11.858351393038829,0.70277543497097,1.074610867543491,1
859,9,1,3,0,1,17,5,1,1,3,61,15412.31522807468,0.09259493498035157,0.06591299409995963,26.955251644466212,0.82867143191386,0.9818002350378159,1
939,8,2,0,3,1,15,4,8,3,3,57,10974.88718142495,0.1273290068407545,0.15180625683994378,28.01089561099241,0.6943891313436857,1.3119515175856744,1
471,3,1,1,0,2,13,0,12,1,1,95,13606.221758586984,0.1053386542200162,0.1446098696386769,11.466693991396584,0.7875231642635881,0.9830375493112916,1
294,3,2,4,0,2,6,1,12,1,2,82,14863.472721586179,0.16183673211241878,0.20275117107164,9.687665188654144,0.6559354435671735,1.1260821767427316,1
998,8,2,1,2,2,10,1,12,1,3,142,5800.106119597089,0.12590884269382702,0.1689802954205737,29.145097662939307,0.6872998878485197,1.4396879707233958,1
316,4,2,2,0,0,13,4,8,3,1,146,7229.902260640438,0.07389687337925635,0.06174126186192988,8.564458018811898,0.7589628391414661,0.7467481333841978,1
726,8,1,2,0,2,23,3,9,4,3,49,8819.373856317252,0.09702196274891481,0.11286398718542812,23.45354469450958,0.8055513225295456,1.2521478506103638,1
397,3,1,3,1,0,21,2,1,1,2,139,11474.107850856035,0.14739824838770774,0.04010014583821012,12.772806648576356,0.815625722598337,0.8250250996441,1
295,4,1,3,2,1,17,5,3,2,2,49,13219.565324314,0.04854947901128585,0.08337943660416537,7.985808741432031,0.840631987973047,0.2637009535123997,1
894,8,1,4,2,1,19,5,9,4,3,119,8140.0510521896085,0.09474674802314048,0.21483869717463075,27.07846058405007,0.7606865496610029,0.8167435910822445,1
312,2,2,0,2,0,19,5,12,1,2,145,14112.266199033907,0.04257537785498913,0.1220334622034169,9.254455025559249,0.7459260219737173,0.6676721875300673,1
796,8,2,2,0,0,16,0,11,4,1,78,11852.33319150172,0.17133871301137388,0.19616397488401383,24.065864337219647,0.6546237904470755,1.594987903078392,1
817,6,2,3,1,2,19,4,8,3,1,57,8464.26506561384,0.05875038907967102,0.04427122534789243,23.281212580857268,0.7736402735075965,1.5548385702146752,1
235,2,2,2,1,2,1,1,2,1,3,47,12168.565748716392,0.05235275533622003,0.19841041121075972,6.806103656003961,0.7071565750538591,1.1180132764132855,1
339,2,2,3,1,0,0,1,12,1,2,77,14224.414329021962,0.16585488266660414,0.20009129096678316,10.84725664270565,0.6553242218649756,0.9659917027832761,1
910,8,1,3,2,1,10,6,4,2,3,144,8031.416812293678,0.054321098017422804,0.15761786958566093,27.638349541397695,0.8046274645786123,1.537025232599217,1
646,6,0,1,0,0,1,2,1,1,3,90,8643.783697095874,0.14948200683855173,0.0609251629212484,17.08655858964894,0.8853167736080899,0.46925681551107906,1
291,2,1,0,2,1,8,5,10,4,3,85,12302.007023609105,0.1007781721214949,0.19768289420144128,5.885742903823966,0.7656925201546787,0.55609376740526,1
1092,9,2,4,3,0,4,1,3,2,3,40,9157.866117221492,0.1714719134270305,0.20197550160026556,30.10830664746648,0.6519486632377167,1.2451986712440322,1
423,3,2,4,2,2,22,6,4,2,3,113,6132.015389632952,0.06925620071781426,0.07618840527502127,10.701723558567252,0.7545499273032239,0.9732053336943867,1
183,3,1,4,1,1,15,1,9,4,2,60,14249.991666539687,0.05350673176920655,0.20922946023626443,5.1095839404314916,0.7817687135975381,0.5453932487202755,1
1030,10,2,1,1,1,1,1,12,1,2,115,6418.533312836464,0.07654519235905864,0.19858747220474832,30.562020128571966,0.6961903009462869,1.8477291228594526,1
195,3,0,1,2,2,14,2,11,4,3,131,6956.113468686375,0.1891416055696499,0.07687775987730786,6.252906745162923,0.860291285548869,0.8034981286515349,1
689,6,1,1,2,1,17,1,2,1,3,125,14413.785325304976,0.17265935570629073,0.11088772996124105,20.490972898594407,0.7724038114496107,0.9891299876490743,1
1093,10,2,0,1,0,7,4,3,2,3,97,11703.4712986579,0.08572596918937146,0.10060218314225691,32.704830610927246,0.7361523314507672,1.4753514843428879,1
711,7,1,0,0,1,21,1,10,4,3,111,9179.297301136387,0.07297826259061223,0.1296807505822721,22.882882603225916,0.8088034440722021,0.7737260266612016,1
717,6,2,1,2,2,23,1,4,2,1,83,8581.712280811247,0.06509470206044621,0.20002005076711984,19.25638518753005,0.7006983612275952,0.600815115985647,1
537,5,1,4,2,1,23,4,1,1,2,117,6198.836517808579,0.07539254496464974,0.1973825241489035,16.532326698547628,0.777251218898901,0.7971398202863809,1
296,2,1,1,0,0,2,0,8,3,3,115,4814.9944105701,0.07280703094772792,0.07162109073205267,8.984392924610084,0.8350073452440987,0.7381930138492074,1
706,6,1,2,2,0,10,3,8,3,1,60,14913.063420660923,0.18211005895889748,0.13920390981139585,19.463726132204872,0.7554087140533681,1.1132367074608447,1
1005,8,2,2,0,0,18,4,12,1,1,75,4536.76553221799,0.04319774533826655,0.13612615264657527,30.28790988180597,0.7393042459068211,1.2363947577123537,1
263,2,0,1,2,2,10,3,6,3,3,125,4740.148328652957,0.18081960153767976,0.12107169133754733,8.168138608688,0.8441489182061478,0.6755558607853795,1
989,10,0,4,2,0,11,0,10,4,3,88,13025.219233902233,0.04662795333392875,0.16864776353018893,29.9744127047186,0.883125927411147,0.9310041084039768,1
561,6,1,0,0,2,7,1,7,3,2,65,14724.926869318579,0.1722935728821563,0.1562745494160791,14.261924806864247,0.7521443449657941,0.6567378595128928,1
673,5,0,4,2,0,10,6,12,1,3,149,12516.551480668953,0.10811955783065383,0.08951935428941232,20.867067718598555,0.8910624895459702,0.9293904223251612,1
332,2,1,3,0,1,16,5,6,3,2,135,6904.917845978171,0.05235288873879588,0.10267085556756689,9.808866382090637,0.8302393150621368,0.5409679263668389,1
752,6,1,1,1,2,0,2,9,4,2,125,7247.801957922296,0.16784083315079415,0.19990629034875504,22.673767625758384,0.7345137944252029,1.3491194743755686,1
347,4,0,3,2,1,19,6,12,1,3,86,15536.534744184475,0.0810303533757695,0.09863894149141798,6.662711372288781,0.8991488173097656,0.056112374288419364,0
431,3,1,2,1,0,17,0,11,4,2,100,12400.990082419985,0.18048448841934386,0.11993535701610786,11.904284787697721,0.7648110695540468,0.6337751271900107,1
843,7,1,4,3,0,3,0,5,2,3,144,13933.654532613271,0.1603612246732232,0.2151213991585826,23.2637832366823,0.7310328192756874,1.3577655109462008,1
226,2,2,0,3,0,18,6,7,3,3,97,9356.412168301486,0.19708327567476744,0.1943105534416676,8.2994747463252,0.6438727768976041,0.9710298138908626,1
591,6,0,0,3,2,12,4,8,3,3,130,13318.278706034687,0.17309966250094436,0.16581332901439247,16.62660650378765,0.8274891538180984,0.6866986609947578,1
727,7,2,2,0,0,7,4,2,1,1,132,15769.258040649644,0.07855382455150994,0.09472408981861077,23.70669853561305,0.7420249385334456,1.2462517148451797,1
301,4,1,4,0,0,10,2,3,2,3,128,8280.641396706727,0.1054744320576437,0.1531749983804116,10.66447192097933,0.7836077563028752,0.8370476124896814,1
451,5,2,0,0,2,12,5,9,4,2,106,7846.274983240489,0.15146084824022174,0.15556364103249795,14.13404073720137,0.6818389798272761,0.6969555369247198,1
496,4,0,3,2,1,5,4,1,1,1,77,4515.3722098995195,0.09057039300392178,0.1140811854996161,16.015098891403206,0.887906789673408,0.5473401911194457,1
790,8,0,4,1,2,14,3,8,3,2,77,12844.270371547624,0.1274405789837835,0.046501328850084886,22.856172888952067,0.9017261414747593,1.0103037960695482,1
1078,9,1,2,2,0,15,2,6,3,2,129,6888.039018649239,0.07802353901144742,0.10597512567377115,31.050102580400882,0.8172006008916517,1.306953749550524,1
949,8,1,4,1,1,8,2,6,3,2,85,7046.934744831569,0.14607213777386036,0.1314640250684431,29.280518521399813,0.7751087267209635,1.2516048599734693,1
354,2,1,3,0,0,11,4,11,4,3,67,11584.086396854726,0.09474143700358709,0.21102559157366033,8.988013483998188,0.7624048371402387,0.6163791230440928,1
196,3,0,1,2,1,14,4,4,2,1,60,12865.941125037845,0.048828486133932536,0.17094927909843108,4.766914844287512,0.8811000056454363,0.06733328408733513,0
227,3,1,4,2,0,12,5,10,4,2,107,8889.714297032797,0.19484384997542628,0.05942679742451702,6.788128818351939,0.7855782086700255,0.9239393742339475,1
728,7,2,3,2,2,10,2,10,4,1,145,15334.500724224235,0.17502457102107852,0.09425601465823072,20.899326257218604,0.6988237364443108,1.513189376049729,1
323,2,2,0,1,1,22,1,12,1,3,81,5940.540790174459,0.08859468361741062,0.13390309878893847,11.53846260929348,0.7198759979171429,1.0771253130750016,1
392,5,0,2,2,0,21,3,10,4,3,111,10328.199890606811,0.06073996803040693,0.12120074959574331,13.246220041390796,0.8981266770682323,0.25775355808937916,1
959,9,1,3,3,2,9,4,7,3,2,73,11407.95554777096,0.15763618772245025,0.04092208488665563,28.1456601785782,0.8106487773259023,1.285547088040563,1
983,9,1,4,2,0,17,1,5,2,3,83,11408.575781907699,0.07530764508437995,0.2083180003795052,28.266780891741924,0.7723684595412517,1.10392700257129,1
951,8,1,3,3,2,19,0,10,4,1,84,11882.217169493804,0.13687265179718833,0.20272716188836,28.632713179775536,0.7471800838415033,1.3176448437635047,1
413,3,2,2,1,1,2,2,12,1,3,79,11606.599332637084,0.16465266053487612,0.20627402267905526,13.493474338631824,0.6530829925537308,1.7969488378483836,1
750,6,1,1,0,2,14,0,4,2,2,133,13500.43097339004,0.08358781814132009,0.11713987294993247,22.48593357397107,0.8096725390089363,1.2172572366869774,1
741,8,2,0,3,0,19,0,5,2,2,139,13768.985084388838,0.08554186162001427,0.19000759124711944,21.558765569226438,0.6960027462097897,1.0032384598460695,1
350,3,2,0,1,2,1,6,6,3,1,69,15729.409739152761,0.04985802634643557,0.16753670875615598,8.686482773971461,0.7221723692038338,0.8463706329770105,1
689,5,0,3,0,1,8,5,2,1,2,79,15276.380619556703,0.09117570520524598,0.13211408968563393,19.677870983560936,0.879519592299104,0.6766352936422789,1
663,7,2,4,0,1,19,0,4,2,3,42,10239.13016903888,0.13559217095437245,0.053883792176705456,20.626395194254446,0.734735816591015,1.3060262607953401,1
544,4,0,0,1,1,22,2,2,1,2,123,12471.37082567613,0.06492749217175092,0.07021335915663923,15.35120784987586,0.9191866169022244,0.11737044887135656,0
871,7,1,3,0,0,23,1,10,4,1,117,8829.143949559337,0.19249324708754584,0.08288195927067121,26.930308026089186,0.7760811571388023,1.202059739708273,1
803,6,1,2,2,0,14,6,6,3,3,131,11807.772608185829,0.15558651733661677,0.2012639232021346,24.164186326895575,0.7394173017575619,0.5397070944012415,1
670,6,1,0,2,0,1,3,8,3,2,101,4089.3331237558878,0.07262414196312582,0.1597662830423872,20.31639831232794,0.7954243087475191,0.43580345986538943,1
847,8,1,1,1,1,0,1,1,1,3,140,8411.112292555988,0.12489866759303919,0.21694557862375471,26.098411609707476,0.7461700892024428,1.6405251988337808,1
882,7,0,1,0,1,19,4,7,3,3,55,14974.422029854702,0.10263054145321285,0.14195775659099635,24.343548234421146,0.8699352658801058,0.7574718321566452,1
701,6,0,3,0,1,17,3,9,4,1,81,12100.041664159395,0.10117650513418824,0.05524684761296064,20.24949229093957,0.909609491263783,1.119051813525529,1
426,4,2,1,3,2,4,1,9,4,1,89,4207.357281551998,0.12959811194979476,0.12599737089812924,11.562229719218285,0.7049820327184342,0.8344528339580533,1
877,8,2,4,1,0,3,2,10,4,3,124,10272.241144050728,0.05730410543812539,0.06012120155512089,26.740212057143022,0.7671586118530391,0.7937148364351422,1
840,8,2,1,0,2,3,0,2,1,1,64,8390.660326106325,0.07445018013622452,0.20224538945681103,24.0752503957503,0.6954869936831339,1.095165444576065,1
1084,11,1,0,2,2,21,4,7,3,3,75,13705.305270895322,0.06394884874663177,0.09011817850565534,33.024640563625894,0.8306698377364709,1.8971674128874465,1
317,4,2,0,3,0,18,6,6,3,1,50,5378.133267514995,0.06783667109712194,0.07550858013113128,9.74469146180541,0.755494636947286,0.44742761530652375,1
565,4,1,2,0,2,22,5,11,4,2,143,11248.756330183931,0.1448347916872858,0.13209368889964435,17.1884115282692,0.7753821837358814,1.377096871458823,1
1030,10,0,2,3,0,2,2,9,4,1,89,12544.842237767587,0.19938638204126802,0.18527562850144796,29.669258590196925,0.8069020952557777,1.1752824940502944,1
653,6,0,3,2,0,16,3,12,1,3,41,11145.458567005306,0.1441769784466955,0.13186264560403677,20.126323982286777,0.8557821691771704,0.8024007379678686,1
1047,8,0,2,1,2,22,0,1,1,2,65,7293.220832966024,0.19755576352902346,0.046878987042353444,29.46925937671233,0.8700043622428804,0.8454206714190925,1
191,2,1,0,3,0,12,2,6,3,3,102,13518.284436339956,0.13232117689436712,0.17373199460352046,4.669131873620184,0.7622760728259506,0.33514690113216733,1
212,3,2,1,1,0,18,0,9,4,1,94,13523.132474407064,0.08532937913441713,0.04613284047216099,6.607831991054995,0.7608420011770398,0.8962645981818538,1
912,9,0,2,2,0,14,5,2,1,1,96,8331.155661899798,0.17956877286993633,0.14878810987467234,29.03319590783539,0.832239402764926,1.3013785111940064,1
509,5,1,1,0,0,0,6,8,3,2,46,7200.056911059646,0.0507505752289236,0.1510480247669341,14.384814909603362,0.8091906300018641,0.821515499094868,1
658,5,0,3,0,0,10,1,3,2,1,136,11966.74089002048,0.05638847014623341,0.07753349084871444,17.182421479719903,0.9197351175522734,0.8443362405034408,1
573,4,1,4,3,2,6,4,1,1,2,131,8413.833239029911,0.191619905420296,0.1203835604719884,15.544618037441293,0.759598440348472,0.9312591749422839,1
555,4,1,1,3,0,2,4,8,3,3,63,8144.1917227020285,0.1440296318966012,0.04111453994203988,15.743068843134438,0.8166851226726115,1.2966304031311304,1
1044,10,0,2,0,2,14,2,6,3,2,80,9406.701908893298,0.18863392382414973,0.09106228373951786,33.71653924515787,0.8541367065963495,1.1720098550836093,1
266,3,1,4,0,0,22,5,5,2,3,49,9497.086777584422,0.061261843217779575,0.1514832217080409,8.665997049177381,0.8042647207833808,1.2368563123604552,1
890,8,0,1,2,2,1,4,4,2,1,54,13955.468342414582,0.16292175256922556,0.09115048720966042,25.717151218626533,0.8656674920995013,0.6856881631560889,1
998,10,2,2,3,2,7,1,9,4,1,133,15433.828588588292,0.07756967209386753,0.048573575989469625,30.0936333880653,0.7632355383624982,1.428069637683749,1
784,8,2,1,2,1,16,5,8,3,1,52,12561.554813100429,0.09493666948805676,0.16136753802934878,25.716741150224586,0.7046631066171675,1.5480200122007108,1
543,6,2,3,2,2,7,4,9,4,2,78,5058.812994735728,0.18383862022954192,0.17363113395041305,16.401022480042634,0.6591386106190202,1.3268035817929438,1
327,2,2,3,1,0,2,2,10,4,2,149,8053.419949055087,0.10580085588425137,0.19533752971583002,9.131212823397803,0.6844877264799634,1.0887536140699612,1
807,7,0,0,0,2,4,5,8,3,2,75,6275.364008683296,0.14728585551148082,0.19759827317215176,23.550316734692448,0.8248021420923652,0.629303955438864,1
611,7,2,0,3,0,0,4,1,1,1,115,11959.180574235925,0.18196416867869536,0.12933702763944357,19.71422651683029,0.6799144616568374,1.0231346124940255,1
317,4,0,0,3,1,23,0,2,1,2,51,11177.689186828247,0.17933982853949015,0.11332463497116499,9.311627238964517,0.8483009914202052,0.2708589313510495,1
510,4,2,0,1,2,11,1,12,1,3,136,15789.4495096643,0.041425160611730585,0.14545573339336548,16.067796553081404,0.7359035976977067,0.9725649209187034,1
1064,9,2,0,2,2,22,2,4,2,1,141,9372.356806903703,0.06531444410811009,0.18268043619894253,32.8753248913247,0.7084023038618262,1.385333261603882,1
424,5,2,3,0,0,16,0,6,3,3,140,5265.503220786958,0.18697946226170645,0.12555979183514412,13.894082580068146,0.6793573356564172,0.9679905950195075,1
344,2,2,4,1,2,8,2,5,2,1,109,11180.721108556088,0.12998653893156176,0.2191300213697386,9.583583325741438,0.6628975478644148,1.2739201682651549,1
807,7,2,2,0,2,22,3,12,1,3,146,8403.32803371529,0.11683199822074403,0.15475281034110241,22.35867964760786,0.6977868361471691,1.083475857306726,1
363,3,2,4,1,2,6,5,10,4,3,116,6135.807219697098,0.050441257323255564,0.09545918141354616,10.483862670020955,0.7543448025684392,0.4952422776529607,1
1026,10,0,3,0,2,4,1,6,3,2,81,8451.863737993366,0.04400835854999221,0.18286764041183318,30.197712828325894,0.8779058004671786,0.9695961926657182,1
970,8,0,4,2,2,19,3,9,4,1,138,6858.2040268571,0.1925463579228322,0.06713793346590867,27.79149250814369,0.8631420688750666,1.6248204582582915,1
1084,9,2,3,0,2,13,4,7,3,2,70,6366.550284460058,0.11581617320079071,0.20844168762434903,31.83907414602436,0.6740839626286871,1.7347565098338882,1
1019,8,0,0,2,2,10,3,8,3,2,132,9803.683364874008,0.16582677048073696,0.10126334694302445,30.590872092912505,0.8598094471593073,0.7418755451565705,1
404,3,1,2,2,0,14,6,12,1,2,142,13720.129034508951,0.07520022293591597,0.16330857918965525,11.08420669137327,0.792671039043493,0.8380005007709611,1
375,4,0,2,3,2,23,2,9,4,2,89,14627.976085985269,0.07793151239875287,0.15255547401366368,9.818646269907315,0.8762808561144125,0.5652098053684972,1
495,4,1,3,0,0,6,2,2,1,3,65,7123.788823323015,0.12964085126307304,0.05725715580600596,13.475819942409762,0.8158958968189145,0.9040454000900027,1
612,6,2,3,1,1,21,0,7,3,3,57,9380.895372467527,0.1801641337677466,0.16989154746809507,20.53367800030973,0.6624749434438713,1.498398568021379,1
989,9,2,0,0,1,21,2,10,4,2,99,14114.698022100647,0.08617278969673531,0.09612736153645973,30.284804094755593,0.7379649319450622,1.3673039064128076,1
854,8,1,3,2,0,18,0,1,1,3,113,15864.12821702958,0.09260799740093141,0.1086125600818926,24.524403286499094,0.8094507491327292,1.129051144314002,1
772,8,1,4,0,0,3,6,5,2,1,104,14199.184961415922,0.1281005289951474,0.05737440317579232,25.062594611047736,0.8165362805230771,1.4638194831734936,1
988,9,1,0,2,0,2,1,3,2,3,111,9928.431447965353,0.04640089148283666,0.18581518111061626,29.312048733788334,0.7955027673329462,1.2233373897026227,1
774,7,1,2,3,1,2,5,9,4,1,42,14441.631306564985,0.1006019437192435,0.19484897756077937,25.90205206066175,0.7670470854239897,1.1377983406779184,1
528,6,1,4,2,1,16,0,2,1,2,45,12479.527330130093,0.12900526234267137,0.06416811750370291,16.60919949246648,0.8130719790691316,0.976457532737257,1
559,4,2,0,0,1,9,1,8,3,3,68,5362.18521632071,0.04077228836101494,0.1862702122401976,16.989149056841004,0.7178308747294543,0.8588418013135055,1
655,7,0,0,1,0,23,0,1,1,1,138,5009.69834194526,0.14208056274655362,0.2016399288802982,21.04158823390813,0.8253257787679167,0.4125754632370218,1
261,4,1,4,2,1,0,2,12,1,2,95,15235.169779293741,0.048153756504758914,0.05751296841108544,10.251594097832111,0.85244997378787,0.8996362135992071,1
862,7,1,0,1,0,8,4,4,2,1,76,15093.308247580642,0.1551934271570752,0.21953702391435817,24.95740330124626,0.731371297017855,1.3758033357558719,1
780,6,1,3,1,2,6,2,5,2,3,113,9500.387593471689,0.1682685537472523,0.0408190615365787,24.605779014782613,0.8059105731222761,1.1969565237969002,1
852,8,0,4,3,0,21,4,10,4,2,87,11941.897590428467,0.1742071612491713,0.1916330234971444,24.872501562540542,0.8153719168641579,1.1582603097715118,1
671,5,0,2,3,0,2,5,5,2,1,55,7657.503694079704,0.1477420970919273,0.14049232696230265,19.22415968931118,0.8502945091755965,0.49616673023735225,1
900,8,1,2,1,0,9,0,2,1,1,96,12416.784131298313,0.12985129673247472,0.21231104710932747,26.894915610503293,0.746026945271189,1.0153396603526534,1
1053,10,2,2,1,1,20,2,11,4,1,116,9354.211977807336,0.0892098390737907,0.10085798528261547,32.81504285967862,0.7344694790396171,1.1422226329670087,1
704,6,2,1,0,2,23,4,2,1,1,140,8181.791712475888,0.10793819497066254,0.10495263254358875,20.530061171806874,0.7241991276185868,1.1353547493951832,1
588,4,2,1,1,1,21,3,6,3,2,80,9287.252320906267,0.05392896912483186,0.1912680139471766,19.054549833704023,0.7096613576175962,1.3101920204457764,1
276,2,2,2,2,1,15,1,2,1,1,58,9466.649217365599,0.1531362491835629,0.16792347978229424,9.65489843703678,0.6755231219653642,0.7737337832846826,1
896,9,1,4,2,2,3,1,9,4,1,135,15313.115286477045,0.043949498885516615,0.14809331523522554,27.226463455542902,0.8135807336456661,1.2438328007114978,1
1011,8,0,4,1,0,2,2,4,2,2,80,14619.765061947455,0.1061499335259862,0.1559892290215077,28.645999852228485,0.8620373768536277,1.2024422428354813,1
823,7,1,4,0,2,9,4,12,1,2,57,6333.207843747997,0.12099371226774325,0.16287486130655562,25.659237053041757,0.7722591418915655,1.5264430010524368,1
976,10,2,0,0,1,11,6,3,2,2,95,7341.615176447661,0.14401432288055463,0.048611496285223856,27.169455332941524,0.7333183813753996,0.9374534983063896,1
972,8,1,1,0,0,12,2,9,4,2,46,7592.497832028441,0.09491182262503628,0.06120100518816081,29.668500417018876,0.8297492274840613,0.9263141724771669,1
914,8,2,3,0,0,1,3,1,1,3,149,4138.845707429528,0.11084605326226266,0.07262622750167119,26.264047921028162,0.7374374736562297,1.150968227234116,1
642,6,0,2,0,0,16,2,2,1,2,125,10365.16330962272,0.13398016191062412,0.0718216481455397,20.802253344583335,0.8873891854747262,0.4661240913816015,1
271,2,0,1,2,2,9,0,4,2,2,88,9792.29946360183,0.18770796653356847,0.19172320276636937,6.268602345023314,0.809255973815028,0.4451004189855503,1
182,2,0,1,3,1,2,2,11,4,2,99,5495.232807169945,0.14751554098733305,0.11101176651667219,4.79484032231114,0.8636627116231976,0.01,0
368,4,0,0,3,1,21,2,12,1,1,83,15882.850553561648,0.0807095044112496,0.128096332282197,11.80998348073712,0.886037373487949,0.3706561512300641,1
576,4,1,1,2,1,8,1,8,3,3,91,13135.423136151487,0.17556217929589496,0.056091406418000214,17.479829279913055,0.7957558864287472,0.8395630319421101,1
864,9,1,2,1,0,5,4,5,2,2,142,6197.041102146332,0.04881031548838148,0.1967067531303623,25.585523251706768,0.7895173191215653,0.8592540045743606,1
599,5,1,2,3,2,11,1,4,2,2,119,12463.976536467086,0.08356784991754712,0.04184743630119125,17.364607952811898,0.8435631212015677,0.7670942933714517,1
201,2,0,2,0,1,22,1,3,2,2,112,8087.603090428049,0.05730428544300208,0.05499329855949435,7.232637197923838,0.9294660871988766,0.3536315294912203,1
373,5,1,1,2,2,19,2,5,2,2,147,11594.17101426968,0.11152618246884141,0.18617968703483584,13.02394422253213,0.7660323587233453,0.8781236030574038,1
1080,11,0,1,3,0,2,6,6,3,3,57,9645.890799304523,0.14190835052056489,0.06350746976223987,32.398939092862285,0.8875628808727378,0.5855534122562109,1
1088,9,1,4,2,2,16,4,9,4,2,139,5666.294481506919,0.12495925140365924,0.1828043929975125,31.503020717072406,0.7615063600194727,1.5942676005939276,1
526,4,0,2,1,2,15,2,3,2,2,59,9521.0404675615,0.16980195234207907,0.10307516156473284,13.799281833676448,0.8572052987419346,0.8738934571715021,1
920,8,0,1,2,1,21,5,1,1,1,68,15540.245953033376,0.13079810629393174,0.17969762206491532,27.71489025752261,0.8402769222385188,0.7488698511525813,1
841,8,0,3,3,2,23,0,7,3,1,110,12977.566514753558,0.07722671140111942,0.04906396164262208,26.306733790332824,0.9231691971303163,1.3275341735415527,1
1036,10,0,2,0,1,17,2,3,2,3,55,11518.98683165267,0.12582749778694835,0.10142716334182697,31.444785300170274,0.8777354024920511,1.1512193278985305,1
996,9,1,2,2,2,15,3,5,2,3,91,14122.322478515449,0.15767832344523147,0.12662929962622935,28.700530808764942,0.7720615696178427,1.3611301115788004,1
758,7,1,1,0,2,8,3,9,4,3,76,13944.653637276882,0.12047253828141433,0.152626811963075,24.89119227174613,0.7771052923899798,1.2391712063162954,1
543,4,1,3,0,0,21,4,11,4,2,40,14658.447022281653,0.11071512774134237,0.19051961152765592,13.365389165906041,0.7644443673289508,0.6393103011788752,1
756,7,1,0,3,2,22,4,7,3,3,60,5306.317624747384,0.12465557654398807,0.08400436059007002,23.74860857565527,0.8061030282896738,0.9004731741626932,1
473,5,0,4,1,2,23,3,12,1,2,89,5553.406986916422,0.1276893075775256,0.158599919382214,14.707422652732017,0.8511698478681171,0.9411736381936011,1
500,5,0,2,0,0,22,6,4,2,1,49,13586.732124655828,0.08968914093754116,0.0673186785608149,15.720309293778206,0.9093464812257397,0.3620312248828193,1
740,7,2,2,1,2,15,6,9,4,1,143,15944.106250516856,0.17667621616933193,0.18313023477065243,21.329488737831007,0.658087097077007,1.2841372492080516,1
705,5,2,1,0,1,22,3,12,1,2,87,10750.520231562241,0.07322928236430548,0.20797981695108295,20.369732043886437,0.6934559053080751,1.3194355770159414,1
714,7,0,2,3,2,18,6,3,2,2,122,15571.192592815407,0.04525313947332585,0.04851030354832167,21.941494331750167,0.9378064506402586,0.838266117236471,1
533,4,0,3,3,0,5,4,9,4,1,62,11953.773939325009,0.15863875453719456,0.054374453751975756,15.523332198042988,0.8841440562698734,0.6253132599748686,1
556,4,0,2,0,0,0,0,6,3,1,101,5023.827749527842,0.1747702033598301,0.18175734743150426,14.079063651479359,0.8195626021438995,0.6922870708314359,1
189,2,0,0,0,1,23,0,11,4,2,52,15115.03560608653,0.14283780367519333,0.19844140588496623,7.82868561465244,0.8264243556979282,0.35695499882112536,1
733,8,0,2,3,1,10,0,4,2,3,61,14070.549640391115,0.11503122286601072,0.1566791967424737,23.269710732032117,0.857730311176182,1.0794019398479997,1
709,6,1,1,3,1,20,1,12,1,1,115,10430.176160051305,0.1960328713989976,0.12301368629796011,21.09940624544444,0.756429049036369,1.5262165332927684,1
1040,10,2,0,3,0,6,2,10,4,1,76,12926.879786433843,0.099321637926992,0.1784320527030088,31.487329803128727,0.6950108392164996,1.4625474410810235,1
643,6,2,4,2,2,8,0,9,4,2,148,8218.646582817102,0.10494365652712509,0.09394767626410325,21.341538264797144,0.7304989002439473,1.6021135523089596,1
610,6,2,1,3,0,19,4,1,1,1,149,11389.36339001696,0.1345780395618128,0.21851576132889527,17.56135706372686,0.6611077895991813,1.049952284897062,1
242,3,1,2,1,0,12,2,1,1,3,54,8958.872528553851,0.10886830134445544,0.19263880428738944,6.406541825416177,0.7643218024656698,0.5205121697669362,1
361,3,1,0,3,1,16,4,8,3,2,112,10325.59862539872,0.12884774027013934,0.19968394276118903,11.720092430459985,0.7521607426359023,0.5241623495534713,1
490,5,1,1,3,0,7,3,6,3,2,126,11638.63612042091,0.19465019400533964,0.19387888933075106,15.449965098665874,0.7251619124987592,0.6462587357642995,1
527,6,0,1,0,1,14,1,4,2,2,70,4646.433459915514,0.07799979076016543,0.20791948898760176,15.056558921638592,0.8513363241135048,0.6077132123149659,1
513,6,1,0,0,1,11,4,11,4,1,132,5152.281225674751,0.06377006812711032,0.05160904433571416,17.206419295583846,0.848079399391729,0.9739365197745882,1
542,5,0,4,2,0,22,6,6,3,1,121,4988.949516305632,0.10776819734314427,0.20355299744589503,16.617107402430285,0.8399054623449322,1.003890150673789,1
887,9,1,1,3,2,11,2,6,3,2,75,11139.153580166927,0.1206397701125888,0.084748497655282,25.864555726782267,0.8075752795044582,1.0190016471405374,1
300,4,0,2,3,2,2,2,4,2,3,50,8954.892747162834,0.15411145349998231,0.10465113107171942,10.083125494608524,0.8635568369427342,0.5006402616201618,1
485,5,2,2,0,2,17,3,12,1,3,88,10000.724174903007,0.19282770890093995,0.10670265585534192,15.171989815597891,0.6852113358596731,1.1596616318575796,1
329,3,2,2,1,1,22,5,5,2,2,80,10003.377305115999,0.15018725393113072,0.08183809471763218,9.75224108495724,0.7155885931080567,1.0072843153087412,1
463,3,2,2,3,1,21,3,4,2,2,98,4485.647585425883,0.19794802489829114,0.11891665258872913,13.845383494656039,0.6774108951308409,1.2072505700621703,1
809,6,0,2,0,2,2,5,9,4,3,65,13552.70645802617,0.07941419093498017,0.13099359394580876,24.44090244624324,0.885316496803645,0.7441854525725992,1
223,3,0,0,2,2,23,0,1,1,1,74,12408.256008828817,0.07342241418890641,0.0667595461806785,8.165451163646193,0.9169181178336867,0.31536690287714236,1
492,4,2,3,1,2,8,0,8,3,1,138,12254.812361655926,0.08904556014380391,0.10471339032611507,14.676122863988578,0.7328084722885364,1.4485633523983548,1
201,2,2,0,0,0,20,2,7,3,2,132,4411.011036210184,0.16593982761719608,0.1026663627165561,5.764735299546482,0.6991272143498115,0.6928807640873306,1
1058,10,1,2,0,2,15,1,3,2,2,120,11820.617216193585,0.06984235559743518,0.1614406699153589,32.12897845026031,0.7959226385192427,1.1660256527170434,1
849,7,0,1,2,1,23,0,10,4,3,78,10005.49331210116,0.0713904079469494,0.14454108667992174,26.57116045473635,0.882830827417908,0.7940844668321599,1
404,5,1,2,3,2,8,1,1,1,2,94,13126.811746171381,0.10587772169831369,0.16889965360915618,13.387497746416853,0.7763501811116386,0.9080400102522423,1
362,4,1,0,0,2,14,1,12,1,3,72,5162.457914436061,0.09080708598341208,0.18110983409366166,10.734242717257969,0.7776373859653168,0.37247587498414875,1
271,2,2,3,1,0,16,6,11,4,2,84,12960.503149323718,0.14343649426300972,0.160061098314385,7.998362225418441,0.6834260833401723,0.8243604118763397,1
615,5,1,2,0,0,3,5,3,2,2,96,15540.258188149086,0.1824267252551213,0.08342397880842992,20.183002229644654,0.780367183171402,1.0040470177939576,1
873,9,0,0,2,0,18,2,6,3,1,134,14211.83723681868,0.06218569149470396,0.13038152388451454,27.472834907818537,0.8933447530793517,1.2934831854446822,1
717,7,2,0,3,1,3,6,3,2,1,127,14730.046718286729,0.12748078831190973,0.12398348007771823,21.85059532884925,0.7068410792246673,1.0445662725569842,1
990,10,2,2,3,2,19,5,8,3,1,61,4909.610806685454,0.05414411483409822,0.05332903494370886,31.42108563182608,0.7716370825999868,1.615703704315037,1
496,6,0,3,1,0,3,1,5,2,1,143,10355.72152753528,0.07543894561004719,0.20100668887133288,14.800923287016662,0.855599464483379,0.7461234771033634,1
435,3,0,2,1,0,4,3,6,3,3,48,6959.949527370178,0.08945624742325811,0.05645836419387187,13.042055362564067,0.9143384247722914,0.7552791127597698,1
619,7,0,3,1,1,11,6,12,1,2,45,10539.087574195986,0.13265647131947694,0.21575966597785698,21.340219707396507,0.8232127382161998,0.7157007249150573,1
365,3,2,3,3,1,4,3,8,3,3,133,12479.016713424007,0.12878063876049184,0.045714254180573635,11.589522381596604,0.7414772981765205,1.2464028207476316,1
1077,8,1,4,1,0,1,2,11,4,1,71,12961.890768294777,0.1428906002687657,0.17134219295501277,33.48712569639935,0.7585952430492997,1.6586032400676172,1
350,4,1,4,0,1,1,6,8,3,1,134,15899.151619277349,0.1710250267564381,0.0917634104596651,10.710014861487275,0.7817452032527535,1.2279165421887601,1
620,6,2,4,3,2,6,4,6,3,1,47,15491.517901081184,0.06995678050038892,0.20284903064493076,18.144345621356383,0.6972373849846061,1.6723536258959513,1
660,6,0,3,0,0,11,3,1,1,1,66,6965.84440038759,0.15894119639372872,0.1883257452915483,21.160682312589714,0.8237298762416253,0.8660770544932943,1
232,3,0,2,3,0,1,6,2,1,1,130,14987.383509887351,0.146723352791103,0.044501962536892904,5.1112829875396,0.8939486081024018,0.5464261820856242,1
610,5,2,2,0,0,3,5,7,3,1,61,14608.171844752766,0.05275376558804782,0.04395112104488772,18.268859826054186,0.776482801015179,0.9104011454821825,1
598,5,1,3,2,0,14,2,7,3,1,97,12681.234337916901,0.09515125120842746,0.14857438583919497,18.97389372720124,0.79032346332857,0.36232091665808175,1
418,5,0,0,1,1,7,2,7,3,2,119,7091.891517887279,0.04443189582106788,0.06692648550996613,13.67501432405609,0.9298887284010346,0.5207836792643576,1
297,3,2,3,2,0,18,0,11,4,3,78,6259.0008743166145,0.05442950107857873,0.0425485542683044,6.492789173219109,0.7763598750939026,0.8129379845658303,1
221,2,0,2,1,1,20,0,2,1,1,55,9227.28826145062,0.08540588800906573,0.21419717055972198,5.0005954010865175,0.8451786236440455,0.7109822718163598,1
187,2,2,2,1,0,0,6,8,3,3,131,4468.692974972833,0.07889858630949637,0.15391525501025669,5.5837907753046485,0.7152337714061111,1.0301824865518103,1
622,7,2,4,1,2,22,0,9,4,3,108,7406.998036412068,0.18402780311020678,0.04194988114464141,19.738259907964128,0.7183100420853182,1.0527722639239643,1
262,2,2,3,3,1,16,5,8,3,1,140,4880.615993983166,0.1830061700599686,0.12829356016987215,8.311692947801111,0.6799151213965716,1.5606598281503445,1
1062,10,1,4,0,0,19,1,3,2,1,117,10294.090427949417,0.13245880281226963,0.0683566292720895,31.939971764258463,0.8096330555620384,1.390250161499392,1
405,5,0,4,0,0,11,3,5,2,1,121,11398.566972725861,0.1576056894537768,0.18493278256837686,13.534182723102964,0.8258576875900309,0.3885720230314674,1
780,8,2,4,0,1,0,5,1,1,3,108,5335.664419987188,0.19993621010124038,0.04516277833307969,24.250589913180562,0.7097054552045559,1.1055734779301494,1
799,7,1,1,2,1,21,6,3,2,3,113,14487.191421902617,0.10563083164760462,0.10676488326488667,23.671983073005517,0.804421928289379,0.46618004348333186,1
635,6,1,0,2,0,13,2,10,4,3,86,5161.595342408353,0.12358806817006493,0.08284509805426304,19.755646610573905,0.8071050751990524,1.0134077211680654,1
992,9,0,1,2,0,0,6,8,3,2,141,8754.52249750356,0.14418399024722509,0.21655714668409043,28.928302438917797,0.8176664883809079,0.8556372291296204,1
281,2,1,3,0,1,3,3,11,4,1,129,10011.779606125921,0.18728931398698911,0.05406009033867852,8.958922008666452,0.7913927680534496,0.5124402837486214,1
395,5,1,4,3,1,4,6,9,4,3,66,10985.463278938387,0.16752264811586104,0.1695800437252657,11.37845363280883,0.7483037886714929,0.8008151001006341,1
412,4,0,4,3,0,9,0,3,2,3,142,7829.264947769205,0.05030748440427834,0.12604502175663862,13.027040957407369,0.9006413722275873,0.5079314602087729,1
304,4,2,3,3,1,10,1,10,4,3,65,12557.00785538842,0.15407204545924783,0.18696817838211927,10.15542650819062,0.6665318992713847,1.2167201239370298,1
451,3,0,3,3,0,10,4,9,4,3,117,8096.317711471628,0.08030968484093448,0.07856402033174327,12.709772434827848,0.908506832672295,0.1092084947436871,0
467,5,2,4,1,2,20,4,3,2,1,141,7032.283935605509,0.08078427144664786,0.19395312123062286,15.051413926182015,0.6963681732952282,0.9496651184811661,1
883,8,2,3,2,2,22,5,1,1,2,86,9438.117462429807,0.1275581192083993,0.21106610465947528,28.288080037334783,0.6676190992594564,1.610796644377755,1
457,5,1,0,1,0,16,2,10,4,2,60,5361.1899752259405,0.15140813619689245,0.07835935451429728,12.802298402168459,0.7966046291799647,0.5770685202792096,1
986,8,0,2,2,0,15,4,9,4,1,149,15593.898089511818,0.06547645160134358,0.08369406969827864,30.292405857024836,0.91287326541517,1.013255232475796,1
890,8,1,1,1,0,20,4,2,1,3,127,10601.171164509033,0.09032183695423003,0.21346016369352194,27.924844757148968,0.7632980997085117,0.9724487590160498,1
1009,9,1,3,2,2,6,6,6,3,2,89,5728.645112518752,0.15457936068000902,0.1181429266520698,29.903919940516104,0.7772749707005645,1.7159729404328237,1
276,3,1,3,3,2,13,0,11,4,3,149,13552.817178689998,0.06432031891359022,0.19034375963563993,9.424239837314433,0.7854011646528465,0.8504204778870669,1
1085,9,0,1,2,0,15,0,10,4,1,52,12644.553781562026,0.17595335621594807,0.1916373146401338,31.84714444004557,0.8145841981147631,1.340302823248053,1
744,7,1,1,3,1,6,4,10,4,2,97,9166.078907240902,0.11296684706598817,0.09595346042032006,23.886390927110163,0.8059858616311613,1.112974624058162,1
1083,9,0,0,3,0,22,0,5,2,3,60,15804.420473451983,0.1337584400333622,0.07218131220214416,28.81325853918633,0.8873271114940221,1.040406690023178,1
506,5,1,1,0,2,5,1,2,1,1,60,10007.380382423464,0.05286374374007908,0.10597544761758781,17.049656470393536,0.8285223638890499,0.637198447694232,1
1056,8,1,4,3,0,1,3,5,2,2,78,6553.018334966968,0.19272019908821023,0.14654250958712423,29.65473988874754,0.7473317810960995,1.6054030165581694,1
721,7,1,3,3,0,7,1,9,4,3,103,13495.0660023797,0.1852051607954116,0.12947543457602068,21.881648150350188,0.7583937320828555,1.1304757679938902,1
246,3,2,4,1,2,19,1,11,4,3,58,15144.908263868081,0.07041259457921019,0.17262344442610306,6.696943811213785,0.710633782447609,0.7991903515498322,1
557,4,2,4,2,2,8,2,8,3,3,97,7148.47697338903,0.14609636424462355,0.13878561987446333,18.053706981139854,0.6918031071464108,0.7066131681652391,1
306,4,2,4,2,1,5,4,1,1,2,125,4080.650853820054,0.16689875499717166,0.18499266456034408,9.377761317028641,0.6616488611991178,1.1552106977665226,1
1045,10,2,0,3,2,20,2,8,3,1,56,11311.360871686516,0.05951478429376465,0.05870881523117075,30.849474772722914,0.766799380213779,1.7529024000953362,1
460,3,2,1,3,0,3,5,3,2,1,41,12793.360470619873,0.13239256950548228,0.11903700512729071,14.64947752595453,0.7068566914152521,0.7131619031449049,1
384,3,0,0,0,0,3,1,8,3,3,122,7130.257696789904,0.1760726288221438,0.042891296136717286,12.183827747018606,0.8814662337685125,0.17072205765061516,0
688,7,0,0,0,1,21,0,5,2,2,84,15563.872663719087,0.12107425559051438,0.06174527982332476,20.504901462056853,0.8977312090637724,0.6033540549385705,1
571,4,1,1,0,1,7,1,7,3,2,60,6011.647047488766,0.1878056543879697,0.09967131162962212,15.43688873123849,0.7706353652920837,1.137340887497423,1
269,4,1,1,2,1,0,6,8,3,3,136,13613.880200504806,0.047648303507298026,0.2022723431809633,7.327453854221276,0.7875357089902825,0.2430281787237646,0
931,8,2,0,3,2,10,1,8,3,2,86,14515.721678299875,0.18707370927578781,0.10842794868877179,29.230083021403335,0.6870242539159481,1.2079379915255093,1
958,8,0,4,2,2,17,0,1,1,2,52,6050.6113260594175,0.19635488763641945,0.08922402064583318,28.91324196693497,0.8514894912729862,0.8453616817134356,1
863,7,0,2,0,0,18,2,12,1,2,73,10016.126041340696,0.06495073615569862,0.1607419460638314,25.718619180996733,0.8784382930012115,0.9682136451486221,1
747,7,2,3,2,2,2,4,7,3,2,103,4336.561780910351,0.10895203145745441,0.1666247812883411,23.0485706504856,0.695990434264392,1.3292126970722016,1
550,4,2,3,1,0,6,2,7,3,2,72,11702.669512135286,0.1393223876258134,0.12663915166479384,13.735298925160725,0.7003173073192267,1.0129319568422992,1
678,6,0,4,1,1,14,2,5,2,3,142,10557.751472150165,0.1829181261262002,0.09193337482304925,19.852674150489857,0.8563168245728378,0.8180726035489516,1
659,6,0,0,3,1,15,0,2,1,3,109,13339.262540433758,0.0655241876623581,0.09432588301699418,19.384542831627602,0.9080674681942915,0.821661664184204,1
332,2,1,1,1,1,14,4,8,3,2,47,10015.33189391227,0.09344447329132938,0.0733982952908796,10.714505620298153,0.8249207541380059,0.901415320524912,1
255,3,1,1,2,0,8,1,5,2,2,78,8246.611143931954,0.16766876987216314,0.10526608294824966,6.147617488793237,0.7771793162308143,0.8958274114102259,1
412,4,0,2,0,1,20,0,11,4,3,78,5640.061313829502,0.10560073003390652,0.0702856294798774,13.706484185423456,0.9008511382187973,0.6866561401122389,1
597,6,1,2,1,0,1,5,8,3,2,56,4612.88340772316,0.1367909559639105,0.15572609805163462,20.263833726732216,0.7683673256930047,1.2828501340298135,1
327,2,2,3,2,2,19,6,6,3,1,44,10345.984322111632,0.12960088371466585,0.2010441571563842,7.342354146327924,0.6712097316080274,0.8241198564966424,1
278,4,2,2,2,0,22,4,1,1,2,52,15026.608762972872,0.19570747130825536,0.08576555094197626,8.935773450589785,0.6933371399873958,1.0421675084784985,1
963,10,2,1,3,1,16,6,7,3,3,115,13192.057947715659,0.06264499582669081,0.08359872810989827,29.941315222437556,0.7541903242285348,1.9426206093225238,1
524,6,1,2,1,0,10,2,11,4,2,67,8717.448113117276,0.1917504899340185,0.2016674817330864,17.237143909257213,0.7229619127498028,0.5050479618554341,1
717,7,2,4,3,0,9,3,6,3,2,85,15804.710702574755,0.1302641145100609,0.14224596534224337,19.070983192440096,0.6973704640664631,1.1758569988750014,1
662,6,0,2,3,1,10,2,8,3,3,55,6208.000914548838,0.1846643612888522,0.1713595423300851,20.226193140473647,0.8197892433714782,0.5655627238767917,1
856,9,0,2,1,2,3,3,2,1,1,144,15971.547464946212,0.058870741895846235,0.2000441942932362,25.86382480175657,0.8634882787149128,1.0566196786580044,1
860,9,0,0,0,1,5,6,5,2,3,148,6761.629344621897,0.14264048222078202,0.15969510474723236,25.89164754634363,0.8439489858643935,1.2517684012946928,1
452,4,2,0,1,2,15,4,10,4,1,116,6018.623219397935,0.174417605815127,0.17364259418618977,15.977601432229152,0.6633729099994075,1.1986674151753802,1
960,8,1,1,2,2,13,0,6,3,1,76,14299.987611358589,0.16590104022617605,0.10965045485320526,28.204486091915285,0.7760018272142785,1.1373651448014197,1
521,5,0,0,3,1,11,4,11,4,1,106,9626.242215780829,0.04159013160547932,0.20887028623714318,16.250353118486718,0.8672928119708199,0.7235141444238893,1
948,9,2,2,2,2,11,2,5,2,1,82,14702.291208970762,0.1123528745939521,0.16670199314592105,28.40297053853178,0.694425309517057,1.405912290826804,1
552,6,0,4,2,1,1,3,10,4,2,140,12976.482958793926,0.058455475898968316,0.052905028740149934,17.21578881323148,0.9298877729123968,0.7563108193074505,1
282,3,1,2,0,1,20,3,8,3,2,106,5880.760404337125,0.06445201724443798,0.14713898437824394,9.284217341957122,0.8047840492697932,0.8497893944080923,1
879,7,0,3,2,2,22,4,12,1,2,54,5463.091347256639,0.15300603359693618,0.05703820866071124,27.00358642477621,0.8854800909840587,1.3837776012667544,1
207,3,0,4,3,1,5,6,7,3,3,50,9361.198787160265,0.19305272472500642,0.13398142830049006,5.7150030208042315,0.8328346311385266,0.7026698720600212,1
890,7,0,3,1,2,7,6,6,3,1,126,10738.538061498672,0.14145559058931226,0.05592774003169235,26.404204277130383,0.891177501220548,0.9973993834647692,1
219,2,0,3,3,0,15,6,5,2,3,120,9078.569499553458,0.056380329728729514,0.15290339509682785,6.788712748875055,0.8858223238284991,0.9239661429128612,1
370,4,1,3,0,1,0,4,8,3,2,120,6543.865114374784,0.07903945469682527,0.12214584892142374,9.359193295285667,0.8094666133717879,0.3099014117925684,1
735,8,0,1,3,1,2,1,12,1,3,76,6610.364892176269,0.10061990358782634,0.13955424614515152,21.397710127190514,0.87192163262016,0.7851914773477832,1
1046,8,0,2,3,0,21,1,3,2,3,114,10118.908201355702,0.06005720818819914,0.156811100408537,31.79542403083306,0.8824092611314687,0.7502551930968872,1
555,5,1,1,2,2,4,5,12,1,1,69,4171.592320497203,0.17567489638000988,0.08506265214091457,16.051307055512318,0.782668103165584,0.849113003296614,1
291,2,1,3,2,0,13,6,12,1,1,110,9267.378106629401,0.07112082931532365,0.09751379698868995,11.592297894712312,0.8241144181631939,0.7944471884729161,1
394,4,1,2,3,0,21,0,10,4,3,76,4398.700822451699,0.060728172357399204,0.12677224400596723,13.12410541479445,0.8156248126364851,0.966756875973457,1
1004,8,1,4,1,0,17,1,7,3,2,53,14477.619016255576,0.15610954754453038,0.14193606330124442,30.163270378704603,0.7658794751194014,1.1350907161943424,1
848,8,2,0,0,2,6,4,11,4,1,131,11441.339151989225,0.0602931762024914,0.20625632021482226,27.328265824110982,0.7000527266122087,1.4826671896163723,1
272,3,2,0,3,0,3,1,4,2,3,129,5922.2604465785425,0.1056511115437622,0.10334255358884886,9.285162658635176,0.725952850690325,0.5646213792095083,1
534,4,0,3,0,0,17,0,8,3,3,126,13222.801027531288,0.12248132876018722,0.1465114550934228,15.87370773514194,0.8589532472658754,0.3340010914633616,1
423,3,2,3,2,2,9,6,10,4,2,109,9911.39603524077,0.05283668699118357,0.20605813422552477,10.634580197158837,0.7034973304524812,1.1053238995551702,1
343,4,1,3,1,0,23,0,10,4,1,110,10128.479851803455,0.1289261126509646,0.1692088048014459,11.424720726236728,0.7658392871464152,0.7501551841554956,1
958,7,1,1,3,0,15,1,8,3,3,124,7073.527386071985,0.11682624040799655,0.09910153229368762,29.68658271978619,0.8028325022842422,1.4176446347984786,1
748,6,2,0,3,0,0,6,5,2,2,101,8725.077158559645,0.1469466045963128,0.11464710656847363,21.372765197130317,0.702282829975846,1.6590689105711405,1
345,2,0,1,1,1,6,0,12,1,2,136,14537.847117392446,0.07506334879578676,0.19818114284594524,7.68771713123494,0.8570399787612206,0.3186273849836462,1
778,8,1,2,2,0,17,5,9,4,1,124,5766.405247360793,0.09706066305013021,0.11878358374319559,22.390539491452465,0.8028700889430034,0.5802609635156448,1
560,5,2,2,1,2,16,3,10,4,3,99,11484.485182145494,0.14554485424959654,0.08536787299561904,18.847681946896916,0.716089272739653,0.8112996403663386,1
236,2,2,4,1,0,17,3,8,3,3,104,6602.791837733847,0.04569545955857022,0.13415270708632457,7.106765517235669,0.7390683250097974,0.6762570779965626,1
593,6,0,4,3,1,5,5,11,4,3,145,9337.65244164391,0.05852719084698872,0.07347967545749134,19.75698480840073,0.920596910162984,0.7905759301292508,1
350,2,1,3,1,0,5,0,6,3,2,95,10396.254870731298,0.0853682930104134,0.14476813923681517,10.033379953245328,0.7964386054887471,0.6418747952503457,1
405,4,0,0,3,0,5,0,7,3,1,52,5461.476770143099,0.057017019825150075,0.21847030274666493,11.6620675879798,0.8560307048426832,0.16475569578312393,0
988,8,0,0,2,0,16,1,10,4,2,132,4942.124107446468,0.04632199504084932,0.21447037225560506,31.761513458400035,0.8626434347165955,1.3021008352848416,1
833,8,0,2,3,2,0,3,7,3,2,40,9808.71096918307,0.1979811876236295,0.1504839029251291,24.675111066088085,0.8231907092530586,1.1634301293571019,1
303,4,1,3,2,2,19,6,3,2,1,67,8912.123647248873,0.11292159714915431,0.199530306259989,9.27480122720093,0.7593966434658855,1.3149532586575672,1
963,10,2,3,3,0,6,0,10,4,2,76,15051.944481349667,0.12538944081593956,0.1867275035553293,29.894831678813826,0.679547375032929,1.04472438565757,1
708,5,1,1,1,0,11,2,5,2,3,42,12375.954336503957,0.08078478342112824,0.21112041890638297,20.28345899826185,0.76864265895262,1.235130754533858,1
984,8,1,0,1,2,5,3,2,1,1,63,14761.750661484471,0.04122995870727671,0.19715731156460295,30.02854221905339,0.7927257283776542,1.1030481126176779,1
867,9,2,1,1,1,10,1,5,2,1,59,15139.654420509492,0.1601158696653093,0.20196982850030681,26.950911607093307,0.6570614358254727,1.3133830193569076,1
492,6,1,3,0,0,18,2,1,1,2,100,4228.786348184474,0.1558004771565249,0.08131854083415191,15.93000039202029,0.7932964419041955,0.9019901878537981,1
672,5,2,4,0,0,4,1,11,4,1,136,14558.333715373674,0.19560651886230346,0.06844337117549067,18.944238099272624,0.7011775494829926,1.0490103947199048,1
668,7,1,4,1,1,13,0,12,1,3,70,15501.711505996464,0.04337633318476975,0.04791492695161645,18.384067841159222,0.8589189329386262,0.9626624397827144,1
842,9,0,2,3,1,1,3,4,2,1,82,9431.715602944492,0.06192331750250382,0.1586750628377151,24.75926937325204,0.8807307288469015,1.1516919406143566,1
408,4,1,0,3,1,4,6,11,4,1,115,11631.851521745062,0.1539425678022846,0.20803104010736767,11.444038343572759,0.7371118764406565,0.3018859976560053,1
486,5,1,4,2,0,16,2,9,4,2,114,8151.727885349507,0.0928117819748089,0.21889299717826582,15.140631719781235,0.7597328493811164,1.3222601787247885,1
405,3,1,0,1,1,13,4,12,1,2,143,5183.890911908305,0.05020370104167064,0.19342165947627893,10.87979503276371,0.7903685877669226,0.7883638366574476,1
452,3,2,1,2,0,14,4,2,1,3,97,7151.2574662153775,0.08815330178938824,0.1895818856683145,11.336377769562397,0.6950191656440337,0.9245412732147719,1
328,2,0,4,3,1,5,5,1,1,1,124,4966.529825155101,0.05403470807908841,0.13339890307605293,8.05566528808971,0.8956548749801864,0.7654544522931621,1
213,2,1,2,0,0,4,5,12,1,3,132,9841.489922402601,0.17401692089778237,0.12135246471607036,6.870402755899275,0.7670837764737664,0.7349934166034466,1
1044,10,1,0,3,0,10,6,4,2,1,86,11843.043655625948,0.18030930486473595,0.15525696853388543,32.29858609760142,0.7489951769706205,1.0859075887614609,1
248,3,0,2,3,2,3,5,8,3,3,132,4062.713614123376,0.1419023875179319,0.04408734628308476,7.118348544868693,0.8963046197895425,0.291106957013191,1
996,10,1,0,3,1,21,6,11,4,2,148,6746.363204985666,0.10169556096597951,0.18297824507698993,29.730440376678906,0.7718967872806638,1.5684190518901802,1
182,2,2,1,0,1,6,6,5,2,3,53,4885.2222889261975,0.163006279317802,0.15834706115648997,6.326245463355168,0.6753909967865686,0.4957832456354589,1
895,9,1,4,3,0,17,5,2,1,1,124,15588.91164008823,0.1410544421342623,0.07060882558860494,27.351216803250107,0.8047515295247097,1.1445894874797944,1
482,4,0,1,2,0,3,3,10,4,3,108,13637.335091321449,0.16671711667106975,0.154425434291545,15.707497027569602,0.8354858520668234,0.22917202932429065,0
656,7,0,4,2,2,15,2,6,3,2,129,4371.868197407608,0.12174517674717697,0.14790450127227478,19.87396599887637,0.8586576448912467,1.0419185340220007,1
439,3,1,2,0,2,4,3,1,1,2,100,13767.85434474796,0.19333518471850938,0.181839990687166,11.754905828343169,0.7311711710674461,0.8803891000351957,1
631,5,2,3,1,1,6,5,5,2,1,62,13927.1479298109,0.08640539111815926,0.19074595010020448,19.908956447245,0.6952818964517363,0.900728897735896,1
595,4,0,3,1,0,9,5,7,3,2,87,13662.87710902354,0.1366695883920363,0.0856155028986451,16.884341057837325,0.8799717089191933,0.4365760074471658,1
667,7,0,2,3,1,2,3,11,4,3,115,14541.031318625055,0.16928841604972092,0.1866059672289181,19.406129833067304,0.8198475275246124,0.8678204510171285,1
541,4,2,0,1,0,2,0,3,2,3,138,9621.111601284205,0.1830196510212832,0.0727772489703673,16.908220382938318,0.7048913950037572,1.0406562259020569,1
673,6,0,4,0,0,18,1,7,3,3,47,6872.961195610006,0.19147972638245722,0.11095829991151765,21.849623402755824,0.8439028881677113,0.35307933443150635,1
939,8,0,2,3,0,8,4,3,2,3,60,14445.375828018432,0.1032017556233012,0.12867640384579487,28.130421490064794,0.8756548282389067,0.7195887495735633,1
579,6,0,3,0,1,13,2,4,2,1,65,14015.762115912743,0.15189483666732279,0.1848876283786736,16.431700943843648,0.8284478907293016,0.8553645322102033,1
512,5,2,2,3,1,15,3,4,2,2,105,7296.512413291572,0.08643153951686455,0.2021945448887651,17.315423092426677,0.6901182620174666,1.428358949029553,1
301,2,1,3,3,1,14,2,7,3,1,41,10968.631314332464,0.1439006892183155,0.04309899397267232,9.173117204303269,0.8158501425640555,0.908833149594154,1
510,5,0,1,1,2,15,0,8,3,1,144,10683.262510402259,0.06947620882224495,0.17270401000819494,15.684737209241275,0.871018901526302,0.5433863990361985,1
295,2,0,4,2,0,23,3,2,1,1,117,9850.341577376483,0.10743218956516443,0.19795380232947854,8.078391464264493,0.8425763036474107,0.797095967115085,1
347,4,2,1,3,0,15,3,1,1,3,139,11303.349348688385,0.18723793210910664,0.2117749586522194,12.087370959677589,0.6404441991574032,0.9283682790001729,1
1056,10,2,3,2,2,8,5,9,4,1,42,5007.636049312872,0.16974501074397771,0.08822005444771158,30.459314833638608,0.7039157206637398,0.804181200101711,1
262,2,0,2,2,0,6,0,4,2,3,70,9455.725602112005,0.11944098381823523,0.07113286965535252,6.2502639708940855,0.8942417659368855,0.743654181162035,1
623,7,0,2,0,0,19,3,8,3,3,89,7358.463029620871,0.06349525216780841,0.12981007461033434,21.46814553178024,0.8930126029498358,0.8135787777538863,1
947,7,0,0,2,2,10,5,1,1,3,124,4028.4719442459964,0.10377145605826096,0.2021805955838119,26.686144306602113,0.8423215767610672,0.9610392809255711,1
1056,9,2,1,2,0,13,1,8,3,2,111,10230.097760339064,0.062188636574224146,0.09681044163583277,32.541093048460304,0.7484504148054744,1.3374556118658976,1
314,3,0,0,2,0,19,2,11,4,1,85,8376.445135919774,0.050964422104369675,0.13091092675592683,11.1172814588425,0.8981560930128666,0.42753164637257224,1
330,2,0,2,3,2,5,0,6,3,2,73,9174.855170441897,0.18504182135123204,0.2191998947200472,9.73640696214999,0.7980912277679243,0.6243710826773685,1
522,5,1,3,3,1,5,4,7,3,2,76,5336.207586254193,0.11862903552624207,0.12208581083156067,14.679620724364689,0.7916783191389888,0.8494233266524099,1
690,5,1,2,2,0,1,5,4,2,3,80,10067.44638624404,0.05430219405632542,0.1530851077852326,20.913628117412927,0.8066757141712989,0.7347929733994365,1
1063,10,1,3,1,2,1,3,4,2,3,115,7241.510808850042,0.15466697462317103,0.2192072268953873,33.64381402592206,0.7317566093166488,1.4567443384042742,1
371,5,2,1,1,0,14,2,1,1,3,135,4006.984890273809,0.05186904017903569,0.10610654017312529,12.17413882540673,0.7489109888415275,0.6831031810357542,1
331,4,0,1,0,2,12,5,6,3,2,92,13360.132002602979,0.10338646674298588,0.08912739868470279,9.414781908484935,0.8933687605575401,0.2303449088333327,0
412,4,1,2,2,1,7,3,12,1,2,139,11534.063827556642,0.07684648685000584,0.090893118690069,12.809386540642004,0.8245171775069664,0.8253665480185535,1
984,9,1,1,1,2,5,2,2,1,3,72,10334.992034475774,0.06634084531171461,0.15106239142756295,27.83318577652214,0.8021685434673251,1.4427136257369269,1
207,2,0,4,3,2,16,5,5,2,2,134,11464.683580684388,0.12536787328080096,0.06928668638049006,5.078970475483443,0.8924054481524191,0.32183483444653715,1
529,6,2,4,3,2,2,1,11,4,2,40,7883.998902187479,0.1551503381216122,0.06961361494103803,16.010682606630926,0.7188562211218074,1.0897514538038173,1
289,3,1,2,3,0,16,5,6,3,2,122,5476.440439189169,0.11795035756444613,0.08682400057186483,8.879091473079775,0.8078515388386601,0.23026438569717073,0
324,3,1,3,3,2,21,1,10,4,2,144,8283.12423265553,0.17132839278278666,0.13736837008387948,8.283878147773493,0.7610864567100002,0.5234470070931168,1
1023,9,2,0,1,0,10,3,5,2,2,70,13466.542284785683,0.18678190808617937,0.19195164648118546,30.820735772390094,0.6495699004446858,1.0926481731677782,1
181,2,0,0,1,0,11,1,8,3,2,114,11299.192374681514,0.16914897672534135,0.1352687339139476,6.18914792594222,0.84301203021232,0.5784900809299469,1
475,4,2,1,2,1,12,4,12,1,1,48,13494.912985451318,0.19303866482296222,0.18087546151002365,13.842330669701827,0.6517386431501563,0.6561649806531862,1
1022,10,2,1,1,0,2,3,8,3,3,133,14827.378137069114,0.18864575543774045,0.21236027769173962,28.304897177369835,0.6395472850917339,1.6099435212754667,1
739,7,0,1,1,1,15,1,10,4,1,93,6995.888511345363,0.17320269420819565,0.1732002728205729,22.372714629234718,0.8241186648370541,0.7774498260590583,1
246,4,2,2,2,0,8,5,9,4,1,86,14973.135432440555,0.08682121609650763,0.1557019365693028,10.251516345571003,0.7108645813003852,1.0586577479750583,1
607,7,2,3,1,1,11,6,2,1,1,141,11951.188376441896,0.06789313035739016,0.04147499322364665,19.32295201280016,0.7707843443885334,1.4530761476363638,1
1073,9,1,2,3,1,0,0,2,1,3,141,10729.338344697595,0.15632181912637544,0.12071404561265872,31.855590520942314,0.7753338608674346,1.2664638448595684,1
548,6,1,2,0,1,21,3,8,3,1,64,10038.514240381424,0.17528464548361264,0.08824890761716539,16.374112864912146,0.7814099011046499,1.220644244580649,1
666,5,2,0,1,1,8,5,5,2,3,145,9624.642509993617,0.17169976298167958,0.1322361037441698,20.218857125840202,0.6832288599733677,1.5125524543968616,1
669,7,0,1,2,2,1,5,6,3,2,63,4886.775172254804,0.14297959051329123,0.21119520402548625,20.655393827375338,0.8206213424575501,1.1931822247287565,1
787,6,0,4,3,0,18,1,6,3,2,129,4655.685146787738,0.17277890636028428,0.09768053991030501,23.95930068376467,0.8582932491782348,0.7019561620295525,1
352,3,1,4,2,2,23,0,10,4,3,125,7971.703209799474,0.15314659110644643,0.06894077368162735,9.147555749244608,0.8000606858453668,0.36089241599109484,1
952,7,2,0,0,1,12,3,12,1,1,95,6442.661296701755,0.14645853780846674,0.18866131502260314,27.99823452719867,0.6691960662260186,1.3025877930255534,1
1089,10,1,0,1,1,0,4,12,1,2,105,5039.338531699308,0.047452239625209905,0.2183049374552385,32.1044599164874,0.7804092703137983,1.2690518292867,1
311,3,0,4,3,1,23,2,1,1,3,83,4293.247215730117,0.11367592447071423,0.1804127839340993,9.830124224852916,0.8476600812178339,0.12946630333893328,0
932,9,1,0,1,0,4,2,9,4,3,84,15740.654804416321,0.04541537817432449,0.0649105587540375,25.791627511210983,0.8503533283822371,1.005102993061368,1
931,7,0,2,1,2,5,3,9,4,3,96,6545.127696126147,0.0547792076719616,0.13912507340598299,26.828722745130964,0.8927430735149249,0.27633971083609543,1
862,9,2,4,0,0,16,3,11,4,1,134,15816.27864920084,0.12656074450129667,0.11293424529631022,26.935151481371378,0.7122272545910768,1.8019660153163222,1
521,6,1,3,2,2,7,3,6,3,1,93,10534.020119224419,0.047596645423076255,0.15401789354090564,16.954996180716314,0.8092734574662082,1.0871419845638197,1
611,6,1,2,0,0,2,4,7,3,3,104,6301.990131469877,0.186115261234508,0.16035016860981696,18.442360019963946,0.7440905565700537,0.7711149492616534,1
952,8,1,1,1,2,16,6,6,3,3,117,5743.613330850761,0.11205455314663648,0.1852762376097677,25.660142244891894,0.7662011441596182,1.2328005766906656,1
320,4,2,3,2,1,6,5,5,2,1,141,6409.654766690828,0.15199466395432784,0.08321557305045277,10.790661102109256,0.7141553933478487,1.0791265464990352,1
942,7,2,3,3,1,20,0,3,2,2,134,8365.334787774063,0.06364722919408686,0.21364213567982013,29.49044278648068,0.6952197858067418,1.5352840724185604,1
1027,10,1,4,0,2,3,2,8,3,1,80,6459.8982908699745,0.1756152400167939,0.07864404145380416,30.019775320153126,0.7855833233382309,1.4067227348766473,1
807,6,1,2,1,0,21,0,1,1,1,134,13936.257667560185,0.11649070661323624,0.06233764209559007,23.12579402917419,0.8195272430810282,1.2003613405753835,1
494,6,0,4,0,1,17,6,9,4,1,88,8404.384646340928,0.1294041471380581,0.18919682388896056,16.367848636498348,0.8366295630378415,0.4887428477866803,1
694,5,1,3,1,2,5,4,11,4,2,50,10323.342661527662,0.14375746877827256,0.12338485176315933,21.263054878635813,0.7797859557563557,1.0234477792508652,1
226,3,1,0,3,0,13,1,3,2,1,48,10014.77053643111,0.12638372046030105,0.1282414487260072,8.463810358089916,0.7854186738661613,1.022167115456972,1
1037,10,1,1,1,0,22,5,3,2,3,62,11914.446201329465,0.13010993956077524,0.09737238345944171,32.507034290275,0.7976329546409024,1.0899176633474794,1
495,4,2,3,1,1,1,3,7,3,1,80,15968.817524051121,0.15912373263295382,0.04835438175313232,12.787661995091838,0.7266348485262611,1.1398335803335486,1
232,2,2,0,1,0,19,0,11,4,1,84,9322.754896307535,0.1690354193275506,0.07484819517335779,6.330004409559489,0.7102523734745911,0.5129731084816822,1
910,8,1,3,3,2,11,1,2,1,2,59,7871.801257385707,0.08898657014696601,0.17709417629785618,27.899094210016347,0.7802636640998301,1.7825004446570245,1
784,6,1,1,2,2,22,5,6,3,2,59,15688.917911349872,0.18752788720785732,0.08039313593149859,22.928178479652743,0.7794355395872898,1.1184369510806,1
752,7,0,1,2,0,5,2,3,2,1,43,15971.471833494823,0.09662346865532054,0.21867986507253512,23.0285437164114,0.8381134998224649,0.47632181359145237,1
229,3,1,2,3,0,17,3,11,4,1,140,13371.192871177356,0.08357209699165458,0.18152081861009603,7.069808151372202,0.7807081879792123,0.9357384241396101,1
870,7,2,4,2,2,23,6,11,4,1,68,13572.038723429747,0.08982886754021727,0.19274622657850332,25.17172140505427,0.6928412076465756,1.196694047872098,1
766,8,2,4,2,1,8,2,2,1,1,111,8887.889937242846,0.09736242518205263,0.19719052421608851,23.067647204918917,0.6874511727708364,1.585863186984788,1
910,9,2,2,2,2,2,0,2,1,1,93,10466.82733760232,0.09070889692953579,0.16940280481655784,26.201177092883025,0.7029497342142578,1.7071970792972586,1
941,8,1,0,2,2,9,0,2,1,2,79,8221.731967146883,0.1750000283015673,0.12391290468187569,27.095003446550397,0.7654891801574506,1.6637446453825984,1
374,4,2,4,0,1,14,6,10,4,3,67,11426.226447496614,0.12978442888287714,0.20506221925437265,11.361781561760294,0.6693190083382375,1.1968688168483617,1
373,4,2,4,1,0,15,4,11,4,1,47,13908.875022325952,0.1948232611099767,0.11677481952606894,11.357289726112185,0.6797808637137794,1.0987156902868593,1
1029,8,1,3,3,1,11,2,5,2,2,51,8488.792114970913,0.05343289206011626,0.0572474342186695,30.9600204947284,0.8501938531745464,0.6574089774279938,1
668,6,0,3,0,1,22,0,2,1,2,114,10422.319738339334,0.1382368278479546,0.14735972148931756,19.63674482470334,0.8514815527982275,0.7108266854957064,1
582,6,1,2,3,1,13,4,8,3,1,89,13299.639389277554,0.05536388757328137,0.05900166152932326,19.72671485056683,0.848535502903828,0.6845993100481584,1
444,3,2,0,2,0,15,0,11,4,2,146,6506.353370849432,0.11341601354888453,0.15796991184266124,14.360120672331847,0.6978763335738043,0.8594611259286243,1
767,8,1,0,1,0,22,0,11,4,1,56,11324.405688997897,0.10123760360534204,0.219554816376952,22.78137404176751,0.7556434110079677,0.8810901468815258,1
873,9,2,0,0,1,22,4,6,3,1,142,13309.095568757142,0.14892398641791477,0.16153743691181827,26.811058131794177,0.6802923595016201,1.5396470228866734,1
182,3,2,4,3,1,8,4,10,4,3,49,4625.774262278443,0.15927117012499134,0.07789937812357228,7.444884006672111,0.7132732532881463,0.8251390612161623,1
688,6,0,0,0,1,6,3,12,1,1,120,7044.533176415911,0.07809498433051167,0.06481471220295644,19.7364175818424,0.9156906365599393,0.7473560713144854,1
1093,10,2,2,2,0,17,6,10,4,3,145,4303.091344997383,0.0709943706355046,0.10414951421358506,31.86587115150667,0.7411852518179096,1.4030220342641098,1
438,4,1,1,0,2,12,1,6,3,1,56,4076.9547932777764,0.10712166920435967,0.06623772989657076,14.685536775371983,0.8219882704045813,0.6174213799701304,1
438,5,2,0,3,2,10,3,4,2,2,92,9731.405806633893,0.07871796808045986,0.1425447945784171,14.355970757341215,0.7204317568035054,0.8334507883080737,1
987,10,1,4,0,2,16,2,5,2,3,141,12408.093954994367,0.14825984113939425,0.18095771985618725,31.262249934334235,0.7518520975519883,1.4744138573089869,1
237,2,1,0,3,2,15,2,5,2,2,128,8596.472738019951,0.12283162396206052,0.1584649023956395,7.415359810934,0.7734165631390351,0.9891879488869637,1
545,6,0,4,2,1,21,1,12,1,3,64,11453.05022104725,0.17231632286902368,0.15109573731355969,16.436237789873623,0.8344645729178375,0.6490649310654029,1
601,6,0,3,0,0,8,5,9,4,1,58,6297.840013768595,0.1970035267645879,0.11840916692877007,16.60552478062618,0.8380642878379889,0.7843141289229331,1
914,8,1,3,2,1,18,4,11,4,1,77,14037.095496031145,0.10049725832327608,0.0710912589586157,27.416856441337156,0.8227851672231488,1.2693672798241515,1
298,2,1,0,3,1,5,4,10,4,2,90,8351.08799752245,0.18591947479613005,0.15480033751667635,10.120617170969325,0.7466760844592372,0.664932959690044,1
579,5,1,4,0,2,22,0,6,3,1,72,12486.489819685961,0.16434755794469377,0.11548259792275942,18.729406235665532,0.7740764298596461,0.611029686055174,1
320,3,0,2,3,0,2,0,10,4,3,49,5559.3050122369195,0.06385974584086272,0.09498306586920424,10.90596022806033,0.9085207347304698,0.5405170402974001,1
904,9,1,2,3,0,18,5,8,3,2,94,13817.296719754057,0.1737485291507208,0.15867152897155384,28.33414095584409,0.7504109738449765,0.8137596928247945,1
761,8,0,3,2,0,2,4,9,4,3,85,10216.721062568027,0.11704116996843775,0.10813648854710511,25.879598762059764,0.8786700536680057,0.47787029209247106,1
636,5,0,1,1,0,21,0,4,2,1,73,15643.217162472307,0.15346573939203081,0.07029946392565892,16.874775205818185,0.8793056585070396,0.2971750128868452,1
541,5,1,1,0,1,23,4,3,2,2,130,8864.450259737128,0.15241785669115185,0.12703244308151976,16.513974110397076,0.7742473651022979,0.8331303269434955,1
320,4,1,1,1,0,19,6,3,2,1,71,14475.994825414069,0.18175449663803547,0.09205289348094237,8.896932932451499,0.77678667444646,0.4588362206071424,1
1028,9,1,2,3,0,18,5,4,2,3,138,8945.193726604637,0.1617863525519825,0.1720279710124572,32.51555974731498,0.7497835543960021,0.8887007992878998,1
775,7,2,3,2,1,11,1,12,1,1,41,5294.707971392882,0.17193979809886273,0.04847208556485755,22.531582322133897,0.7208146523513258,1.3995154271688413,1
473,5,2,1,2,2,5,2,12,1,2,97,12251.612842185754,0.09134591026195304,0.19351191083424119,15.657571095802687,0.6918139805067125,1.0991758830604639,1
560,5,1,1,3,1,23,5,2,1,2,144,6195.592424960372,0.19570200415391947,0.12304232768080392,16.197635950740327,0.7565650506743745,1.0952064645437414,1
848,9,2,4,1,0,12,2,7,3,3,71,13598.22742602141,0.1458547459242854,0.04286988945326015,26.420107726821783,0.7350739140801045,1.1963120636518898,1
841,8,0,2,0,0,19,5,12,1,2,112,8018.370794667693,0.16379066311658658,0.06400524390575346,25.201358633112196,0.877491841839947,0.8330568681822569,1
604,5,2,4,3,2,17,6,10,4,3,120,13077.095127560848,0.1774210056820333,0.2101792876989751,17.87819507763295,0.6455798679785462,1.5471873044423832,1
458,4,1,1,2,1,16,2,8,3,1,77,9777.283546253973,0.059805315105743856,0.13666120012921254,14.052988899437127,0.8115900681442696,0.4277215405971403,1
787,8,2,1,2,1,8,4,8,3,3,110,10444.060090882089,0.09382573991830412,0.17833816039529704,25.01393558190678,0.6975262448588795,1.125628320982766,1
785,7,2,1,2,2,10,3,4,2,2,111,12815.580411408975,0.17374975543785265,0.19889989850762774,23.3267162797855,0.6523076557245338,1.6086056222614837,1
731,8,2,2,3,1,10,3,12,1,1,91,11980.669249201717,0.18751711858116166,0.09765496661937412,23.506476428094356,0.6916725616597589,1.3182662074826876,1
247,2,2,3,3,1,14,0,1,1,1,81,11970.582853001717,0.1609749475284596,0.13844506369234147,8.545400559370702,0.6852609949506394,0.9242842605092849,1
614,7,0,2,2,2,17,6,11,4,1,92,11907.341578304735,0.11716942904810532,0.15705831313848795,18.45736584248902,0.856597516016033,0.8139802832858639,1
744,6,0,1,3,0,4,3,11,4,3,56,11023.23975744359,0.08017956217698724,0.19148531774764138,24.241178192297237,0.8577508040339171,1.036936608457832,1
1054,10,1,4,1,1,5,1,4,2,1,94,13686.13294502099,0.12400439838828964,0.11561608954578756,32.63105893137802,0.7921707804296653,1.3468455381393378,1
663,6,1,2,2,1,1,4,7,3,2,75,7600.241068217287,0.10356803596025402,0.21131550031099025,19.3296685716445,0.7583024086779401,1.0316846247881017,1
495,6,0,1,3,0,12,2,11,4,2,77,6178.76762874191,0.18170092740677163,0.14928172296176218,16.163143702871828,0.8310578073341598,0.6494035052434689,1
691,7,2,0,0,0,16,5,6,3,1,67,12821.920623824102,0.13076240146260334,0.19729701574145397,22.23032127716512,0.6723732622581742,0.76694403778896,1
343,4,0,2,2,2,5,5,4,2,2,97,10477.944669268392,0.10273061629693456,0.05500444606087191,11.333930740291528,0.9090192219389871,0.6662037050640026,1
263,4,2,3,2,0,17,2,1,1,1,40,14807.33951843928,0.11975678728088979,0.12340162063206886,8.763299943461815,0.7105787164391686,0.7501527956533596,1
803,7,0,4,2,1,0,4,6,3,3,46,15581.0248197228,0.18937080699572514,0.07225050360565935,19.789934454823648,0.862270410229377,0.6264208036818059,1
1087,11,1,1,3,1,20,0,4,2,1,62,14405.608071557413,0.13812135656502084,0.20413896317337332,31.84443712658616,0.7459828561177226,0.9028333417347811,1
958,7,2,0,1,0,16,6,11,4,2,102,10570.707351594876,0.07663670401850126,0.08229771748361346,28.824841395903988,0.7484795103240484,0.8061230159486608,1
716,5,1,4,0,0,16,3,11,4,1,68,13049.49994469515,0.12001241264634754,0.1683364240685994,19.657430436216593,0.7702430234782739,0.4711297062469284,1
217,2,2,2,0,1,16,4,4,2,2,94,8011.997163258552,0.11450531791907975,0.05131648920205806,7.127162941530795,0.7453801867954879,0.5718618362298155,1
1088,11,2,0,3,2,8,4,3,2,2,56,4177.137383108017,0.08966468401705253,0.07615203536010867,34.09326105960879,0.7453824762802774,1.3453738284696364,1
593,6,2,0,2,1,23,2,4,2,2,86,13365.637649180764,0.15780792188329487,0.09757344649198746,17.87012648382894,0.7050783842311229,1.3580883897121168,1
446,4,1,2,2,1,17,4,5,2,2,89,13377.974873460313,0.08292591191212685,0.1807371981105623,11.219242314207149,0.7813516004897899,0.8461052466253608,1
1001,9,2,3,1,1,4,2,9,4,1,75,4096.461706236563,0.11880783919395294,0.08521001951506171,29.058002886640338,0.7281919635809434,1.5207848991671855,1
866,8,1,1,1,2,22,4,2,1,2,45,14363.16645694199,0.1105674724696108,0.18703919073247874,26.811204991045734,0.7660770015590598,1.4820467390485221,1
869,9,2,1,3,2,17,0,12,1,1,108,14577.262773176844,0.1146980267593252,0.18194993753254174,27.97677501740479,0.6865084160686599,0.7001824644069328,1
435,5,2,3,2,0,7,1,9,4,2,62,7847.745189469462,0.13068408919580374,0.21859660221719446,10.949407354068052,0.6628236888641508,1.2252121709630954,1
1092,9,0,4,3,1,22,6,2,1,1,93,4206.954924446554,0.14932756256921567,0.16188528813209346,32.433815146710266,0.8399542171844109,1.2418165379402177,1
596,5,1,2,3,1,5,5,4,2,2,118,14512.24530241334,0.06287997482972112,0.1547387726012067,15.923209359436079,0.8020715636560825,1.1073924543679938,1
668,6,2,2,3,0,15,0,9,4,3,51,4846.216713530007,0.08613201627261283,0.1482764654121913,20.08748740642038,0.7145161832418381,0.7052080022933984,1
870,9,0,1,2,2,16,1,7,3,2,114,6786.452835342809,0.1636538827567302,0.059731444875510374,26.30630934961088,0.8794766025654918,0.7859823058455053,1
787,7,2,0,0,0,23,3,7,3,1,81,10510.893231771635,0.18523925638185912,0.13237998530805162,26.342994992406034,0.6770713412395402,0.9755527010585683,1
338,4,0,0,2,2,13,0,1,1,1,95,13798.414701426886,0.04714511776600363,0.19326691950405156,9.848183924530375,0.8718145832284752,0.18591042779848083,0
458,4,2,4,2,0,23,2,5,2,1,48,13381.810131773338,0.05173849201616852,0.04375422408542549,14.911184953545202,0.7770282777542826,1.5736394258985245,1
512,6,2,0,2,1,6,2,8,3,2,94,12174.116397286329,0.1894127489381253,0.06279792142604505,17.08443236024007,0.7065051983361232,0.9125402779864276,1
1051,8,0,4,0,2,19,0,9,4,1,81,13944.10214639809,0.06367054313382972,0.14809886726537294,30.62402739751505,0.8847037653203588,1.3265968596423905,1
837,8,2,1,3,1,5,2,6,3,3,59,12225.17682646365,0.19668626088593733,0.1924628536830362,25.368935271637856,0.6448828984439618,1.5603681763270654,1
517,4,0,3,3,0,23,2,7,3,2,98,11652.26685759029,0.17251554108702927,0.09531971713898224,15.205835453374949,0.8594741337982948,0.2856507847390714,1
855,8,1,4,1,0,18,0,3,2,3,111,6012.376368376167,0.059312708231624926,0.19686608347712253,24.80748638425953,0.7847195437310637,1.0410598715134138,1
859,9,2,3,1,1,15,4,10,4,3,83,9279.060257210673,0.0564040085156903,0.10075479201153176,25.208934676127477,0.74927853976275,1.3798177695469778,1
542,6,0,3,0,2,1,1,9,4,1,109,9416.587398479103,0.19636750877837988,0.12378250796370488,16.17135837478931,0.8359324924660618,0.9273203029537659,1
550,5,0,1,3,1,11,0,9,4,3,77,4221.980477030961,0.08077164794916294,0.21154552008426014,15.107595851278052,0.8484572743849595,0.7480659536714612,1
1002,9,1,2,0,0,3,0,9,4,1,131,8866.228353500439,0.12618675226489892,0.11516657571922351,29.367952481300676,0.7913910024071449,1.6185518067029057,1
696,5,1,3,1,2,22,6,12,1,1,70,6725.065977474289,0.07779771250719954,0.14790662608707275,20.081229728064713,0.7984330476325775,1.2593872109437356,1
317,4,0,2,1,1,9,0,11,4,2,127,5076.013124154062,0.1361079221009142,0.20838382678585937,10.136288288025575,0.8249787130009518,0.7650193592547554,1
842,7,1,0,1,0,19,6,10,4,2,81,10555.851316894345,0.17440456702576324,0.08758879133937438,25.49031538987841,0.7821029887356881,1.2219959275927375,1
722,6,0,4,2,1,21,1,5,2,2,101,6844.140815022916,0.14510546982364436,0.05654846741200671,21.164394848781996,0.889255728243957,1.1773704197694586,1
648,6,0,0,3,0,2,0,1,1,1,47,6284.539259247147,0.04745866543114257,0.21244537693067442,18.52972940222272,0.8630431809371824,0.48473306881901357,1
847,7,0,4,3,2,18,3,1,1,1,48,13441.541227345328,0.1352302949814,0.1407693285261177,25.600143162131662,0.855800169421617,0.6157168887280058,1
1014,8,0,4,2,2,7,6,10,4,3,149,13721.118630325676,0.14576266153599463,0.2138512967757763,30.833370788390013,0.8181737187597031,1.0150177332141372,1
484,5,2,0,0,0,2,0,11,4,2,40,11930.283029350074,0.0721436802049835,0.19601403214793625,14.153810382387904,0.699329029441186,0.6374860843457811,1
565,6,2,3,3,1,6,2,8,3,2,101,6276.025504779116,0.16193886411852704,0.14703277104509402,16.08927655580734,0.6809627641763705,0.9864569557350686,1
354,2,1,3,1,0,13,5,9,4,1,90,11592.321799943455,0.1403029391406765,0.12484132128928774,9.58027157537705,0.7806850828065162,0.7549482750729075,1
775,8,2,1,3,1,20,0,2,1,1,109,12559.86903478871,0.041527548325448686,0.1264450409723582,23.3768554756911,0.7444123348159868,1.0846942752304947,1
550,5,1,4,1,0,16,1,7,3,1,40,6799.718522370236,0.19208881168320055,0.06988296919386677,17.847764698174945,0.7821126986053197,1.1092013404803605,1
494,4,2,0,2,2,5,2,8,3,2,60,5595.322120578217,0.11129273445750049,0.12164116320082116,15.43253872170678,0.7151797460537552,1.0902073330048465,1
820,8,0,1,1,0,7,5,2,1,3,77,9202.328754009905,0.0771806332825822,0.1879117508272751,24.775011692980947,0.8607084271505642,0.9129691675391325,1
555,5,0,4,1,2,7,5,10,4,2,141,9091.682925279125,0.053791638706695226,0.21798187877347489,18.88609225585202,0.8577019171339234,0.4990971812722105,1
607,7,2,3,0,0,17,4,5,2,2,78,5839.636185663889,0.09990863033621146,0.21286157150042678,18.731945144582895,0.6792534091735127,1.0241731519819184,1
584,4,0,0,2,0,12,4,3,2,3,102,6300.579289887246,0.08924305776825153,0.2131921462896846,18.664953735645444,0.8439041581739287,0.09942236107867114,0
417,3,2,0,1,2,0,0,9,4,1,103,9995.406461670147,0.08767250263916493,0.04342195984076106,13.639199691596723,0.7610074918840333,1.03021183242545,1
295,2,1,1,3,2,1,1,6,3,1,85,10329.072264276067,0.16691218261201365,0.1328389703362677,9.943928164050748,0.7651119811732734,1.2044798361386788,1
941,8,1,0,1,0,1,6,7,3,3,131,10454.303300585936,0.1433473848802195,0.07602360080795331,28.3485517338221,0.8012830564403223,1.0740508208702446,1
264,4,1,0,3,0,23,5,7,3,3,118,15784.402934935393,0.0612884817489606,0.15075116076385972,8.687476360251889,0.8045821608692308,0.6641475100954091,1
478,5,2,2,1,2,12,1,8,3,2,88,4475.29585092219,0.153291856591225,0.2102506435210504,14.585130592443317,0.656405874949476,1.062499840877311,1
794,7,0,0,1,2,11,4,5,2,1,73,13435.485773782613,0.1557571208661207,0.19779719088465408,24.714925208399876,0.8209005597121513,0.818900456766936,1
300,3,2,1,0,1,18,5,10,4,1,70,8221.696049373435,0.122282980841737,0.19598484581988912,8.147556448120325,0.6767794780022682,1.2659884125018657,1
783,8,2,1,2,0,4,5,11,4,1,142,13034.888915787637,0.19932272245663177,0.105829313396438,23.48971698940202,0.6826815838661185,1.2916880821231433,1
854,8,2,4,0,0,0,6,6,3,3,53,12825.28148836243,0.08535668370049668,0.13021083472821363,27.67404220296823,0.7229946167070803,1.5273476034158868,1
789,6,2,4,1,0,6,3,3,2,3,58,11438.144304686994,0.049352902124861445,0.09074997567774254,23.911223435526168,0.7569537049888282,1.5579016086033417,1
460,3,2,4,3,2,5,0,4,2,3,68,11573.850110925025,0.044608993623880995,0.13969377956016027,14.450196895745803,0.7370637520671814,1.3747846656076614,1
198,2,1,1,2,0,19,5,10,4,2,131,11963.158686547802,0.09128768926590095,0.0946098145609777,4.545142277816353,0.8163461232779047,0.5396215788626174,1
996,9,1,2,2,1,19,0,4,2,2,115,12971.221908326605,0.11966687553338437,0.1855716312084495,29.29207017097577,0.7626426719661747,1.2823271292821532,1
480,5,1,2,3,2,15,4,10,4,3,146,5579.440237422953,0.0525169694547011,0.12359547832832765,15.032177908340413,0.8207493984976371,0.7672689885521516,1
920,8,2,4,3,0,21,5,8,3,2,119,8330.06618351394,0.13052777746813987,0.16607178208023057,27.36075668715717,0.6865301982032332,1.5708733612057362,1
361,4,1,3,3,2,11,0,6,3,2,94,14104.103582594124,0.1841392904394077,0.1970800972028665,9.629577987095221,0.7284512755609767,0.8394917539311136,1
329,4,1,4,2,2,5,5,2,1,1,44,10574.610024738533,0.1674980503582392,0.09395483638581785,11.169601487618603,0.7823462009651744,0.9839448489211522,1
895,9,0,2,1,0,7,5,7,3,2,136,5643.228581940473,0.1475949702280786,0.15197647226498995,28.44554572821572,0.8451928508781191,1.2061337246053834,1
1044,8,0,4,0,0,3,4,9,4,1,113,15539.784643443681,0.1458770711270469,0.19224637456574487,30.33126373730189,0.8278444494382438,0.66589033907805,1
971,8,0,3,1,0,21,2,2,1,1,47,15854.03774680468,0.1568480905332514,0.21113186769316164,29.70750949116924,0.8144090187981141,0.567782152397647,1
871,7,1,3,2,0,14,1,10,4,2,146,10152.126547553951,0.11907302148511012,0.06935199269042976,28.155963776425452,0.815208743621007,1.057799208105107,1
406,5,1,3,1,0,18,4,3,2,3,108,10398.328840289067,0.10428797089405364,0.16265564028790888,14.514602437991918,0.7798753749681169,1.0119228919499987,1
1020,9,2,1,2,2,6,1,5,2,1,108,7504.288104058973,0.08906488049828282,0.11833938584910264,30.153394287081596,0.7266680801436765,1.4997994898184757,1
794,8,1,3,0,0,17,4,7,3,2,79,10193.941918446682,0.05593893836763018,0.09139415738857051,22.770508501906846,0.8337001069097097,0.7365809991464989,1
338,3,0,1,0,0,7,1,9,4,2,76,15625.417587711936,0.1299460072028652,0.0683913114674175,10.370926550868171,0.8907482065983727,0.637566007355753,1
299,3,1,3,1,2,10,2,3,2,2,80,7054.82565265076,0.11560289346867994,0.14536851422251812,11.884787717155312,0.7825628665389609,1.2895645055253724,1
981,8,0,1,0,0,15,3,5,2,1,45,7655.402364193058,0.05902446325416072,0.1001358083804086,30.621452852011,0.9083778777644438,0.6142342723968709,1
433,4,2,3,3,0,23,1,10,4,3,89,14770.012386092087,0.08292315976939149,0.1602298637567353,12.987418736081402,0.7105811394132429,0.8514544320134566,1
884,7,2,2,1,0,13,5,4,2,3,46,8612.74344151681,0.16595246562887445,0.09057942805754746,27.937853384468834,0.70456064784111,1.302143018049603,1
307,3,0,3,1,2,17,4,8,3,1,105,15670.327625632357,0.08089664783035727,0.040106473270852344,10.681399382095178,0.9255485955044557,0.48070821128772084,1
438,3,0,1,1,2,14,0,5,2,2,62,8195.063149984577,0.10811506288735745,0.1781010010048946,10.446994017431237,0.8512027712484865,0.8915900742416132,1
440,3,0,3,1,2,10,5,1,1,3,107,4055.58788971791,0.06580922493721307,0.06903889239244315,14.052907791903497,0.9193183472016546,0.6518064407630781,1
438,3,1,4,3,2,22,5,7,3,1,81,15444.709650193317,0.06717545791926377,0.08545060481831994,12.868829150146516,0.8313182717680874,0.7777667258425077,1
800,8,0,0,2,0,23,5,5,2,2,70,6843.860359929629,0.16101531498282626,0.0823637572222366,23.2127327787194,0.8704794175077217,0.612240493117361,1
1021,10,2,1,0,1,7,4,4,2,3,55,12329.445785152026,0.05066787218323349,0.10160338287369389,30.977923330781056,0.7514779352243827,1.0035597345330458,1
1017,9,0,3,0,1,21,4,11,4,3,82,4568.60245301838,0.08560418302867025,0.12736154580799317,30.860281202163613,0.8841654220235015,1.3724287069424534,1
862,8,1,4,0,0,10,2,10,4,2,47,12979.03497556017,0.19693511839867267,0.1862413965394809,24.93127002544448,0.7275705682778308,1.4086352988920867,1
366,5,1,3,1,2,17,1,4,2,3,67,6640.828008496901,0.11614286622220243,0.15703959504572348,11.487702201711038,0.7770678924294334,0.887651937756916,1
1063,9,0,2,2,1,12,1,7,3,3,91,13603.015732686496,0.13699413483756884,0.06627969341653417,31.17673267938645,0.8885267772856537,1.0323303812224611,1
678,6,2,1,3,2,18,2,9,4,2,109,15599.199914549143,0.14252633612264112,0.07306168900386756,21.196412484507558,0.722985388693071,1.1606191037497287,1
682,6,0,4,1,0,20,2,1,1,3,90,4542.717116165163,0.07138218868893462,0.1924712768649429,19.985701371980184,0.8612659405007551,0.376926112188525,1
825,7,2,4,0,2,10,5,2,1,3,51,8415.904875898997,0.09909473503490782,0.08497398246706381,22.470615015175888,0.7371690771241127,1.0301349122749988,1
887,8,2,4,0,0,16,3,7,3,2,119,12589.342165007596,0.10411306204197496,0.07936296019351717,26.005105613973324,0.7374357899940285,1.3122056908814936,1
1056,10,1,1,1,0,12,2,12,1,3,86,15957.223075747106,0.07690931214377113,0.04064262177524648,30.65385904909911,0.8471016297364421,1.0652334148649654,1
715,6,2,2,1,1,19,5,12,1,1,108,8356.536616240854,0.07743740991032508,0.17933363122996882,19.662963484723576,0.7044530314868677,1.2260313527193298,1
741,7,1,1,2,0,4,5,6,3,1,147,15939.757568776404,0.1372590890403081,0.17292132854853776,23.716439003635294,0.7604188120850194,1.4273124872914669,1
865,7,0,4,0,0,17,6,9,4,3,45,14790.220463559866,0.0573560945618582,0.10257054685925371,26.52743520014999,0.9080330113604996,0.7975529980971778,1
414,5,0,4,0,2,14,2,6,3,3,148,12631.742014705796,0.060663271439879554,0.04131667287344369,11.734411285131985,0.9341090250590045,0.45868058270329487,1
463,5,2,0,2,1,10,1,11,4,3,144,8582.761889213456,0.1317283278168255,0.1814035608243372,12.660954581597009,0.6790906501114767,1.0515859087725443,1
755,6,1,1,1,1,8,0,7,3,2,96,10442.980586796406,0.11189409074035672,0.057885738213618074,22.145244923491276,0.8235990769707113,0.5858365025468479,1
238,2,2,2,1,0,16,1,11,4,2,42,12644.161233110273,0.13790935453219175,0.12288422841490687,5.4749916116290125,0.7026428876738056,0.8935495078151412,1
474,5,0,2,0,2,8,4,5,2,3,67,12228.74625561856,0.044313522300496205,0.19122657105769938,14.183166032482546,0.874006957988812,0.4955724187758642,1
840,7,2,2,0,2,0,5,12,1,3,64,7460.800360581983,0.15278651636423482,0.0839707808316387,24.98988078916033,0.7134592162618568,1.4001359479483173,1
1078,10,2,1,1,2,22,4,9,4,3,104,10686.61087557673,0.17598234269392332,0.10834036548750844,32.733804667345225,0.6920547813183556,1.4855309335713076,1
657,7,0,3,1,1,10,6,10,4,3,116,14020.297242467845,0.12386244779702613,0.15895412612667392,20.497636480654485,0.852732541734335,0.8129528194368263,1
547,6,1,4,3,1,3,4,1,1,1,93,9700.907158688005,0.1745344511348181,0.1611692957203052,15.857852857827465,0.7489333139151946,1.216685786309968,1
585,4,2,4,3,0,5,6,10,4,3,79,10794.913509812352,0.10394602443674572,0.12328714784176353,17.079408828965448,0.7177450724746708,1.315845935201909,1
810,7,0,2,1,0,19,1,2,1,1,44,7930.4158572918595,0.05262788141057094,0.11807546972498723,25.65244908744558,0.9031834919889988,1.2788878299395932,1
680,6,0,4,1,0,7,2,12,1,3,143,5921.231911816616,0.10040706728306203,0.11551165706137317,17.778210930620407,0.8828365740450042,0.9622191681843268,1
201,3,0,3,1,1,6,5,3,2,1,148,4791.755531272138,0.11141894213145792,0.1274858869349054,6.880309252539319,0.8724928269201365,0.43346323774015655,1
676,5,1,0,2,2,11,4,10,4,1,43,8872.666984565534,0.17848603232157625,0.10239610315377079,18.375491464527748,0.7736030390360938,0.7776459082809866,1
548,4,0,3,1,2,0,3,8,3,3,75,11581.237948751617,0.0935546421064295,0.08615460121575588,17.705725115178254,0.8991308405050166,0.7736311180796719,1
824,6,1,1,3,0,13,6,5,2,2,148,13120.169356293523,0.09041613205262662,0.09688924896160797,25.064621444982404,0.8157125785435945,1.3022878461368321,1
985,10,2,3,3,0,0,5,11,4,3,83,5008.652105585683,0.182082789517501,0.125998110891286,30.86322929087931,0.6813635948160458,1.716647915393368,1
1065,10,0,3,1,0,20,2,5,2,1,108,7821.853362002069,0.08015456052263545,0.10878535748583418,31.002256983550787,0.8949770368961887,0.8493809007843178,1
741,6,0,4,0,0,10,4,1,1,3,96,13694.863733705364,0.14279144569615482,0.14539684216743734,22.21659258828124,0.8503152704613834,0.9728782676538621,1
513,4,1,4,0,1,5,2,1,1,2,109,5347.064224163538,0.0922613940673983,0.15360541592950647,15.550215145144973,0.7893599355013928,0.9862053895517695,1
588,4,0,4,3,2,10,2,11,4,3,136,15919.366452637289,0.19223294234953536,0.2193058684230187,14.228248878872412,0.7948075351523507,1.1464737007256365,1
342,4,0,2,1,0,4,5,5,2,3,81,11592.263815276083,0.07033998817814403,0.15073050406930372,10.77581179089591,0.8805182784886485,0.5734490005344777,1
1041,9,0,2,1,2,7,4,10,4,2,127,15280.21117983208,0.15583012541994895,0.17223397226528706,31.730659691618023,0.8323711560416438,1.1760253104284817,1
959,7,0,2,2,1,3,0,1,1,2,90,12763.374678958864,0.1280102574825461,0.05764572213882768,26.339977201693596,0.8964548091703818,0.5919882999857605,1
965,8,2,4,3,1,16,4,1,1,2,62,15566.532964584303,0.19659325115857135,0.1768807859465679,29.31711717477068,0.6519366833026873,1.750735280372442,1
481,5,0,1,1,2,23,4,12,1,2,48,11983.993789719894,0.19904903004789434,0.13160262727933927,14.777475839103717,0.8312067542027448,0.3493788345839978,1
476,4,1,2,1,2,11,3,2,1,3,118,7216.917818119833,0.16699169606782868,0.19598045588051222,15.783837709503457,0.7366625316232467,0.9665463075851366,1
968,8,2,3,3,2,2,2,9,4,1,106,13603.26074572483,0.05655297049813312,0.2147635767236693,28.17796401676841,0.6979075537501889,1.3550970703319785,1
680,7,1,0,0,1,1,4,5,2,1,136,6712.837261151195,0.1150411110922736,0.08146580973823897,20.907914002707752,0.8115718856262694,0.7545537322639154,1
828,7,1,3,3,0,19,6,7,3,2,65,10780.069311314946,0.1767220756970446,0.20716152014494832,24.998996202857,0.7272523818711032,1.3123422864679777,1
630,5,1,1,2,2,8,0,2,1,2,118,8476.492782810517,0.14215732657460303,0.16089535784622658,15.209887132914249,0.7636262920106267,0.9673895415317921,1
587,6,2,1,0,2,7,4,4,2,3,42,13589.301357458398,0.18063510295745935,0.1730404573474645,17.42187665947925,0.6608459978627842,0.6306684869655237,1
761,8,0,3,0,2,2,6,10,4,1,55,13113.877855259943,0.1678985935992767,0.12502499197251557,23.329872565589806,0.8481843864926935,0.9222016344174858,1
927,7,0,0,2,1,15,2,7,3,1,105,14366.731623407859,0.09007367690164447,0.10386284476753199,24.366934284361545,0.8927285652488706,0.7006444250546169,1
487,4,2,0,3,0,1,2,7,3,1,99,6963.367359110804,0.0712104606994588,0.18400612485669632,15.224847871543894,0.7051525364997302,1.2588514793427674,1
924,7,0,2,0,0,21,1,12,1,3,105,15970.676122333392,0.09161022389536069,0.04395492278563359,27.218832816210597,0.9189956839935526,0.49073907158930363,1
404,5,0,2,2,1,4,1,5,2,2,132,13664.448837930795,0.1513511985685726,0.13730723107674,12.727851723650213,0.8501037066596093,1.1160632977371614,1
550,5,0,0,3,1,1,2,10,4,3,131,8640.43829941125,0.11697039618275809,0.0532893593882578,17.339112074219766,0.9033831099930428,0.7663358321038833,1
1019,10,0,1,2,0,16,5,9,4,1,61,5531.964922837407,0.047015712694750356,0.08583426989528406,30.322784839721,0.9202175078344845,0.8233845043018928,1
1058,9,0,1,2,2,8,1,6,3,1,62,8193.106461400359,0.1587963171017892,0.1705358412410579,31.494085784912837,0.8318005287457187,0.9737912203534693,1
1029,9,1,2,0,1,16,1,4,2,2,99,5274.189415721855,0.047151498633098116,0.17585295015349903,31.717051503434718,0.7996479980460313,1.0619624252081674,1
470,4,1,1,2,0,0,6,5,2,1,145,11384.466204284818,0.10548868186366311,0.20002780008374943,14.034991190543302,0.7625175831236644,0.8667875027970104,1
955,9,0,0,2,1,20,6,11,4,1,113,5355.068744926211,0.11396549985944293,0.16877870220199326,26.519038935383485,0.8527651090723537,0.7267734306395024,1
1041,9,2,2,0,2,7,1,4,2,3,56,9166.151557724887,0.12048429624716939,0.1614542756971372,31.05660953364897,0.693127642625062,1.4930104452354032,1
1079,10,0,4,1,1,18,2,8,3,2,109,12010.809443263453,0.06225454211846586,0.21012111353072468,32.47145945593436,0.8574309549578643,0.8922300446725843,1
199,3,2,2,3,2,22,2,2,1,1,77,9436.847954533376,0.15964642900935097,0.13673372849159582,7.517532468145357,0.6866289291245739,1.1464745791582112,1
865,9,2,1,3,2,12,2,5,2,1,51,14579.80759102322,0.17589955685143313,0.15769869681068815,25.951276611390405,0.6698807858520454,1.4757092601731394,1
1097,11,1,2,0,1,8,1,12,1,2,118,6891.9106993472105,0.15166408828628922,0.19625131375152374,32.09486257750808,0.7434380690829842,1.2703919065150626,1
883,8,1,0,2,1,7,0,7,3,3,70,10286.704081614884,0.1921713046625767,0.17746512631292652,25.267211028809673,0.7336636060610235,1.0727077875890252,1
394,3,0,1,2,0,16,4,10,4,2,125,14958.169210528273,0.08120010230072415,0.1785865988147466,13.299558441682404,0.8630959844980381,0.3017421094528484,1
881,8,0,2,2,2,0,0,4,2,2,100,8238.397733711405,0.06571681502188453,0.13661604343694814,26.731316836316047,0.8889502136935252,1.0101777196875972,1
276,4,2,2,2,2,3,4,10,4,2,89,9672.513884634835,0.05076724177236406,0.13501206523959214,10.533000144320761,0.7363993118446197,0.6531565079058974,1
622,7,1,2,3,1,15,0,12,1,3,62,15194.136735324595,0.15544315774624884,0.15676720430914806,21.011922781980296,0.7595053370750714,1.2555418564706697,1
756,7,0,4,1,0,0,1,12,1,1,72,9991.763374020979,0.06593716328485501,0.1660983502715179,21.802484409951113,0.8755840188996322,0.9061816462803431,1
599,4,2,3,2,1,6,0,6,3,2,76,14370.892715619697,0.1901090279586379,0.13829833138480005,16.37920162040693,0.6722166882954529,1.0871553518762718,1
823,7,2,0,2,2,15,2,9,4,2,116,15285.524110062437,0.1357360762443104,0.0733840495987066,24.304669294243897,0.7258959433706423,1.3864863189876677,1
401,5,0,2,2,0,6,2,11,4,1,85,7073.227869755631,0.16866170660755897,0.08471409473892205,13.289914553666623,0.8659808893940835,0.6714523304673641,1
737,6,0,2,3,1,22,2,10,4,2,43,13430.089237992326,0.10955174608856141,0.12875352014246705,20.1128571808925,0.8727626301960372,0.5265759235640439,1
773,6,0,0,0,1,23,2,12,1,3,41,11845.059669721575,0.15757533821951233,0.07673167541811848,23.28798389981139,0.8745618438630661,1.0487908084190278,1
763,6,0,1,3,1,0,6,1,1,2,70,15840.630087381576,0.1109841810223216,0.1162277286092589,22.96404477012766,0.8777546406657888,0.12900717825049113,0
446,5,1,4,2,1,4,3,7,3,1,96,11026.850163386664,0.12620220925024397,0.06648538381472309,12.386352482787084,0.8132905831207649,1.1707251086523838,1
460,4,0,1,3,2,21,5,10,4,2,76,13513.325272190501,0.16377307728304988,0.06632183796383334,12.39685716527049,0.8764572881389026,0.5563615632526874,1
417,3,1,2,1,0,0,1,9,4,2,149,8148.316213701737,0.07810456888679708,0.19177873114218663,12.707081583261848,0.7785525149869573,0.9991125652886832,1
604,5,0,1,1,1,11,3,2,1,1,65,11276.697750876787,0.18152152209787042,0.13760499914706822,20.382353117975207,0.8363930654397775,1.0661262644555576,1
719,5,2,0,0,2,22,0,7,3,2,84,13342.964125951112,0.1546078126351381,0.18047827970905922,20.56721880973233,0.6692112584451112,1.1010041908205703,1
513,5,2,1,3,2,14,1,2,1,2,83,15602.960083311693,0.1594464215353537,0.04207708744418579,15.895699106740583,0.7293144209592072,0.9789798090408366,1
557,6,1,3,3,1,7,0,2,1,3,70,7022.090811633387,0.0781060810723999,0.09141357402949829,16.331888042345707,0.8237161552041459,1.0035511569417312,1
443,4,1,4,1,2,0,0,2,1,3,137,4946.737371867899,0.05442038133527724,0.04318251487566177,13.54168058804191,0.8560786967050775,0.566514939701197,1
381,5,0,3,0,0,9,1,12,1,3,67,15715.656532083201,0.05165703220091253,0.04060878618214865,11.275857301963436,0.9384803817276225,0.4256216719189861,1
784,8,0,4,2,1,13,1,4,2,2,41,11231.69988853928,0.1435226495730675,0.04576295279700561,23.520855108196866,0.8948214789334671,0.8157886791799509,1
930,9,1,3,2,2,1,2,6,3,1,96,4207.010304634225,0.06400038118923128,0.1338743664016462,31.012617462880385,0.8109563635841052,0.9449136899632591,1
447,3,0,3,2,1,12,5,4,2,2,109,10239.874401592984,0.19987063206312863,0.056347969957340364,13.09164440195686,0.864701629090789,0.4996265256001449,1
971,10,1,2,0,1,9,1,11,4,2,90,15232.519472275837,0.19376762576649312,0.18370731804853538,27.675624046041918,0.7301362752832372,1.506110114667153,1
705,5,1,0,3,1,7,4,11,4,1,86,15813.096258780048,0.0446682811121107,0.13291377284843275,21.324044984354217,0.8200880757177554,1.0172221902086376,1
334,3,0,2,1,1,23,2,8,3,2,134,7908.533973424252,0.15600921415028338,0.08416355104291537,11.344668920637003,0.8719222556630606,0.4716201000079807,1
516,6,1,4,2,2,21,2,10,4,3,81,13382.909170256731,0.08172352859451729,0.19095828591856664,16.78954883356105,0.7772931834691122,1.0637481842570127,1
186,2,1,2,3,1,16,6,2,1,3,110,9504.382687614445,0.09454396558568492,0.13173477957464785,5.482609152245788,0.7981745646778503,0.5542635951985404,1
216,2,2,3,2,0,14,3,12,1,2,132,8776.117492778692,0.07844966992643435,0.10314382688828067,5.383379377283826,0.7382829264333782,0.3967963937970854,1
489,4,0,0,0,0,11,1,6,3,3,83,13098.321286588824,0.17288729969742056,0.14223111643217715,13.397089350603968,0.8381967127416811,0.2871692309543899,1
598,4,1,1,3,2,1,1,5,2,1,99,7239.611076599445,0.18300037212073128,0.16106957196351396,17.10915686726484,0.7451685251620896,1.1880076109527318,1
913,8,2,1,2,1,7,1,3,2,2,82,9116.527428817333,0.046464249080838446,0.1405846657292589,26.786133638746943,0.7358279883354562,1.596537382823965,1
303,4,0,1,3,0,0,5,11,4,1,107,6958.38163746935,0.08320609810832827,0.20790135136631052,8.903820537308254,0.8490016477364125,0.2678098250563731,1
952,7,2,4,2,0,8,4,3,2,1,100,5711.651414238818,0.11179175397089361,0.10371527130641273,29.311012204394018,0.7230218386252121,1.6618034872630374,1
395,4,2,2,3,0,11,1,11,4,3,133,8551.586728622431,0.12349152505344141,0.11379089388912086,13.100137620895886,0.7132229114758469,0.6717413458262187,1
307,4,1,3,3,0,14,3,9,4,3,67,15510.74066810193,0.05402350050295466,0.19459380137376775,11.199339939100685,0.7881222141554749,0.629430690678836,1
823,8,2,3,0,2,8,3,10,4,2,57,9026.57461620997,0.1728045108761246,0.15474775866102686,23.91185030349624,0.6726014787082818,1.430920654518865,1
892,7,2,2,0,1,6,0,1,1,2,86,12198.695457587091,0.18943678392881141,0.21392801487737934,25.168726741239713,0.6384858405372141,1.3591797089832591,1
736,7,0,4,0,1,17,6,9,4,2,107,7420.8737933436705,0.10445841327465599,0.18258963844363876,22.26127951774544,0.8508283767267674,0.7537314813365231,1
286,2,2,1,3,0,3,5,12,1,3,71,14384.284605040466,0.17715745276256212,0.13232709018030267,8.82429075344836,0.6807319556757108,0.8973755399208692,1
286,2,0,0,0,2,3,3,5,2,1,149,11498.804187722735,0.14821678241017036,0.15424929700602427,8.412136372213451,0.8438902642627124,0.6555932566784278,1
538,4,0,3,1,2,16,5,6,3,2,96,15405.448185505371,0.13467897777288904,0.11309519365895374,16.174109646945066,0.8685016228556708,0.35977136720024827,1
594,5,0,3,3,2,14,0,2,1,1,129,7911.425151603888,0.17104802399036165,0.06297621146317856,19.533644112304888,0.8746890940459069,0.8019693217466282,1
1098,9,1,1,1,1,20,6,6,3,3,100,10456.402862175091,0.1156847387348044,0.11327989745229688,32.23266978325397,0.7969659137158045,1.4576985995423821,1
443,3,2,4,0,1,17,4,9,4,1,83,6292.547916816155,0.12763457055695018,0.09066744046768699,13.826459990670454,0.7217640950389133,0.9691609434459253,1
357,2,1,0,1,0,21,6,4,2,1,133,5630.610824625978,0.08394653753750583,0.16205437500614622,10.816295163229107,0.7892995893553566,0.46315408433777017,1
1050,9,1,1,0,2,15,6,9,4,3,57,11024.315604591815,0.1539495615553763,0.1604554997338947,31.34596469186361,0.7585177224198281,1.073210209114865,1
321,3,0,0,1,2,20,4,2,1,3,67,13641.00095220016,0.06544995227969239,0.20872622083725056,10.560612234081198,0.8566207220973756,0.9905033379959332,1
204,2,1,0,2,0,4,2,9,4,3,124,6397.533944739641,0.07890585035687357,0.05430233928691436,5.246875524513182,0.8400563146602954,0.8359507627429805,1
568,4,1,3,2,1,12,4,8,3,2,139,12434.997887324122,0.1167873526741543,0.12416232198153218,15.38447996112444,0.7915726464049411,0.8390310013752162,1
548,5,1,3,2,0,22,3,3,2,1,72,12058.658777372955,0.10164999773408548,0.1117550531687129,16.940496732165762,0.8039677270937408,1.1722042560872121,1
750,7,0,3,0,1,18,2,5,2,3,98,9790.585974213473,0.07833253394570144,0.13493890893761298,20.571209765409144,0.8840278507025084,0.7173469677061748,1
987,8,0,4,3,0,9,4,3,2,3,93,13202.941012539148,0.0707021674442621,0.06152135434152516,29.78753430032388,0.9204994151963957,0.8990682099846423,1
1038,10,2,0,1,2,22,6,8,3,3,119,11126.87735069446,0.17774354828937844,0.1284567772109359,29.961988928591854,0.6822098535248585,1.2205502648929976,1
446,5,1,3,1,2,7,1,8,3,2,94,15357.998684291904,0.1345374235822933,0.1582619806653645,15.558357369046728,0.7682402680885541,0.4976282669240167,1
1082,10,1,0,2,2,0,3,7,3,2,107,13164.467143669055,0.10038282544192798,0.09648153468331663,31.998165442989503,0.8114110379436399,1.0748923501817054,1
762,7,0,4,0,0,19,5,3,2,3,113,14639.119381612742,0.17532487215193568,0.15707958903881036,24.596508920410574,0.8304179924641643,0.8195520522553565,1
244,4,2,3,1,0,9,2,3,2,3,131,8336.417534329854,0.17202567787384526,0.08782090355998912,7.768070325612482,0.7030690383547745,1.063462008751121,1
1043,9,1,3,1,2,0,2,10,4,2,55,13731.990173144588,0.057741929104612344,0.10647497335579234,30.743120615790772,0.8261023938928179,1.4363558509674186,1
306,3,1,2,0,0,4,0,6,3,1,112,15904.29026698593,0.13076570022611683,0.20331189405722613,10.291732410377303,0.7496650825724958,0.7088629492511024,1
721,7,2,1,3,1,1,2,6,3,2,59,5961.578045742548,0.08889806667718603,0.04451051031787337,22.125245061590697,0.7599661403522232,0.8999880666631537,1
907,7,0,3,1,2,23,4,4,2,1,41,10134.153344039125,0.12653357995055223,0.08910821810478828,26.588379810246057,0.8829611908750967,0.7971720168668844,1
409,5,1,4,0,1,20,6,12,1,2,118,14348.031797038302,0.15487981074299578,0.2084306112684951,12.27823371602971,0.7365103100948291,1.381670797770094,1
428,3,2,0,1,0,22,3,3,2,2,82,8759.51640264257,0.041361214394378704,0.06646770732567747,11.98970543760828,0.7714769852259746,0.9565293382986602,1
618,5,1,4,3,2,4,2,10,4,1,118,10098.798085888893,0.12217080169211117,0.1115334065327725,21.092202574550804,0.7948331062988023,1.3968422764583504,1
994,10,0,3,2,2,19,5,10,4,2,143,12971.528307346653,0.08667717440955927,0.12173722015028873,28.147540892859855,0.8862135224480684,1.5311082103423086,1
385,4,0,0,2,0,13,1,3,2,1,54,13896.369518160152,0.12544174402530345,0.15747652071709173,10.288542420183662,0.8526867808659222,0.31038426394567664,1
790,7,0,4,3,1,7,1,1,1,1,89,6394.365799285777,0.057574743052534266,0.15011919228837778,25.001735642609745,0.8865377290965896,1.1087512733065716,1
596,4,1,0,0,1,16,3,3,2,2,50,8693.319820726503,0.17081062691763949,0.15281722187592453,18.60644854364111,0.7543674680428962,0.6295381589474013,1
282,2,1,3,2,1,22,5,4,2,3,131,8734.062474258324,0.12698695232016485,0.20927393524704552,7.114052141992298,0.7486826005947553,1.038264206958891,1
834,8,0,0,1,2,11,1,9,4,3,149,5833.891022899648,0.07377015206986637,0.11070128898349285,23.044460552964043,0.8969878515259884,1.026731318896284,1
945,8,2,0,2,2,0,0,7,3,3,135,5093.819866326944,0.16314955663200378,0.12816631004734208,29.59521431655622,0.6889078599942944,0.8458166888374669,1
709,5,0,3,3,0,20,5,6,3,1,149,12936.33054822102,0.046045188531118594,0.21351534950342282,19.401739165322248,0.8631977578844563,0.8587022919149886,1
342,4,1,3,0,2,4,4,6,3,1,76,14223.909076680851,0.13485174233847233,0.06306744996511576,10.01066975546615,0.8109363634633854,0.6100632381722426,1
323,3,2,3,0,2,4,4,12,1,3,70,15423.023804375207,0.12028186025850648,0.21067811030487904,9.81534464202743,0.6710680132464765,1.0002925388149126,1
569,6,0,1,3,0,14,2,12,1,1,134,15475.539918045748,0.046343202441611345,0.2106904741425567,16.086555336482252,0.8643348455371244,0.47793314352195587,1
645,6,0,4,1,0,19,0,1,1,2,111,15936.209965776115,0.07995287571658177,0.21162549218040436,20.483004462337117,0.8487897344463562,1.0451150035889196,1
688,6,0,0,1,1,19,2,11,4,2,81,4995.917843638927,0.052342470540942404,0.05206523307913785,20.53038123839569,0.9330165333709639,0.43449574821079084,1
404,5,1,4,0,2,20,3,5,2,1,63,8761.568623825027,0.15718190920068253,0.14396193966864862,11.573137296402074,0.764485268008801,0.6645648173532913,1
640,7,0,1,1,2,21,3,10,4,2,42,4985.873015289523,0.15292335519263348,0.19087093281435225,18.689396932487856,0.8252925703968563,0.6352946114268285,1
451,3,2,3,0,1,3,6,12,1,3,44,12134.679724210739,0.05428767488772641,0.09646627303574165,14.624794986937827,0.7521607234344393,0.941822274123542,1
811,8,0,4,0,0,7,1,7,3,3,116,15668.698749579615,0.05747314954538464,0.14630107520332647,24.207600691412196,0.88830159886308,1.0034602128594947,1
912,9,2,1,0,0,17,2,8,3,2,69,4440.203778531487,0.18084515416916044,0.08616013551658835,28.33736573319224,0.699847619641413,1.633715547682439,1
780,7,1,2,0,2,9,1,6,3,2,130,10315.956250646515,0.07213559088047466,0.06333042061808136,23.31433516930624,0.8390402948256498,1.1642250047952325,1
181,2,0,4,3,1,17,3,1,1,1,133,10399.159971523317,0.08858577139482762,0.19340614747644716,3.4577012850640707,0.8531036365079263,0.6674161220865672,1
1092,9,0,4,3,1,10,5,1,1,1,89,5959.299000409052,0.1494848263029974,0.21661966778871034,33.23305494508704,0.8152529776587315,1.3806488118487525,1
201,2,0,1,3,2,10,6,5,2,3,72,14001.623245600615,0.049715715614261954,0.052554353923494945,7.378091982370503,0.9339784687080094,0.5470624360093732,1
1099,9,0,2,0,0,0,1,10,4,3,59,8736.673510949944,0.1916250418813252,0.061837760759458765,34.731970249423235,0.8659417388116472,1.2699705167846511,1
209,3,0,1,1,0,14,3,5,2,3,68,9045.574950804352,0.0436814411352208,0.1459492426965713,4.419307882049249,0.8946661922756936,0.9750494941646887,1
655,7,1,2,1,2,20,5,6,3,1,107,15543.499903273758,0.1758628018025228,0.055536029321579104,16.24669820062804,0.7958705259941542,1.2367831849131974,1
277,3,0,1,2,0,19,0,7,3,2,123,6968.604296828356,0.09774496904927271,0.1536097650965621,9.256373729856513,0.8668903696343743,0.4883490329986244,1
267,3,2,0,0,2,8,4,4,2,2,121,8625.61622578196,0.06400638757237342,0.16950743387591063,7.50712810207163,0.7149187803482722,0.7651686218766005,1
808,8,0,4,0,2,16,0,6,3,3,145,13241.804214426462,0.10039857265126655,0.11463329843863015,22.747148691995918,0.8832356580095465,1.0637776358846192,1
849,8,0,3,3,0,4,0,8,3,2,112,9759.790397873365,0.19565464791768583,0.17612377001724303,25.67114252130022,0.812699711929282,1.2674453532215977,1
288,3,0,2,1,1,15,0,11,4,1,95,11241.03984619497,0.12463644564450221,0.06045322380318051,8.239785645810791,0.8967096487485428,0.15739544610493234,0
1078,9,0,0,3,2,9,6,10,4,3,79,9733.757651304993,0.04948482984887466,0.09422255429761144,30.43699278631775,0.9153316771340813,1.250870469455969,1
474,3,2,0,0,1,22,4,10,4,1,76,7399.906270823669,0.1906466984913007,0.18537500156840198,13.574331596956206,0.6507902349731337,0.9143821088791922,1
472,3,0,2,3,0,17,5,7,3,3,80,5952.725881003802,0.06296984874120182,0.05590262869560112,14.300855321299807,0.9265073851534387,0.407887151315601,1
453,4,0,3,2,0,1,4,9,4,2,136,14201.609843640172,0.048750017664032905,0.09131539059409031,13.73096803833694,0.9169705662838445,0.6703950785793108,1
604,7,2,1,3,0,20,5,2,1,1,100,7302.552198452092,0.047268145303612105,0.15180930511060003,18.91374648581497,0.7304151473136045,0.9623155315024822,1
343,2,1,3,2,0,17,3,2,1,2,64,15968.408563530917,0.17221358363632336,0.08453055520814971,10.358426577547863,0.7844651375199871,0.8346588033210853,1
570,4,0,1,3,0,5,5,12,1,2,61,4120.771653571171,0.06448307350260356,0.12655769356344176,14.570340200248234,0.8940316548202796,0.2556750223047734,1
373,3,2,0,1,0,6,0,8,3,2,43,14583.3674052097,0.06863726315498858,0.19069447569248205,10.95423307844683,0.7033007175186382,1.0841346568615764,1
227,3,0,2,1,2,4,4,2,1,1,133,15368.419623646938,0.19105845608534053,0.0885399487160678,7.461634929279266,0.8541807178393662,0.5799344209382106,1
519,5,0,0,0,1,7,5,5,2,3,64,4704.459342443808,0.1378577832630846,0.11845315234467238,15.204366548566947,0.8646600789765093,0.5887771455850032,1
798,7,1,0,0,0,22,6,12,1,1,51,11530.880104716114,0.08566706579762307,0.043285425020493117,22.804682199687804,0.8419713791318477,0.9487729586949711,1
882,8,2,0,3,0,21,2,1,1,1,71,13392.149371698026,0.13383275916282023,0.16750650589081004,25.515111022560433,0.6843973307258663,1.266675637551716,1
505,4,0,1,1,0,13,1,6,3,2,93,11384.361120373087,0.07889480296149876,0.10391065751640996,14.537407031900292,0.897737542784941,0.6196179123568514,1
477,5,2,2,0,0,8,5,11,4,1,145,14561.426338639543,0.11908242846448278,0.19480964831641828,15.64989119699447,0.6787485654485945,1.0333365152989942,1
904,7,0,4,1,2,8,0,12,1,2,134,5589.763221270277,0.09353959265333002,0.055941079158865814,28.42214003669394,0.9127336976845118,0.8878833973071206,1
806,6,2,1,1,0,22,5,5,2,2,58,15385.083276240359,0.1396202459344133,0.18080146325638777,25.198667265405508,0.6758102308641395,0.7866255358576177,1
945,9,0,0,2,1,4,4,11,4,3,98,10606.100132579888,0.1614093873069812,0.1864830884207424,26.595532295061183,0.8234483859225243,1.2994983293326325,1
1013,9,1,0,0,1,18,4,9,4,3,130,8132.4762539297035,0.09576120298407495,0.17969239816798988,29.13071647207165,0.7760458794815708,0.8749714999945226,1
935,7,1,1,0,0,23,2,5,2,1,123,10302.214314802193,0.06302608442211279,0.17218830426572793,28.194218848615364,0.7941535250904717,1.4499926711870192,1
1041,9,0,1,2,0,20,0,10,4,1,91,8071.780773770059,0.09691849682678724,0.08280207385720406,32.55560543438567,0.899125743192204,0.840430759704372,1
563,4,1,1,0,0,17,4,10,4,2,66,9465.317097908697,0.16130478140777293,0.1150118481644394,15.255615463148384,0.7756575166925045,1.1160797496691026,1
543,6,2,4,1,0,21,2,4,2,1,126,5877.5376271688265,0.16593307530515108,0.10947142270432583,16.909400445262904,0.6960679758957353,1.4626175326308077,1
475,5,1,1,2,2,5,2,2,1,3,89,14135.768732898972,0.16568815316577973,0.08338685480737221,13.141768563359097,0.7879162464120817,1.1059114024070709,1
396,3,1,3,2,2,23,1,10,4,3,66,8675.431481885826,0.1959315860428258,0.12850428030313593,11.952839277855304,0.7540038601443173,0.9062706525063138,1
868,8,2,3,0,1,2,2,1,1,2,118,9604.13897461232,0.17196525046174288,0.16555594647458394,25.2699661179127,0.6681154613786529,1.1483947578928686,1
837,6,2,0,2,2,0,5,10,4,3,137,14914.911011953005,0.19497168489443695,0.12617081968001817,24.645822429601843,0.6754858729414951,1.2376339669917793,1
917,8,0,1,0,2,4,6,5,2,2,137,14884.024317080915,0.14028678146389267,0.21540359019196795,25.877415053862183,0.8199393327548627,0.921612419062494,1
333,2,2,2,0,2,14,2,9,4,2,143,13456.98560054163,0.07669573896951702,0.16757651953159156,7.602505877491896,0.7100774836745011,0.9423849199093757,1
631,5,2,2,0,0,5,0,8,3,3,110,4360.186495698944,0.13731140707915296,0.1196858384854548,22.323201152162678,0.7043512394959265,0.8140923922150309,1
384,4,2,0,2,2,15,0,1,1,2,124,14876.520069120128,0.07165344890623436,0.11271235703944549,11.788472467195792,0.737035387324444,0.8635934674741401,1
1001,10,2,3,2,1,2,1,1,1,3,66,6264.829847536141,0.05365220054685633,0.1450491924051608,32.90375847915473,0.7305843731715922,0.7535563530018711,1
426,5,2,1,2,1,16,0,8,3,1,75,9259.503172450815,0.0882119211451107,0.1177175206236592,15.021385816477364,0.7273317512040535,0.9221177003733328,1
312,2,2,1,0,2,5,4,7,3,2,56,14835.890368902512,0.09804408894178746,0.07994889397438709,7.047798685216615,0.7399031576877214,0.9100633323195266,1
704,7,0,3,1,1,12,4,1,1,3,48,5140.525770035234,0.1534220698618399,0.1337882744903355,21.76045723886536,0.8507553450415211,0.6768479743571861,1
988,8,2,4,0,0,2,5,12,1,3,132,5597.2364934161715,0.09809227380173544,0.16108862891268227,27.646627612743842,0.7033685937785119,1.3870626248099813,1
1022,10,0,4,1,0,23,2,3,2,1,90,10912.692133396722,0.04050374419135979,0.1045200901716653,30.53929870351857,0.9147392745366387,1.0622032992003738,1
268,2,1,4,0,0,9,5,11,4,1,100,9612.582449160367,0.18671060810702234,0.0909982698094061,5.590753794089654,0.7750310049376072,0.9916457307982895,1
479,4,2,2,2,0,14,1,2,1,2,49,8676.120725354707,0.13430467054375425,0.07913066831017274,12.316191691158467,0.7239540975157328,1.2594463382209005,1
321,2,0,0,3,1,11,1,3,2,1,60,13715.964396062242,0.07372129206427519,0.10530792338167705,8.221620332513522,0.8994368530493215,0.4396728238549435,1
463,5,2,1,3,2,14,6,7,3,3,48,14736.156327639015,0.0803660200844859,0.08398616010268964,13.529314715788667,0.746041518915771,1.0217187713012004,1
671,5,1,1,0,1,10,6,7,3,2,93,15897.141535639614,0.059862437855593933,0.17735777015243737,19.704487252752006,0.793250906396386,0.9961258046869172,1
438,5,0,1,0,1,1,4,8,3,3,103,5475.535087381741,0.18504747971534843,0.1549685630854801,12.282889475971968,0.8269927807396271,1.0930886031504206,1
242,2,0,1,0,0,19,4,3,2,1,53,12114.951379866368,0.07683337408725932,0.09164780164205813,7.347591102667977,0.9041834709218072,0.44645957637163136,1
649,6,1,0,3,1,15,4,4,2,1,117,14456.113594201397,0.19050354168518266,0.21852962983386312,20.841865381587272,0.7159350728164294,1.0555766974937661,1
228,2,1,0,3,2,6,5,4,2,1,51,6886.212559057496,0.08228981731880307,0.15622098423076278,7.128667960783165,0.7926701393026954,0.884964833431447,1
388,5,1,3,0,0,2,1,6,3,1,132,9760.428202870691,0.16788019143218966,0.0656451277551235,12.129739073017301,0.7949136063657091,0.8284898293934871,1
180,2,0,2,3,1,21,0,12,1,1,141,4086.0158194436203,0.04167234438665988,0.1892807130402871,5.946796429100702,0.8760711241578738,0.19704782196281448,0
259,4,0,0,2,2,7,1,6,3,3,110,5615.351519598467,0.1173237752347541,0.17566637706942026,6.693811127803178,0.8481544314631215,0.6183116066281971,1
581,6,0,2,0,1,21,2,12,1,3,99,5506.771303593361,0.09907432528078809,0.13000515620182174,18.831882162794287,0.8769142333328256,0.7541239208369808,1
962,9,0,4,1,1,18,1,4,2,2,120,12490.75303239564,0.09353372142942079,0.08202343438568391,27.47863123951213,0.9009992798832028,0.9679575070802342,1
892,7,2,2,1,0,23,3,3,2,2,67,11466.990684754795,0.19874500699044453,0.1859577256378461,28.135919775228345,0.6468837703172692,1.5122099998731604,1
270,2,0,1,3,2,15,0,2,1,1,141,4464.36690172444,0.15533867381929692,0.0624132791264788,8.83016700697615,0.8820116211744009,0.01,0
212,2,2,1,0,1,4,4,3,2,3,136,11148.334592620193,0.0809244670560013,0.11524634712244286,7.046821818750492,0.7317231336197001,0.6689016462804422,1
491,6,0,1,0,0,0,4,4,2,3,116,4817.713513309768,0.16039068077452323,0.18711806701863862,16.041170260846233,0.8236210634930772,0.4420149318815648,1
780,8,1,1,2,1,5,0,5,2,1,149,6426.399940683088,0.060731003558807936,0.18425934348130202,23.724045645861892,0.7897543438319505,0.8578265071893202,1
866,8,2,4,1,2,10,2,9,4,3,73,14816.352442316136,0.18814855266247488,0.15338060264115227,25.04581128888089,0.6663118801133677,1.4900587274309345,1
937,9,1,4,1,2,14,3,6,3,2,137,9367.162786872706,0.10822179594705497,0.041393605450069336,27.12776229359895,0.832673069371294,1.0281741163292928,1
494,4,0,1,3,0,21,0,9,4,2,43,13376.15548806298,0.0705060659133078,0.09996201576531913,16.701670318320666,0.9032893632446178,0.9160676559247605,1
334,4,1,4,3,1,3,4,2,1,1,122,7771.740024733845,0.08365127746408937,0.19357562547979745,10.51343843374631,0.7752478936752509,0.9810709877790498,1
204,2,0,4,2,2,15,5,12,1,2,71,5329.29252413426,0.06482381438415105,0.1698458515321467,4.830506287981482,0.874398650337666,0.34493633082075675,1
315,2,2,0,3,2,2,2,2,1,1,145,14658.300020163042,0.1888892791433443,0.1859071557584432,9.709527294599622,0.6513416042941955,0.5229509856887657,1
239,2,2,2,3,1,11,0,1,1,1,102,5965.924868991748,0.08894297800502235,0.051336625201314226,7.500933774630309,0.7568741785571484,0.6769433954335979,1
971,9,1,3,2,0,1,3,6,3,3,61,8195.698501502131,0.0628561419477497,0.20933850022014142,28.75742432180709,0.777512411024449,1.142253019018528,1
426,4,1,2,3,2,8,6,8,3,2,74,12414.813952158536,0.17006412397797252,0.0812289800713347,11.732898905410348,0.7869181031778117,0.6956747099874883,1
937,7,1,2,0,1,14,2,3,2,1,136,11101.644018405863,0.07412145946830448,0.09981274168922263,28.34056591652317,0.8217296094791128,1.725891152901271,1
688,6,2,2,0,1,17,5,2,1,1,128,15135.880614590336,0.05506405600655047,0.19130494426282738,21.640519807893547,0.7091339498787799,0.7969990702726684,1
675,5,1,3,3,2,19,6,11,4,3,79,15852.046490504208,0.14694318586390037,0.11311944937633889,20.150033911249118,0.7829718141418923,1.0556142903263444,1
598,6,2,1,0,1,12,1,10,4,3,68,5759.570994447353,0.041184909594289255,0.1557538060136573,18.222694335403162,0.731377577976424,1.067498292631677,1
933,8,1,2,2,1,6,4,10,4,3,43,6719.041833614422,0.17318729498803476,0.13942544321079225,26.813763254421325,0.7593242678105279,1.1393756734567508,1
219,2,0,1,1,0,21,0,3,2,1,53,11669.956410674047,0.13003353040183355,0.19589373461669737,7.13896571270492,0.833332730741661,0.01,0
265,3,2,4,3,2,22,3,7,3,3,43,5760.780000441838,0.07949094745275917,0.06810223642016625,7.412053157135301,0.7535830672571835,0.9783170342290166,1
569,6,1,0,2,1,23,6,9,4,1,76,10506.630219097326,0.11577500115589506,0.0576024112965813,15.846716402581979,0.8219801643963857,0.8577639339100168,1
542,5,2,0,0,2,19,6,6,3,2,60,8473.949678281986,0.08198639201714464,0.1538236747206583,17.613874129147202,0.7138854699679886,1.2452730427755678,1
681,7,1,0,1,0,18,1,3,2,2,42,14657.559682791005,0.12525713943589112,0.1920355071507988,19.485172427875366,0.7572183090359895,1.0607233999480017,1
858,8,1,1,2,2,1,4,10,4,3,125,15017.137691638445,0.13146305939266426,0.2061582920839308,23.502624029359154,0.7480703918355323,1.4871354463545177,1
720,8,1,3,3,1,13,0,12,1,3,136,7105.961137677346,0.16346914558887538,0.11198661553141379,23.718186851517682,0.77604490749587,0.610992751358644,1
416,3,1,4,3,0,9,1,2,1,1,138,5148.01732487281,0.11457398721209877,0.17227418821353174,10.054041051603617,0.7709183210584662,0.7824567009134706,1
481,4,2,2,3,0,6,5,9,4,1,132,15892.957599532205,0.16586204991062253,0.11034157004829037,13.790207340146608,0.6957083710184891,1.6604850608704904,1
872,8,1,0,3,0,1,4,11,4,3,54,5798.745225899536,0.05107898694036077,0.09739756067977423,24.8326309376987,0.8331855535709393,1.220472674138258,1
365,5,2,1,3,0,5,2,7,3,1,58,6081.21769820388,0.1874148690894351,0.04435820531369034,10.736703105429873,0.7157021165185935,0.5816145356309017,1
643,7,1,0,2,1,21,6,1,1,1,132,7026.079348454485,0.06968139567883064,0.08501989641166349,22.389937296842668,0.8303844185592777,0.8871277156378554,1
675,7,0,2,1,2,21,5,9,4,1,41,8090.248997455746,0.17385237433702835,0.07063100785029056,20.44128069655202,0.8699824780157065,0.571655868908507,1
870,9,2,3,2,2,17,0,12,1,2,123,5773.34981140628,0.11914108539598042,0.08835027132103358,26.926622908516975,0.7266288894773436,1.3320649639072435,1
837,7,1,0,3,2,2,0,4,2,3,53,7866.77249681174,0.05675478499112245,0.09197088286991995,25.77490135851736,0.8330734494625309,1.4896049662073791,1
607,5,2,3,1,1,16,4,2,1,3,45,4264.288388301573,0.09756838521422315,0.19460370476889766,17.197495811742495,0.6885225595075956,1.4508359216747821,1
464,5,1,1,3,1,3,6,4,2,2,125,13611.804373495643,0.18693289832150406,0.07660769969741574,15.50069456751945,0.781406730891486,0.4490467475544538,1
518,5,1,3,2,0,16,1,10,4,1,120,7162.624966479326,0.17355423286396246,0.18747377402544332,16.082790008766672,0.7375373968997674,0.760766031639334,1
558,4,2,4,0,0,0,3,7,3,3,49,13813.411315055777,0.1555705249364839,0.19468162904888492,17.18877462693634,0.6623865307065839,1.1939912484118558,1
381,3,1,3,3,1,6,5,1,1,3,44,11763.061154243045,0.10077534095788257,0.12347972503308904,10.3565978389919,0.7990852203040628,0.7216520745968579,1
755,8,2,3,3,2,2,6,8,3,2,137,9766.55316115134,0.1342065301609688,0.1704128019603625,23.60120945091062,0.6829213005454009,1.4942605672641152,1
371,3,1,3,2,0,22,4,10,4,2,68,15667.514094567836,0.0771395153499116,0.09734937273035943,10.952430486898049,0.821480000363878,0.5197389894798066,1
776,6,0,0,0,0,13,6,3,2,2,146,8640.042508933675,0.14365496212756573,0.043198767715701976,24.176756248988045,0.8959158215705295,0.5632838534751776,1
871,9,0,0,0,0,22,6,8,3,3,98,6140.658303945232,0.08175045209491744,0.16773727411544648,25.87264978731726,0.8677305232053363,0.6291012442372993,1
1064,8,2,1,3,0,0,5,3,2,2,147,10929.271556473534,0.17264109112429776,0.14915430581734967,33.63865854654788,0.6751920713762586,1.3148078220235464,1
289,2,1,3,0,0,17,4,1,1,1,140,5681.7967455838625,0.15271971596764894,0.12304545440526732,8.81173089243871,0.7759056733321877,0.8827984631647436,1
878,9,1,3,1,0,11,6,5,2,3,107,7321.79201905087,0.10177433880164875,0.2017642052016372,26.555001720206615,0.7634076551985214,1.2753997269639843,1
259,3,2,3,2,0,11,0,10,4,2,51,14892.8696780844,0.14551710908307566,0.1709064110810297,7.7251588244161775,0.6776094159261525,0.7922558445595703,1
490,6,1,1,0,1,20,0,9,4,2,138,14705.903174480294,0.09202178458986796,0.11660461864026339,15.286522742781086,0.8061181185464409,1.1209782026924113,1
342,3,1,4,3,2,1,3,2,1,1,78,9588.702565505773,0.06490447189748577,0.04960819140975174,9.445607483235671,0.8484693015117432,1.0500961082927027,1
329,2,2,2,2,0,22,4,3,2,3,67,9739.24908453869,0.07762943176847609,0.19769543230691505,10.257953313960293,0.6961038111660739,0.9044614033696896,1
341,2,0,1,0,0,0,6,7,3,1,103,10801.404199327197,0.08347008544259654,0.217235705225477,9.759386110454807,0.8446823941993669,0.3809069056380168,1
220,3,0,3,1,2,8,4,4,2,1,79,5010.168203364729,0.07625865848711924,0.15421378703653418,9.321807143550028,0.876287399514356,0.978918272564737,1
937,7,2,0,1,0,3,1,4,2,3,121,7037.872637616905,0.1485369600152425,0.178276109060732,26.937908110572923,0.6729341189158115,1.6837267160581015,1
236,2,0,2,0,2,12,6,6,3,1,69,10959.823786731537,0.1583458173943974,0.13108447112143626,6.865750801905098,0.8497563701678749,0.13219045476310276,0
546,5,2,3,3,1,14,0,10,4,3,140,7853.99408031068,0.11314227258813842,0.08259571024748012,15.847248123100453,0.7319179077239716,1.424198005458202,1
823,7,0,3,1,2,15,0,7,3,1,50,6560.689229336205,0.1980470216395543,0.20417214837578612,26.70074562192346,0.7990013734930967,1.4663696392910799,1
1091,11,0,1,2,0,19,5,11,4,3,91,11768.329857268698,0.18256329684456665,0.16390311304681401,31.375650205880707,0.8240901155488787,1.2479489590541784,1
965,9,2,0,2,0,18,6,2,1,3,145,10797.229515357507,0.05392802960200866,0.13874135083811928,29.107105847102243,0.7332987788019424,1.1575077592187908,1
306,3,1,0,0,1,22,3,6,3,3,132,7924.873816222831,0.11367210500930264,0.16277518350325562,9.628211476125259,0.7755987201693488,0.5785378747289482,1
1088,10,2,0,2,0,10,0,7,3,3,130,15248.695294449579,0.18535627336482435,0.13213505124441383,31.27795163852048,0.6771289039258428,1.8626944473380502,1
781,7,1,4,1,0,4,0,10,4,3,107,13332.276167782891,0.07524227334155915,0.050509208945410854,26.524455874499278,0.8434118329708635,1.2393074475462307,1
345,4,0,3,0,2,3,6,7,3,2,102,11153.699799768225,0.10054336408517914,0.15887940592160468,9.562269079168571,0.8632597534969473,0.7792850723239458,1
592,4,2,2,1,0,6,1,11,4,2,62,6513.5865041781835,0.19151159298151446,0.04093903932609142,17.219175518649887,0.7153972154615773,1.6417566336063922,1
1024,8,0,2,2,1,14,4,11,4,1,72,11777.15949228857,0.1641699799502446,0.07966224242228255,32.16820224333938,0.8702754999323628,0.7298269589414667,1
541,5,0,1,0,2,1,2,9,4,2,103,12252.862187018934,0.17317200013675393,0.06807626811278936,15.786763277973995,0.8714382792877055,0.6479708336186297,1
348,3,2,0,3,0,22,1,5,2,2,73,10975.198077793273,0.18071740438372688,0.1012220059743349,10.530248514456098,0.6931272653388721,0.9148449359486136,1
985,8,0,0,2,0,23,4,4,2,3,74,11655.523476712384,0.06738810758606337,0.20349681512834522,28.707324001727372,0.8581017847785162,0.8073615341209104,1
1056,10,1,3,1,1,3,5,7,3,3,114,5946.742112829367,0.15188384277056463,0.0543462921666189,31.72553677793523,0.8071964392782675,0.8336469683605541,1
1077,9,1,0,2,0,18,3,6,3,2,117,8019.918409204967,0.1684482064185329,0.10433312579431411,33.239854418581054,0.7772484005042188,1.4041819463585623,1
1059,8,2,0,1,2,14,3,1,1,1,94,14688.938990489984,0.07623671973790959,0.17672115117906978,30.562533242546497,0.7061689580873592,1.2153353930044586,1
983,10,0,3,2,0,11,3,3,2,1,71,5645.34396228739,0.046937577194563006,0.19535649140163214,26.683073009538738,0.8709676691317122,0.8299115476917409,1
598,6,0,2,0,0,17,4,11,4,2,59,11076.293478722593,0.06853693028479729,0.1725032446656391,18.09729812522938,0.8715319212723036,0.5966799243593685,1
356,3,1,2,2,0,13,5,6,3,2,68,14771.86395288141,0.15862445939332256,0.21373809362633164,10.643922217528115,0.7324368511411556,0.7276784016935701,1
747,6,1,1,0,0,7,4,12,1,3,76,4169.869482234385,0.15108650196912515,0.16526513660979072,22.292419900904612,0.7576417626394878,0.9489800698292259,1
383,3,2,0,0,0,13,1,3,2,1,143,15605.458347278765,0.18267618365866803,0.17406415737705902,11.058981589520524,0.6594668465339227,1.1690628796447327,1
615,6,1,2,1,1,3,1,12,1,2,75,14600.104015341612,0.090712483412691,0.11597219237231529,17.54916504324982,0.8069918958967472,1.2257677968741096,1
783,6,0,1,0,1,6,4,10,4,3,139,12580.785910543136,0.1394790497975871,0.09436959014298701,22.711090275236252,0.8747681120267417,0.7013829235489846,1
1050,9,2,2,1,1,23,4,5,2,2,99,12509.615926261815,0.044286944850898,0.12313755889275485,33.349809321216995,0.7446589733153561,1.2681917589792897,1
445,3,1,0,0,0,4,2,8,3,1,89,14412.67818946377,0.18961348883730195,0.17822505702567687,12.860073011251801,0.7344726543616595,0.7108732191467051,1
411,3,2,1,0,0,14,5,12,1,1,69,6051.909853316747,0.1287188169914015,0.15704735034565262,12.799279685186526,0.6914052246983255,0.7148622786120696,1
855,8,2,0,0,0,7,2,8,3,2,124,12399.21341616836,0.15974165563173462,0.1789418163910922,24.45952436051561,0.6675924375897279,1.2747559156791801,1
185,3,0,2,3,0,11,2,12,1,2,132,8121.319499988842,0.08541055245379152,0.15296558541283484,5.718715753288616,0.8727307379600181,0.17058504518964768,0
701,7,1,1,2,2,5,3,2,1,3,148,14507.665723988826,0.05311269969892186,0.17195824259260412,20.046633297683837,0.7987180759688133,1.5454843636344213,1
866,7,1,1,0,0,13,1,2,1,3,130,10399.972707420477,0.050051529399636085,0.06802043317995506,27.14188106853134,0.846867616839184,0.9764587323860145,1
686,5,1,2,0,0,13,4,1,1,3,49,13189.800329414478,0.17034566285325142,0.09825853598921831,18.185696239894753,0.7791281105208887,0.7985234952665924,1
533,5,0,2,3,1,14,6,4,2,1,136,6004.309582008601,0.06431135222510857,0.1410145180662667,16.473197777468716,0.8876033583688812,0.821933662710967,1
942,8,1,1,2,0,7,6,10,4,2,106,6904.476365550905,0.17184029622980893,0.042978534433304835,28.398368659217017,0.8033315262015989,0.7590588047972314,1
521,6,1,3,3,1,13,3,12,1,1,96,14058.017716411985,0.08244250629399708,0.20421350085741946,16.441652070846434,0.7710047967818625,0.8009216491986588,1
833,8,0,1,0,1,17,1,7,3,3,67,8742.81369323068,0.12660352779948508,0.0831081690276886,22.307194034790587,0.8856297364277719,0.9404112007311444,1
607,6,0,1,1,2,17,3,6,3,1,95,10333.896010980683,0.08190665485399731,0.05593039561213306,15.946158843294022,0.9179733272902413,0.7024559843664869,1
204,2,0,2,0,0,13,0,12,1,2,128,12706.433344022453,0.04801341017853407,0.1595650383252292,6.308888400859788,0.8865896981733065,0.6294641769323877,1
668,5,2,0,1,0,7,4,8,3,1,104,6036.239966385838,0.12676462515714376,0.07487302847713995,18.471205478590324,0.7292630558645723,0.34222198178353425,1
225,2,2,2,0,2,12,3,7,3,1,51,7630.286790051818,0.09873926570164726,0.14114824837641937,5.949625903054636,0.71205061866487,1.1207368789962617,1
1036,9,1,2,0,1,12,0,2,1,2,123,7907.784093546382,0.10961759725101061,0.08481580121322119,30.35370991731017,0.8125049706910957,1.071728066107146,1
733,6,1,0,2,0,22,3,3,2,2,126,15000.14397891967,0.1362494246360947,0.0698694732037835,20.4259120043683,0.8072464959720548,0.5742894128978928,1
522,4,0,2,3,1,9,5,9,4,3,113,5651.064602951234,0.09018571317880278,0.1722992951078578,13.866470600688045,0.8618817462710028,0.21397743008216064,0
627,7,0,0,2,1,7,1,9,4,2,62,8455.819194901316,0.13020886923636624,0.10990710328371858,19.29993351535031,0.8719478123659619,0.5501513416070679,1
749,8,2,3,3,2,17,2,6,3,1,72,15511.800717373555,0.14524370982881726,0.14339887843759264,20.623227485935686,0.6901108352801155,1.8011347534910838,1
419,4,0,0,3,2,15,6,9,4,1,90,14018.440060030769,0.054327189429978606,0.07890240417619276,12.019353948540473,0.9200466828772229,0.7226697906281954,1
445,5,0,0,3,1,10,4,9,4,1,135,12045.57377012488,0.09601545071245635,0.13943461961325027,12.909628924756671,0.874047468353432,0.9521346529033909,1
565,6,2,1,0,0,0,5,1,1,2,129,10587.183800527833,0.054391567707699075,0.11582147827860101,17.239997183309065,0.743404129306165,1.0004890597968554,1
417,5,1,3,1,2,16,3,11,4,1,50,14064.767245214447,0.04110937402359421,0.04922040010983561,15.83829926866311,0.8593516016399566,0.8504394798955478,1
877,9,0,3,2,0,17,3,9,4,1,47,15356.756950033387,0.04819682443281085,0.17080452693364784,25.50060941425435,0.8814493918850936,0.5352173215699034,1
275,2,1,2,3,2,22,3,3,2,1,45,15088.857929035157,0.13475436627211088,0.13942558055083484,8.524485501294716,0.7766190239296744,0.34464243612956635,1
940,9,2,0,3,1,12,3,3,2,3,142,11669.490889406361,0.05348884329061994,0.20692117372031113,28.601794682427727,0.702815492345081,1.3068811276146137,1
500,6,1,1,2,1,12,1,12,1,3,135,12734.532593303678,0.17896025464236598,0.18543099388534506,16.229770218933837,0.7360239381625301,0.5918617444857389,1
696,7,1,3,1,2,5,0,4,2,2,63,13303.67508840266,0.16151105286151313,0.14280145816318449,20.85983958181258,0.7630593700388861,0.9246485411341574,1
325,3,1,0,1,1,11,5,1,1,2,140,13712.168423302388,0.04141092334650194,0.04775072826107182,11.482378587906245,0.8598772567765918,0.5720415624737418,1
534,6,1,3,0,1,0,3,1,1,1,95,12796.857522313614,0.1317192314005582,0.1753453489718542,17.27498878879354,0.7618209388324144,1.315051189525378,1
874,9,2,1,1,0,12,3,3,2,2,74,6159.3889737599,0.04164030600754083,0.13882795608682028,27.441446765602326,0.7387892820575375,1.2680146093697122,1
429,5,0,0,0,1,16,4,8,3,2,120,13114.963593820845,0.0574711701725448,0.19030567391119238,11.592374978092405,0.8685004201623182,0.20358657405258407,0
301,4,0,3,3,0,18,2,6,3,1,47,8684.529453924608,0.19811988424495583,0.14399410344178568,9.636660388948862,0.8260487055409663,0.13663600456666042,0
660,7,0,0,0,0,15,6,9,4,3,53,6397.5815653935715,0.11312371108740021,0.04036494630651206,19.55659453170137,0.9109301041727395,0.642070379886262,1
329,3,1,1,1,0,19,3,3,2,3,68,5230.3881257949815,0.04435379227193104,0.18668418004104198,8.823931610319143,0.7960329124591622,0.4908974853899555,1
469,5,1,0,3,1,15,3,3,2,3,106,6883.766978110656,0.17605032297471931,0.18386929336494465,13.590347874217064,0.7380361726471513,0.8781725802228123,1
594,5,1,2,3,2,18,3,5,2,1,132,10092.998377172366,0.18677517285985074,0.05789247848241354,17.564476131396972,0.7898995568959811,0.9057573898887589,1
698,7,2,0,1,0,10,1,10,4,3,96,6962.546391344089,0.12774135036906029,0.16308822381246083,21.716538400964502,0.6891266916183154,1.1341595302139684,1
768,8,1,0,1,0,14,1,7,3,1,88,11990.920571993347,0.15295073635681936,0.13469811733068568,24.588450497720192,0.7705580158406228,1.29207477509835,1
802,8,0,2,2,1,15,1,10,4,3,104,15572.716652033887,0.1648193818988142,0.14618507691386157,25.426896928055942,0.8400479935342959,1.1845558766257553,1
956,8,1,4,3,0,13,1,2,1,1,41,4528.560253696656,0.157547482812098,0.2000835870113649,28.709128238519376,0.7390660185794418,1.371335541145818,1
240,3,1,0,3,0,13,1,5,2,2,112,5567.843029102269,0.1191235394309654,0.0849223355094737,7.582537712534584,0.8081793562768025,0.32772066385663523,1
513,4,1,2,2,1,18,1,6,3,3,128,6967.375539361645,0.17322951028363337,0.04236878082874527,14.710615454160145,0.8029807689994296,0.6947290201164547,1
180,2,1,4,1,1,5,6,1,1,2,86,13652.340562362524,0.12437256333015459,0.07754118098686952,5.2397290598556605,0.8091388150573392,0.883778560627159,1
188,2,2,1,1,0,7,2,4,2,1,111,7255.245206299541,0.0815205227498178,0.20472268634317314,4.811016521947149,0.691190555908154,1.1325503921295352,1
375,4,0,2,2,0,12,5,4,2,2,72,6298.336090450245,0.040650738375773286,0.07805616788407313,10.954269890349964,0.9265818921830691,0.1332482672225943,0
730,8,0,4,3,0,15,2,6,3,1,143,5834.395498653292,0.09737438791663608,0.16141190764781196,22.835118306552545,0.8635461669959984,1.2789718520233984,1
1002,10,1,3,0,2,12,5,2,1,3,60,5799.013861943248,0.05321370743037894,0.18214342326785427,32.2168448458209,0.7940892911857951,1.1317324479171522,1
891,7,0,1,3,1,4,5,4,2,2,55,12637.825547592478,0.050124226981636544,0.18637784922140693,26.067696278391953,0.8735740657086304,1.0140984261202877,1
774,7,0,3,1,2,19,5,12,1,1,143,12497.467384557624,0.11507587704060274,0.04187867139478778,22.19920247606153,0.9093704532040743,1.566255588830499,1
895,9,1,3,0,0,13,2,2,1,1,95,7733.579285469539,0.190987906695374,0.041692434016547715,28.31573653695209,0.7952938466796352,0.7689997848034629,1
338,4,1,2,0,2,10,0,10,4,2,84,9393.306355822495,0.056882308488675176,0.2180218191706339,8.091838289099208,0.7762931425533109,0.9548798654771122,1
952,9,1,2,1,0,21,2,7,3,1,129,11538.29376457363,0.08379999999948573,0.13493682404695218,29.904410947955377,0.801568429179103,1.0654818232721035,1
999,10,0,4,0,2,10,4,1,1,1,71,15700.706948808618,0.1728125056106488,0.05146660364712624,28.57006797575405,0.8790744008340012,1.2504690370985012,1
267,4,2,4,0,2,3,4,5,2,2,72,12917.759864673144,0.1042927434160445,0.04482559847691578,9.414907331116275,0.7528967461481678,0.8660913384919099,1
612,7,1,4,1,1,23,4,7,3,3,45,13636.349064665252,0.1614085969979525,0.18593882113330257,18.333956104094263,0.7436936618409352,0.506724239242723,1
943,8,0,3,3,2,9,6,4,2,1,97,15732.753024529942,0.12677349292042053,0.2028919218738553,28.400880795039818,0.8316505633425759,0.8879820852556722,1
618,5,0,1,2,2,21,1,4,2,2,122,8573.16549115626,0.13662901005561426,0.13440864971069735,20.76293732678784,0.8580330531051598,0.8102825938186401,1
953,8,0,0,0,2,12,3,9,4,2,148,4829.197185861735,0.06578293819892797,0.10690853236095449,27.273615422642916,0.9022888382480528,1.2041005432315506,1
1040,10,1,0,2,0,5,3,1,1,3,98,12962.792778834546,0.09636515294353944,0.16642418624379035,30.167760013206465,0.7817447973657017,1.2617856889647217,1
616,5,1,4,1,0,9,1,12,1,3,48,5453.155919692035,0.1394808704376783,0.044029902436096606,18.304380461843948,0.8174201522068013,1.2982957872782268,1
234,3,1,1,2,2,21,4,4,2,3,61,9263.144817979548,0.044282911451002445,0.20180483844555724,9.188288286119866,0.7892605125465482,0.5706570448011911,1
492,5,1,0,0,2,22,0,5,2,2,70,12860.484699963572,0.07013224235862148,0.08609629017502483,15.16236647525481,0.8296971603598592,0.6336774228813017,1
377,5,2,1,0,1,3,6,2,1,1,138,10700.252884474794,0.1018391373964318,0.07436357615080694,11.974591488761334,0.7407087789037425,1.0428546066292663,1
616,5,2,0,1,0,23,0,11,4,3,103,8405.744574487873,0.14793513420461715,0.09594262445694683,18.413422244642685,0.7102550086022962,0.9325751827018263,1
718,7,1,2,3,1,20,0,3,2,3,142,10172.232160924015,0.12153420576677776,0.05147097443080711,20.489130468601417,0.8221476689110868,1.2707929460964245,1
606,6,2,2,2,1,15,1,10,4,2,132,6942.706678784138,0.15499714123855907,0.11012087338606594,18.56244155249521,0.7006968934189187,0.8331282593580223,1
359,3,2,1,0,1,4,6,4,2,2,136,4889.663983498532,0.15629792725940203,0.16865461229041334,10.175971621641137,0.673771357202583,1.1938280295283645,1
457,4,2,3,3,1,14,6,1,1,3,70,8949.847500733375,0.0449687581430781,0.12967714503012165,15.21326987822685,0.7414093435720601,1.3445216861166702,1
805,7,0,2,3,2,10,6,5,2,2,101,4699.775090894808,0.1842739861222716,0.16023622593801518,24.94179587732909,0.824970404572871,1.0438872345670867,1
204,3,1,4,2,1,2,5,7,3,1,46,15755.881271332346,0.17187442434285527,0.07847895215761108,4.979938932993546,0.7873409805747902,0.9911204198642425,1
376,3,1,3,2,2,23,6,6,3,1,81,9371.633462497535,0.08337093109448351,0.11162028028983118,10.754976905015512,0.8122539548770584,0.6456059147588096,1
1000,10,0,0,0,0,14,3,12,1,2,74,14588.418023774424,0.1175239872317844,0.1335066488489079,30.949372600092236,0.8670362137636884,0.7073100005347743,1
271,4,0,1,2,2,2,0,7,3,2,57,15421.453163878079,0.0893039922462702,0.14306052490861737,7.553745681964019,0.8754359672803006,0.6006504896256994,1
561,4,1,3,3,2,8,3,10,4,1,46,9392.445281802557,0.18506274546239598,0.07355136711319606,15.068030633043746,0.7836236493409836,0.7796123211272169,1
370,3,1,2,1,1,20,1,5,2,2,81,9044.298089052061,0.10125103864633847,0.18538044432644543,10.382465749428523,0.7710158326622473,0.8552885408166497,1
276,3,2,3,0,1,10,1,2,1,1,47,14721.101730706625,0.10336850124575711,0.05623891976160077,8.87648716278071,0.7481766605466889,0.996618594699503,1
568,6,2,1,3,1,11,4,6,3,3,107,4416.18334295784,0.1859059259968541,0.05769170514926207,18.591951253920993,0.7103810659842477,1.0974885986395715,1
659,7,0,0,2,1,3,1,7,3,2,70,9846.441794489674,0.1361110231446355,0.08494613030717307,20.420594490446568,0.8805242809466861,0.7627543991216956,1
342,4,2,3,2,2,2,2,6,3,3,64,7223.3754584017715,0.062059138598550466,0.1577693134674947,13.554803577724682,0.7210771965702796,1.2160252468061257,1
251,4,1,3,2,0,23,2,10,4,1,52,13033.101184978977,0.1401626945751451,0.053875689306841376,7.393150604358171,0.8126827272531061,0.6755073648962836,1
303,3,1,3,0,1,22,0,12,1,2,91,14040.673060071538,0.1671116390145965,0.04139060748083759,10.062106104161877,0.8061739890770547,0.62361178726205,1
779,7,2,2,0,2,2,4,1,1,1,58,11440.02243201968,0.09405458671101832,0.1249926836058548,21.969083311723296,0.721428728357407,1.5111843597315457,1
971,8,1,0,3,1,13,5,1,1,1,103,8883.21275763856,0.12432088772992339,0.10239827145239672,30.685803760022004,0.797976378367956,1.1557138489815053,1
345,3,0,3,3,1,16,3,4,2,1,148,10659.999751739855,0.14029464866186828,0.06821433655821613,11.910240873022078,0.886170956650962,0.6546925094083605,1
474,3,0,3,0,1,21,0,8,3,1,120,10889.712430107671,0.121666674409593,0.15806629673059652,14.527493521608331,0.8541201629869147,0.7889390558954386,1
496,4,1,3,2,1,13,5,1,1,3,52,11621.610747538893,0.19985992151509252,0.1554576546338082,12.569031355488464,0.7401070907329947,0.9857824943323219,1
511,6,0,0,2,1,20,3,3,2,1,50,15066.316301599594,0.12108685553164486,0.0619407152465167,16.690057914122573,0.8976375931498273,0.4860398627649196,1
404,5,0,3,1,2,2,1,5,2,2,136,6989.478999482239,0.14293967875776134,0.0813642408589357,11.648619666654344,0.8790632361724863,0.5240089682173507,1
230,2,2,3,2,2,0,6,5,2,3,135,6418.859469098263,0.16697430984988756,0.10569627734446538,7.39697807354558,0.6972982357625411,0.9560354470487936,1
663,5,0,4,3,2,11,6,11,4,2,79,6282.705803619885,0.061853309514680405,0.21820718267719091,17.70179201349336,0.8539727785136579,0.9898379346366597,1
508,4,0,2,3,1,6,3,7,3,2,90,12367.028606093721,0.04702565119684643,0.17834630151791303,15.29239978273309,0.8785826212783582,0.74823500798768,1
494,4,1,3,0,2,18,3,11,4,3,81,14858.666209451127,0.19567837740116306,0.10068976062543482,14.175735366430414,0.7666343378880309,0.9883420557450031,1
423,5,0,2,1,2,8,6,10,4,3,104,7921.472747412126,0.15716146396023523,0.21377880797540466,12.197697794023268,0.8130768776289621,0.8228847870721018,1
1034,8,0,3,3,0,9,1,5,2,1,62,9048.089567170797,0.1029251160838626,0.12188777967879044,31.12164859264069,0.8788341969068061,0.6987280495205438,1
741,6,2,3,0,2,12,2,12,1,3,143,15618.250019645715,0.04282700731911826,0.10845974940135139,21.838440471880322,0.7519209594757886,1.1414867862356697,1
565,6,1,3,3,2,23,3,11,4,1,84,5743.3683468162635,0.06662395215323749,0.20997144146297703,17.022468110960762,0.7755320728727034,1.2005015969877446,1
368,5,2,4,1,1,1,2,6,3,2,58,14554.658102069789,0.041559646829274065,0.17251158670725958,12.568841693189498,0.7236679449085598,0.8873531360178288,1
917,9,1,0,2,2,13,2,11,4,3,73,15511.422448652424,0.10343316260102409,0.13861196727758013,30.01632869200659,0.7910796915546281,1.177364663715141,1
997,8,1,3,1,0,9,0,4,2,2,137,13594.058000341383,0.12877685361493127,0.14812538041822276,29.767650491839724,0.7753939946850807,1.2222146366023288,1
209,2,0,3,3,2,0,1,3,2,2,71,8036.8703026528465,0.06569331217518722,0.21510589308929945,4.1328318013775895,0.853640357630981,0.5050127251371178,1
1035,8,1,2,2,1,19,2,10,4,3,128,11842.973315201629,0.1423771695535646,0.06752227899361236,28.56690629017072,0.8055452481537704,1.3560924980007598,1
823,8,0,2,2,2,21,5,10,4,2,124,7497.037066225354,0.19267860040417817,0.10248258526343865,24.94059236745866,0.8471774664495724,1.017984806467864,1
271,2,2,3,1,1,4,2,3,2,2,149,5450.037850093733,0.1984720739172258,0.1157829467880662,9.163343501523396,0.6785852406826185,0.6823679402800783,1
872,9,0,2,0,1,18,1,10,4,2,56,5288.474618988458,0.1733066290399115,0.21724588893129426,26.709018085146017,0.8042513669129574,1.159734412985177,1
278,3,0,2,3,1,16,5,7,3,1,83,4112.121902266323,0.11102142532657375,0.05515493624742153,9.129668167546804,0.9052206372917021,0.31929213360515574,1
226,3,1,4,1,1,16,2,7,3,1,132,15740.276212027424,0.12758550049166476,0.060097202874865294,7.076784933478097,0.8155427834850615,0.39436675813569594,1
286,3,1,3,0,2,11,6,11,4,3,53,11860.97082621663,0.12052911621419116,0.1183666614365334,9.880830560647478,0.792496900057174,0.9789013084973868,1
603,5,0,1,3,2,7,0,2,1,1,43,7854.845430469695,0.06490667607039188,0.07046385784325464,18.608348042472315,0.9190832597388591,0.3388531144428172,1
750,8,1,4,0,0,1,0,5,2,3,41,10948.943165440585,0.17670626736405828,0.16326942891543378,21.71334992093682,0.7470109366742286,1.0862244883797076,1
554,5,0,1,2,1,0,6,4,2,3,49,11428.887399176756,0.14812654990832738,0.10492195581682645,17.116309460417526,0.8661281724236808,0.7170227164095748,1
292,3,2,0,1,0,4,0,7,3,3,127,6195.147515332013,0.14206969859023208,0.19231734362103126,7.033050606413573,0.6695258310049315,0.8550336428673474,1
363,4,1,4,3,0,12,0,2,1,1,78,7466.418178642688,0.07525298693383663,0.17474989887096776,11.690260324814304,0.7874987013878381,0.6689306190221196,1
964,9,2,1,0,2,3,4,2,1,3,55,10567.33304744539,0.06450548780288708,0.1247452230277567,28.6294192555282,0.7348371801262102,1.14330174006755,1
1065,9,2,1,3,2,16,2,9,4,3,117,14077.533992893083,0.17968423632552788,0.19209629048086094,31.819148557736003,0.652698762937125,1.3571387219743714,1
873,7,1,1,0,2,14,3,1,1,3,73,5555.063982185706,0.06870623177955437,0.05814739209668009,26.16250296024796,0.8429158692556945,0.7635703978096364,1
275,2,2,2,3,1,8,2,6,3,2,55,14300.028942834128,0.05179495485716048,0.14459782082714107,8.374806640938797,0.7316232509420643,0.8412136404752057,1
934,7,0,0,1,1,2,2,12,1,2,148,11307.833304555832,0.1400968321807503,0.14892393402576634,29.079916904424078,0.8499406552070675,0.7216160918780876,1
816,6,2,0,0,2,12,3,12,1,2,104,9875.912130243982,0.15269492116952385,0.08428380048936351,23.914579893756958,0.7133595752535007,0.8784069343948305,1
663,7,1,1,1,0,19,1,3,2,1,88,5727.284798619196,0.059139585649814724,0.04893183876825017,20.474069161930807,0.8513678590118708,0.7739019574784649,1
311,2,2,1,0,0,9,1,12,1,2,141,10598.846283789833,0.07309750485103755,0.13633581324342045,10.579990573662586,0.7257550068574938,0.6562189489407989,1
1096,9,0,0,1,1,19,1,5,2,3,65,8243.579293156014,0.1662022072098463,0.13246186892077313,34.718266250367975,0.8456011657412212,1.0644068516809697,1
587,4,0,4,2,1,6,0,3,2,1,104,6267.605988251804,0.1887336319575233,0.15765011668308865,17.026117226866145,0.8241273131117246,0.8951768324746876,1
220,3,2,2,2,1,1,3,7,3,1,122,14559.681355610688,0.11623819472637123,0.0783271733668662,6.3749710561451325,0.7324455843580431,1.2122308695386623,1
373,4,1,0,2,0,15,3,6,3,3,40,9526.871809153017,0.16672079565638404,0.07233580511615233,10.8607725618231,0.7924245296523587,0.8249247411729921,1
549,4,0,0,3,1,21,0,5,2,3,69,4957.072386723146,0.09110401886065281,0.21602486008402338,16.588234866636956,0.8417920044748957,0.3317603353931398,1
237,2,1,4,1,2,21,3,6,3,2,50,7625.664305825165,0.1525174305174418,0.060463929151223506,6.792776955055183,0.8041583881491007,0.22224931054866404,0
478,3,0,1,2,0,23,5,2,1,2,98,6178.058561718997,0.129155273507435,0.21989354548383622,11.679846589580176,0.8229280314539279,0.18701566615571436,0
610,5,1,0,0,1,2,0,4,2,1,114,15270.941986013539,0.1749137461725588,0.16959581934743567,19.40029007789948,0.7449706955160025,0.7783453580501355,1
1052,8,2,3,1,0,1,2,3,2,3,57,6916.743654554366,0.16414417533619766,0.15327800289584745,31.862677087663254,0.6771600197955796,1.0766433496268042,1
259,4,2,4,2,0,13,6,12,1,2,55,10076.76049074069,0.08546174108572059,0.10116102918747591,9.791761235626591,0.7360197533770615,0.8056710869912987,1
710,5,1,1,0,1,22,2,6,3,3,90,12946.269893443727,0.06391283535186204,0.1962045585193338,22.297161136020204,0.7829471727579619,0.9468622933752256,1
1022,9,1,3,1,1,23,0,7,3,2,83,5902.13051567474,0.16922508361190186,0.2038110902122376,30.723471987750564,0.7321337217791373,1.207572766314782,1
921,9,2,2,0,1,6,3,6,3,3,51,9249.85114727677,0.045246811359234175,0.1699391199988845,28.149505625543174,0.7231663308888465,1.4574347377088899,1
1030,10,0,0,3,0,9,2,11,4,3,114,11839.376832917838,0.14864620998507982,0.16777994425198078,32.31325313333445,0.8376082305933227,0.8159116908165644,1
336,3,0,3,2,1,15,1,10,4,1,125,14583.444692413388,0.11614627906194197,0.12876783391146152,8.584050356452043,0.8697886491619684,0.36918651657074747,1
917,7,0,4,2,0,21,0,9,4,3,87,11849.238066069396,0.05204788890029155,0.05401027576490093,26.508609578553568,0.9322738259006633,1.287455003517944,1
1080,10,2,4,2,1,4,6,4,2,2,80,4961.006177206928,0.15016979554772736,0.21982522792802758,32.34986394100933,0.6535022394359102,1.6546477110311288,1
479,3,1,0,0,2,23,5,4,2,2,57,7858.737557346376,0.11725985388779045,0.042799968621041684,14.911587871811232,0.8279730798710255,0.741767430673697,1
638,6,0,2,0,1,19,4,12,1,1,75,8211.186422379586,0.1776162128390954,0.12917153188942118,18.543144495152845,0.8419455148721675,0.9951334112186414,1
668,5,0,3,1,2,1,0,12,1,1,95,8659.28139075734,0.07338110865771269,0.10608417628381475,18.724368286347417,0.8992406217763126,0.9905781757603211,1
634,6,0,0,0,1,20,6,4,2,1,149,15299.42247070396,0.040367931493573546,0.17970382456424014,18.567049574836343,0.8809677097739839,0.5587063382714876,1
446,4,2,4,1,2,15,3,5,2,1,60,4428.440225916678,0.06087789085790382,0.17244046548555034,13.90039842333901,0.7150067396454456,1.4142083248369015,1
1073,10,1,0,1,2,23,3,4,2,2,131,7626.083372617197,0.08313760525150168,0.15304894734466998,32.154911175468634,0.7937160513317227,1.1272214359728858,1
1059,9,0,1,3,2,5,6,10,4,2,95,9909.471056001812,0.14435909894646323,0.05345293767202712,29.727539234759956,0.8909845835216793,1.2541120986001157,1
530,6,0,4,1,1,23,3,12,1,3,100,5036.752290933147,0.0980229164025273,0.08263290059337591,14.843076171023544,0.8987048823518435,0.43084948131177675,1
920,8,1,2,0,0,1,1,11,4,3,73,9802.455528769136,0.058919506128847096,0.056948517369652715,27.574450861623447,0.8478593894256751,0.9610176814351722,1
545,6,1,3,3,1,1,1,11,4,3,143,5285.547006526613,0.19705175410714637,0.2162157451088714,16.94598832383373,0.714029625352792,1.1213375455781602,1
911,8,2,2,0,2,10,6,5,2,3,47,14053.386576388846,0.05731639123383961,0.06300092124195569,27.206786190610817,0.7658572093858921,1.4264795526223384,1
717,7,0,3,0,1,15,3,4,2,2,63,7241.012702418715,0.09681925488533177,0.21409469037713624,21.103566629027267,0.8400887246318893,0.6815560829265064,1
612,6,0,0,1,2,4,4,11,4,3,74,10276.134190062668,0.1802566810386761,0.060288191039754115,19.450440101266242,0.8717548075647064,0.28031870690913774,1
297,4,0,3,0,2,6,4,5,2,3,103,11419.814252447175,0.14441845977362358,0.1952014619421598,9.858566180501832,0.8271710352278975,0.7838489064165498,1
782,7,1,0,3,2,9,1,3,2,3,86,7668.707404685381,0.09116766589474441,0.1434334314600057,23.780840300976294,0.7944295061903625,0.964540483914115,1
475,4,2,0,1,1,3,2,11,4,1,142,8215.776397393953,0.1952554847429933,0.18971061854855206,14.54447662149187,0.6467652535188045,0.9592012672971586,1
379,4,1,2,3,0,4,6,6,3,3,60,10126.192646973137,0.12017576868923735,0.15412611248182265,13.490581822658699,0.776564153473023,1.1804544422962215,1
357,4,0,2,0,1,3,1,2,1,1,102,13665.216386142298,0.041297583339123846,0.17839069007891953,9.765610109064442,0.8811402769618805,0.4708328909336898,1
1083,10,1,0,2,1,22,6,11,4,1,93,9432.302524189938,0.0409861337842139,0.17154608808356386,31.994715481915165,0.8043605001595,1.0605598237448202,1
275,2,1,3,0,2,22,1,4,2,3,73,9890.751092025697,0.1905614927338784,0.08683365584006045,7.633230828888614,0.7751721831417275,0.3314042972789543,1
914,9,0,1,0,0,15,2,4,2,2,42,11150.379238105113,0.08498890087612604,0.20830869265066773,29.16183055780477,0.8480160829129428,0.6407328441302236,1
976,10,2,4,1,0,16,0,7,3,3,129,9102.537277954605,0.16993039456577091,0.15585629876043836,29.235706287195907,0.6733959880032058,1.7680631233736275,1
208,2,1,0,3,0,3,4,4,2,3,62,12712.940275315908,0.046969603501530774,0.0763751413435543,5.322732977242765,0.8444948648197117,0.2771960696497856,1
722,8,0,1,1,1,1,2,10,4,3,55,4058.8912875294773,0.06350673748500096,0.095087565451721,22.073029478762777,0.9086325636784751,0.9104657120236261,1
711,6,1,1,3,0,9,3,9,4,1,102,9796.236814159005,0.1770847215743797,0.1359491812933928,21.236015405144432,0.7591347437095024,0.637876602954808,1
509,4,2,2,0,1,23,4,7,3,1,56,15076.194160930487,0.19905461069448516,0.19872881220894775,16.430395758289094,0.6409974596934551,0.9427345154892162,1
793,7,2,2,1,0,11,4,3,2,1,110,11390.845217847975,0.04830766903844321,0.18341556159928799,23.212797291219896,0.715724546213021,1.0158105355406906,1
555,6,0,0,2,2,19,6,6,3,2,120,9836.796909339078,0.06682191573902993,0.09436864120780016,16.180321962553645,0.9074642493739264,0.7381779638485725,1
584,4,2,2,1,1,8,3,4,2,3,65,13264.298025657597,0.1556659025283031,0.16392753620933442,15.876605486448032,0.676182952568063,1.094233350505299,1
576,6,1,4,2,2,7,1,12,1,1,47,8716.008910382701,0.12472047300535974,0.04029822941360337,17.144752417515452,0.8257415839114666,0.7331706929886712,1
916,8,1,0,2,1,19,4,10,4,2,50,9606.947376681383,0.10495456737832659,0.09987538854837077,30.3816487164064,0.8078265198329861,1.2278823677399933,1
762,6,0,1,0,0,11,0,2,1,3,45,6341.916656889789,0.07111480607234394,0.1911271403500282,22.911531998527707,0.8619911241099325,0.8572834348451552,1
528,5,2,2,2,0,17,5,7,3,2,93,5490.449810895338,0.19126965737937754,0.06721621562304672,16.61267061364755,0.703681357148909,1.160199381550906,1
1032,9,2,3,3,2,17,2,10,4,1,81,4306.27269005626,0.06756296839468293,0.10361114748788117,30.757545844171474,0.7429716478528461,1.565606231200374,1
917,9,0,0,3,1,17,5,7,3,1,125,12778.106846265197,0.08243993052883988,0.040187797072754744,27.896438866650634,0.9248175225792824,0.596903484002447,1
1038,10,1,1,1,2,16,1,2,1,2,83,9618.281370147028,0.09188769987355788,0.04416389071713347,32.259603218117554,0.8387767842341889,1.518094063754789,1
852,7,2,1,1,2,19,2,2,1,2,111,15272.23899516374,0.06217331142703669,0.06628341838047974,25.896267127143595,0.7621944715866176,1.219087163773022,1
540,6,1,3,3,1,11,4,9,4,2,91,6121.7925962916,0.12579728899746961,0.05833534995373986,17.02951332682356,0.8171403124719557,0.9929362163478883,1
891,8,0,0,3,1,7,4,7,3,3,87,6927.801156208116,0.09461201211629744,0.128151281871759,26.666712294469985,0.8797565177053746,0.9243876542886499,1
482,4,2,3,3,0,12,0,7,3,1,121,11664.711358415505,0.13725560008569956,0.20200078589635861,13.86144298900717,0.6673346263080737,0.8764196808827961,1
429,5,0,2,3,0,7,0,4,2,1,95,4655.172227568256,0.09885729402961302,0.055235507152511056,13.798682801392678,0.9106582394680441,1.0015535238588302,1
594,5,1,1,1,0,1,6,4,2,2,102,10040.959048229754,0.05862776464449935,0.19657063651294157,17.731848446727838,0.7851607194791517,0.8363525902987913,1
1071,9,1,4,0,0,8,3,5,2,2,89,5482.978208937715,0.17961558034092995,0.1602684108982294,34.343529583838844,0.7470522039423784,1.359097695455989,1
702,7,2,4,0,1,12,5,7,3,3,118,5936.769451077853,0.12154433170116519,0.07040107757710434,22.534398277057303,0.7336245658247786,1.191128636530529,1
532,4,1,4,1,2,12,0,6,3,1,73,10145.198480114104,0.09149607839738738,0.09215256895663038,14.790862763664332,0.817358108690692,1.2295005218516697,1
604,5,2,4,3,1,8,3,11,4,1,45,10828.849711749004,0.042618360363932586,0.07495302686005972,16.49127546846619,0.7670928757492034,1.4431310312356338,1
447,5,2,1,1,1,17,4,3,2,1,86,6544.416939016276,0.13565543534132277,0.18207372221600698,13.285301373742557,0.6770218790992015,1.1133926949053639,1
786,6,2,4,1,2,6,6,6,3,2,74,7254.863390417334,0.16520069279667157,0.17051806412892628,21.784332506502732,0.6689265593834809,1.0622474234621422,1
502,4,2,0,3,2,15,4,3,2,3,138,7409.291051605569,0.14400980003474043,0.09479368233898006,14.260552617615769,0.7125384329318257,0.9803482175902687,1
690,5,2,1,0,0,6,4,1,1,3,146,5701.717935969139,0.1660350903732094,0.04978017932702022,18.994410191522046,0.7228831286348967,1.0668779352979418,1
520,6,2,2,2,0,23,2,5,2,1,63,15588.650226096459,0.06479773406710714,0.07037333679504419,15.691774484299598,0.7591730181120319,0.914554955780033,1
475,3,2,3,2,1,15,6,1,1,1,87,12306.39917030583,0.19547247657852226,0.15337774503871318,13.321854921752985,0.663017400272244,0.8793866021560482,1
1072,8,1,2,3,0,13,2,5,2,2,87,5330.101977126213,0.07381332609001365,0.0562671051541246,31.58713313273837,0.8414638059401378,0.7267613991004371,1
498,5,0,2,1,0,10,1,8,3,1,64,8285.922183061817,0.08268473593174999,0.13656379015163392,14.857010207860254,0.8813381632624773,0.9656984363470992,1
244,2,0,1,2,1,18,5,5,2,1,41,6071.2335472000805,0.12197273003980036,0.15032722219159766,6.138297775561104,0.8574650214958709,0.6096882733780493,1
528,5,2,2,3,1,10,6,9,4,3,149,6812.633599899018,0.04083128431578958,0.16379564952421843,17.352617663128214,0.7279178797719963,1.091388891793916,1
669,6,0,2,3,0,19,5,4,2,1,111,15273.733313560568,0.110791758098963,0.06256403410280482,20.488849118739456,0.9019898935092044,0.5156611357430833,1
267,3,2,2,2,0,3,1,5,2,2,85,5641.035439544137,0.07131604403405115,0.12274705855476128,7.572959232300689,0.7326716038350344,0.9478290524603452,1
461,4,2,2,2,2,19,5,11,4,1,60,14557.740756200697,0.15984289894724085,0.12341139194613526,12.668226948067144,0.6925355690979806,1.1605306632268049,1
332,4,1,3,3,1,23,2,3,2,3,92,14102.020418225346,0.16124054146907427,0.19035086745424784,8.57616800470495,0.7417838659845051,0.7715762649091324,1
640,6,2,1,3,1,5,1,7,3,1,69,12924.019022857407,0.13851757514247193,0.12436906174642146,17.393540157770254,0.7017010133999979,1.2560630089988967,1
845,8,0,0,2,0,5,6,9,4,1,64,9960.664287050622,0.10746962805123789,0.11322323687379326,26.69379238311717,0.8806882107837359,0.8946028190347551,1
1071,8,1,1,1,0,22,6,5,2,2,145,7100.411857248153,0.08963744270862567,0.06222288082910873,32.513745910844534,0.8316628544080196,1.2597734359897899,1
537,4,2,2,2,1,9,2,4,2,3,112,13971.758388314061,0.172393915975842,0.16500358320174455,15.030467748328643,0.6681711253700859,0.9144953126045505,1
974,8,2,0,0,0,16,0,9,4,2,73,14008.899587671789,0.12113497907419682,0.1515621066423854,30.470995216102594,0.6972863114275379,1.40416024846802,1
377,3,0,0,2,0,4,1,1,1,2,62,10303.791944153498,0.11943468575133495,0.16905097306855202,11.861169436364863,0.8501814535310508,0.7388474622841595,1
898,7,2,4,1,2,10,3,4,2,1,124,4571.360636994018,0.0581492622212247,0.1581309858940927,26.67548317782013,0.7226738883481071,1.5120421010190492,1
697,5,1,1,3,2,16,0,5,2,1,107,6315.534166435977,0.07494128765694652,0.197551088989035,21.376432848108617,0.7773784305093083,1.53236606269037,1
877,7,2,3,2,1,21,1,3,2,2,134,4673.001514072208,0.09767828670693202,0.19792229912914505,26.621100403988034,0.6869797363737653,1.3508982331289239,1
875,7,1,0,3,0,10,1,7,3,2,123,6158.056215725568,0.15181645484541462,0.09538298638381577,26.010728711842365,0.7887602514468464,0.5566163381425284,1
669,6,1,4,3,0,1,6,8,3,2,84,10101.055369292924,0.17524335859142542,0.0728341706356512,19.71721150232824,0.7883651118478155,0.8107137036002736,1
416,3,0,1,3,1,9,2,12,1,2,111,14250.081473297952,0.19885764429279354,0.20676595023356018,12.018733998359878,0.7974693824631408,0.4451393934646103,1
664,5,1,1,0,2,15,2,8,3,1,81,11838.841989654706,0.10838913623241625,0.16834718300492885,17.54411447736537,0.7754686563431947,1.1075049554575482,1
940,7,2,3,3,1,21,2,8,3,1,49,11210.83563428033,0.11251269555708376,0.2147759320386683,26.57596659033851,0.6727201175819115,1.6516037958009402,1
1073,8,2,1,1,1,20,0,9,4,1,43,12975.44250514114,0.16256968657952364,0.1294520266481337,33.59703555203838,0.6885902290475541,1.4669663318778852,1
1033,8,0,2,2,0,18,3,3,2,1,48,11678.937694702214,0.09139631622800246,0.21320380418672372,29.39125835031176,0.8429299458133732,1.0554543540166506,1
346,3,0,3,1,0,3,6,6,3,2,141,9321.127173454808,0.12648287616225928,0.06208938290260907,8.084475032517702,0.8951424834208093,0.9691849331575186,1
729,7,2,0,1,0,12,5,10,4,1,132,13784.36134315724,0.14832277170176714,0.14626562116237016,23.068966738474877,0.6874352232111381,0.9603445658167178,1
276,4,1,0,3,1,13,1,3,2,3,83,7722.213645441121,0.07779995371274126,0.1294123549839211,9.161494921952574,0.806754461086502,0.6215634992372407,1
795,7,2,3,3,0,11,0,4,2,2,139,15137.378887383144,0.08473439190165617,0.0404760858673599,24.086899692983092,0.7636552850039428,1.1033845373848379,1
1092,10,0,1,2,0,22,5,3,2,1,121,5394.286990207595,0.09699050195025052,0.07472176864221076,32.54781385166973,0.9027294782333923,0.6559235553795614,1
228,3,1,4,0,1,23,5,12,1,1,54,11652.158714371475,0.13242957360471103,0.06762498722020022,8.292913698447336,0.8099754476287899,0.23743838327269373,0
784,6,0,4,0,1,5,6,5,2,1,64,10006.196236481639,0.08326647255939598,0.050945671923079694,24.867188759142806,0.919604534982886,1.15101922929377,1
1049,10,2,4,0,2,22,4,4,2,1,81,9109.139880119985,0.073306845201279,0.21066683360404764,30.979524966557126,0.692211844537603,1.446152539033893,1
959,9,2,4,3,1,20,3,10,4,1,128,9156.596557538964,0.06392131452365019,0.21376609325880847,29.59630011983199,0.6950406664978935,1.459923158146173,1
541,5,0,4,1,0,16,5,11,4,1,111,4506.490288468567,0.16948958365655006,0.20051499938920936,17.579037703084644,0.8134979376294083,0.8955596937078542,1
275,4,0,1,0,2,9,4,1,1,1,83,13018.16565835374,0.18175543956220938,0.21799855686530525,8.143525349856702,0.8001107016076183,0.3173540269297169,1
1029,8,2,4,2,2,18,5,11,4,3,131,8228.16496194478,0.18475551131680223,0.18951955912618174,32.09044098225617,0.6515762183006572,1.4136887520693242,1
1027,10,0,1,3,2,14,1,9,4,2,75,9719.636283680524,0.17146138729780006,0.20779259261830488,32.36451643877632,0.8093357090377528,1.1189342205411017,1
712,6,2,2,2,2,21,6,11,4,3,139,14171.129043646295,0.06196627570818068,0.07557360331604307,19.64642809263096,0.7581070544390992,1.0865899993940193,1
1080,9,2,0,1,1,17,0,2,1,3,119,10925.302012964405,0.055640310608759055,0.08623909468132246,33.93502611921615,0.7561542676194632,1.0170627099671818,1
184,2,0,4,0,2,23,0,1,1,1,116,14217.239141885997,0.11986629267579971,0.19517189785548456,4.214610363848932,0.8382328142609221,0.7344558739209883,1
747,8,0,2,3,2,10,4,5,2,3,49,5644.952734753118,0.12342831248933306,0.1263034712132693,22.032961339907494,0.867620697333829,0.7833257079725422,1
215,2,2,4,0,1,1,4,11,4,3,56,7381.810596334062,0.1572517107936111,0.16905503691102003,7.278291540033019,0.6731619635329159,1.0376988994036995,1
1040,8,0,1,3,2,11,3,6,3,3,148,6735.188973173543,0.07566092058499346,0.14114363655368622,31.818172681788347,0.8824379492875941,0.987043186278586,1
805,7,1,1,0,2,23,6,9,4,3,124,14636.011368691046,0.18895194717726277,0.0950149732184289,24.10262446294383,0.7722148858219388,1.338692552687727,1
1020,10,0,2,0,2,15,6,3,2,1,68,13378.686341765804,0.0895887668792347,0.09127027260257031,30.086263350870773,0.8986134322331877,1.1304189643572025,1
697,6,1,4,1,1,16,5,5,2,3,134,14009.210282810776,0.13244943214615648,0.17467232828693774,20.4299695651125,0.7617952078051076,0.8954418411155678,1
256,2,1,2,0,1,15,1,11,4,3,73,10824.202721441321,0.17827417718748612,0.13577712034527223,7.082660979019657,0.7586769161102588,1.005345924375764,1
204,2,2,3,0,2,14,0,6,3,2,78,6648.98694134664,0.12375169735795927,0.10468942251210378,7.177887062316861,0.7172014960584716,0.8214718373879903,1
488,4,2,1,0,2,1,0,10,4,3,73,8523.9804920451,0.16056919117333399,0.15106714573431396,13.955052594393585,0.6797636483915583,0.8953355307753647,1
863,9,1,3,2,0,9,4,8,3,2,94,10603.610478173217,0.15984419206516828,0.11558876522627062,25.528310334244996,0.7760551692188525,0.937026518343018,1
318,4,1,3,3,0,2,4,3,2,2,123,4227.742926460244,0.16640339944158966,0.12551347178453562,8.195725574989886,0.7686374079482436,0.20381933689164555,0
963,10,1,4,0,2,8,5,12,1,3,58,11675.707212903639,0.16976772240751015,0.1620237462426536,28.629029307194486,0.7506938391074264,1.2546829228301837,1
400,4,2,0,2,0,17,0,12,1,3,146,14258.433962850595,0.10279407157098505,0.12243373635471691,11.984271815776085,0.718647486433434,0.986119442796326,1
636,7,0,1,1,2,19,1,10,4,2,73,7907.623904962314,0.0981689988201948,0.21098931031439488,18.180362631561316,0.8408787608894346,0.4741189688261381,1
366,4,0,0,1,0,5,2,6,3,3,146,12157.474504935006,0.16855969602642182,0.1273346739961941,9.137909755073595,0.8468475334898228,0.9010505505674075,1
608,6,1,2,1,2,15,4,6,3,3,135,9802.759466981712,0.13275366285320772,0.21312810769404017,19.575950263628997,0.7443532032537384,0.4937238189406742,1
596,4,2,3,3,2,5,0,4,2,2,100,4047.729903609881,0.13723412541351607,0.19258386784194045,16.083709430528938,0.6715819030350445,1.0430013134693685,1
185,2,2,3,2,0,4,5,8,3,3,49,7407.906314990931,0.10590676012705122,0.20036692512712065,4.097223097889508,0.6821768416356226,0.5259699267171973,1
702,6,0,3,2,0,23,0,4,2,2,103,10334.323045910402,0.07225834538776095,0.17738955935867232,22.75711393422782,0.867658442864105,1.008397940294449,1
903,7,0,3,3,2,14,3,3,2,2,123,12698.901740495217,0.11310889108101427,0.14881461537352986,27.58168548328766,0.8621344220954551,1.1507325956122159,1
1041,9,1,4,2,0,4,6,1,1,2,148,8824.405208489177,0.19514343452305105,0.13588017895740398,32.22531964629276,0.7510393739337953,1.2652862433233893,1
484,6,1,4,0,0,3,1,6,3,2,50,6234.944746216346,0.08653870067967626,0.13929792176828612,15.743082912198878,0.798373519898417,0.5700580251277517,1
990,9,1,2,0,2,1,4,10,4,1,121,4732.596649795963,0.08352131861986202,0.07626185342975741,31.22627972040793,0.8280975725776712,0.9062540659680007,1
988,9,0,4,1,2,11,3,10,4,2,72,12576.30520120745,0.06092546811025079,0.07859107712013626,30.66008387480159,0.9172175546463258,1.1152977471956,1
1089,9,2,0,0,0,2,5,11,4,1,122,8380.496084958493,0.11698887056157237,0.04614912908405494,31.844566442699364,0.7465879001594676,1.1438479579057517,1
523,4,2,3,2,1,14,4,8,3,3,104,11765.250446753285,0.08616486334306514,0.17420085444614528,14.085099950927532,0.7028354269948552,0.9834362284006335,1
962,8,2,2,1,1,10,5,11,4,3,135,6661.022063089462,0.14993979695943188,0.06247543107339955,26.97601454609088,0.7244131473852258,1.356283030661198,1
699,5,1,4,0,1,15,2,10,4,3,40,13056.226445850994,0.06161993306700034,0.14478684363884092,20.227099661097554,0.8071169504823714,0.9184272498275183,1
233,3,0,2,1,1,4,1,10,4,3,95,8132.6339883981655,0.07956999723129064,0.06482615772217963,6.0115866112977,0.9150217302709384,0.01,0
428,5,1,0,3,1,3,4,7,3,2,114,4628.424161723086,0.049896167916734395,0.051978411661645164,12.305938947816038,0.8541564391897292,0.3429466264520068,1
798,7,0,3,3,0,2,6,2,1,2,81,10122.801996578186,0.046635344745563766,0.13604698633859075,23.617248366467408,0.8977929510121304,0.48566759444066143,1
327,3,0,4,3,0,2,3,5,2,1,74,12777.35976731084,0.17026295560037732,0.19715726070205636,11.482719492438918,0.8146609026639048,0.44720340197577374,1
579,5,1,0,3,2,1,5,11,4,1,76,15189.965895350435,0.18494049674008403,0.10408259831861305,15.424149051879812,0.7699396072235863,0.9191192543446695,1
892,8,1,0,2,0,6,6,9,4,3,122,15650.293371177755,0.1622222136590062,0.20546095158627795,26.70935474186024,0.7345425756396222,1.108291267912542,1
317,3,0,3,3,2,19,4,1,1,3,62,9477.035285989055,0.17842615523612756,0.04185528487069865,8.040385535607117,0.8808733519519282,0.8729087456163123,1
636,6,2,2,3,0,14,5,2,1,2,147,11342.480284905225,0.05385538360592376,0.12383302150715222,18.46923028679594,0.7400402176991158,0.753947374458209,1
377,5,0,2,2,2,6,3,8,3,3,63,10686.651129252976,0.1837014849887282,0.06641759939534604,13.036874484018792,0.8674464120271665,0.718038985709909,1
673,6,1,0,1,1,22,5,12,1,1,85,10402.499056462839,0.11456637383532506,0.09684048796027116,19.09252468404925,0.8048669121919817,0.6861015016962784,1
401,4,1,2,3,2,18,2,9,4,3,149,5374.469382484822,0.16298301166893586,0.0442717110759514,11.836586927982877,0.8067353747648007,1.3105053807508351,1
1068,9,1,2,1,2,18,3,12,1,1,43,12050.380543030973,0.13852116614680987,0.04636254769635956,31.874489774388532,0.8168023287705738,1.2299087602751941,1
250,2,2,4,0,1,21,0,1,1,3,77,15583.24298027862,0.09597917057250235,0.16830646366197102,8.22036084600242,0.7010714645944869,0.8418074388278858,1
1066,8,2,1,0,2,17,1,11,4,1,133,5521.634663219354,0.08236784523512083,0.15781721395573517,30.595160641629644,0.7119167233641147,1.5072318539586373,1
908,7,2,1,2,1,22,4,2,1,3,74,7742.254095003389,0.0589008259669394,0.0775003812360102,28.207672848999508,0.7586194567586726,1.2838339615161791,1
967,9,1,0,0,2,7,5,11,4,2,70,4924.598986664327,0.10602417623696617,0.20220681594244305,28.513210446204674,0.7612960535192659,1.1094978173037602,1
963,10,0,2,0,2,20,0,12,1,2,40,8833.39476921378,0.11905643458072707,0.16383584848575763,29.92332901945867,0.8526984726200819,1.2259462013882148,1
352,4,1,3,0,2,2,0,7,3,1,56,9780.06539253395,0.19729841507902998,0.1005111580417097,10.63526043065917,0.7659856920956671,1.2662809824772396,1
1036,10,1,1,2,2,7,0,7,3,2,61,8296.217094031443,0.045966476212596453,0.11337757216818073,32.152244439084676,0.8282951782286503,1.4460584420654108,1
726,6,1,3,1,1,21,3,6,3,1,136,9718.985730148135,0.13442386595505168,0.09266004344767345,23.938272258061083,0.7978122407687738,0.9990263120706261,1
1065,10,1,4,2,0,3,2,7,3,2,100,13635.602399802588,0.12399917150853926,0.18950767810670185,31.693195941001214,0.7589219176731415,1.8063608931768507,1
987,10,0,0,2,1,12,0,10,4,1,65,6567.083119188093,0.04366339044967294,0.12891278817362775,29.95446556323183,0.9023407196195147,1.0227088539567921,1
713,6,1,2,3,0,8,5,4,2,3,129,13095.660342051327,0.09275877296040316,0.06435536584994558,20.6447248710285,0.829298637535343,0.6339292192584869,1
524,4,2,3,0,1,2,3,4,2,1,106,13519.455970327184,0.10766838768066495,0.07630847421120202,14.686336668455057,0.7372104121486598,1.0922956650931486,1
287,3,1,0,1,2,5,0,12,1,2,74,10973.597572844583,0.11908316187827334,0.09338423320978406,7.913475411123018,0.8043896722103742,0.6037465157872515,1
273,4,2,0,2,0,12,4,11,4,3,67,7783.85425062299,0.07735297375847346,0.11256757143298235,8.76183432666198,0.7345357546638448,0.6726947059350852,1
538,6,2,1,1,2,15,6,7,3,2,64,15238.009988231193,0.04545603518358849,0.14667518231665644,15.625520736014254,0.7335409521248897,1.188416924239268,1
926,8,2,0,0,1,16,2,3,2,2,118,8366.842673093222,0.08701489805756862,0.21354969642826646,26.672459743745364,0.6847459324813742,0.8614951145029706,1
644,6,0,1,0,0,3,6,12,1,3,118,4599.0542189843245,0.17381789478937412,0.08714715587903284,15.548767072097714,0.8625657271992169,1.0800866615046778,1
623,6,2,0,1,2,7,2,11,4,1,111,5633.054223804611,0.16925726020550144,0.09911264182736386,20.45667832687136,0.6992335440852105,1.3071881596613513,1
404,3,1,4,1,0,2,0,4,2,2,89,14699.080067732975,0.06892012392026656,0.044311360089338135,13.804141612967394,0.8490458321956779,0.2712268498975055,1
699,6,1,2,0,1,0,0,7,3,2,96,5799.717774380771,0.1434080265052254,0.10705935190876234,21.573246230317956,0.7872896797137056,1.148028720426515,1
767,6,1,1,1,1,9,0,6,3,3,138,9368.729699209138,0.1877835799637875,0.16151394392224466,21.53555207597951,0.7428161142512855,1.159031760560639,1
1083,11,0,3,2,2,14,2,11,4,2,101,12303.65872985758,0.06753723055176253,0.21335101802508996,31.383814985318633,0.8536002881404163,1.5671303864819013,1
851,9,2,0,3,1,8,2,9,4,2,107,10883.736411084054,0.06058821443325543,0.17323411519361973,24.117334312491618,0.7147799516679061,1.7181219535546277,1
738,7,1,2,2,0,0,3,6,3,2,64,11840.460402577362,0.04354340268107247,0.06123937227930054,22.988044256607804,0.8528477512678322,1.3914576610046192,1
1017,9,2,3,0,1,5,3,12,1,1,90,8185.775974314112,0.06758583435139712,0.20020694840817396,31.881514918483806,0.699493247758193,1.433501038169475,1
570,6,2,4,2,2,10,6,8,3,2,42,11946.833661263736,0.1702324124520942,0.1909622431985013,17.599304552364497,0.657462404957232,1.4810116226090995,1
1040,9,1,1,0,2,8,0,6,3,3,90,4109.026900209437,0.17023835842593657,0.07402403991230347,31.997814530806416,0.790081920747792,1.1191893536397146,1
520,6,2,2,0,0,19,6,12,1,2,128,7159.002837563112,0.12647233232464156,0.20818171776724884,16.618026644954124,0.6694056774586492,1.3917633352745218,1
297,3,1,3,2,1,14,1,6,3,3,113,5483.1981220738035,0.09337031630942857,0.16853782800554315,8.090731758373805,0.7821413350582628,0.2317829545171618,0
564,4,1,3,1,2,23,6,6,3,1,137,9463.155727037945,0.16908486704031725,0.18090712103492784,17.65346609328005,0.7425036053661397,0.6975082541921053,1
298,2,2,0,1,0,4,0,5,2,2,77,5749.876988327087,0.07120243895289179,0.12264513955017001,9.776790564067644,0.7327685896736221,0.6532949892559686,1
288,2,2,4,3,0,8,0,3,2,1,125,10568.452860059158,0.06237663841568654,0.07612306439740044,7.190366718506962,0.7576751337341108,0.8689558096911992,1
990,9,2,1,0,2,2,0,4,2,3,120,6167.980495111505,0.054273634869241735,0.18383893861697828,30.621158352832285,0.712849341931201,1.4737362628956177,1
911,8,2,1,0,1,0,2,2,1,3,117,8971.176098845215,0.1762121514435858,0.12593969405943622,26.996556835527965,0.68403166952364,1.6839704072831405,1
383,4,1,0,2,1,22,6,9,4,2,127,4890.658167915165,0.15437487683508613,0.21413746229560662,11.365880493622301,0.7341694473911883,0.6226796064164826,1
950,7,2,0,1,1,11,3,8,3,2,91,9279.76324795026,0.13993380541270722,0.0676002134341048,28.268730131326322,0.7266096915189345,0.9333009621613293,1
243,4,0,1,3,1,15,1,12,1,3,77,13695.799350880801,0.15639479395373992,0.10397263250671548,8.426392436873876,0.862834658092795,0.37978863098487486,1
441,4,2,0,0,0,6,4,8,3,1,104,7802.815108628123,0.06295659075235963,0.17239846878423823,14.271685815116404,0.7140902232085309,0.7601531117449067,1
829,8,1,3,1,2,1,3,1,1,2,82,12475.800835658909,0.10156625399859145,0.14301069097095134,23.996624776055107,0.7899403747637057,1.3318668982144146,1
459,4,1,2,0,1,21,4,8,3,1,116,9111.83311890046,0.17025843670626206,0.11798951327340931,14.35766625491039,0.7702884225091479,1.23283553120071,1
852,8,2,1,0,1,15,5,3,2,2,135,6810.541979615766,0.18668248151697592,0.16628989669118097,24.22908680815287,0.6611624298063293,1.727807993360289,1
984,9,0,2,1,0,17,5,1,1,3,42,7641.743196421736,0.1220953014275746,0.17200319113975213,29.280232331083102,0.8476556783447029,1.2560924919354812,1
240,2,2,3,2,0,12,1,8,3,3,108,7630.939198412769,0.05952983137327658,0.14391382236880143,6.981295981014781,0.7284503558160649,0.7187689643536043,1
202,2,1,0,0,1,9,3,1,1,1,86,12908.546896136007,0.19656277318603194,0.09743861171542342,7.279844975331,0.7676993767943451,0.5577835646211622,1
1044,9,1,1,3,0,10,4,5,2,1,51,6411.231533145837,0.10320456662252159,0.15137670171317263,31.084800016522962,0.7854384292489376,1.2734469696592958,1
658,7,0,4,2,2,18,3,11,4,2,64,15733.258359994836,0.09103914625398854,0.13814365009392257,19.801580682141722,0.87686774164344,0.7039444677292043,1
645,5,1,0,1,2,5,6,4,2,3,130,12249.811146161177,0.05919854651439636,0.18357808021627023,20.684799435552552,0.7907505179712001,0.7294810258131336,1
606,6,2,4,3,0,8,6,9,4,1,80,8813.853191742302,0.042020739359154416,0.15762241215294592,17.832572465976778,0.7301605818195548,1.2788585893064701,1
578,6,0,4,1,0,7,5,5,2,2,49,15976.048117545093,0.13658773426431692,0.12941891454678084,17.045143530083397,0.860297008035006,0.4312232885483319,1
814,8,1,1,0,1,12,1,2,1,1,122,6594.058577622254,0.1379889629815071,0.04336684693982736,22.369258113801216,0.8183898855353995,1.301964647300666,1
713,6,2,1,3,0,23,3,3,2,2,66,13154.934576316751,0.07747858187552968,0.07004925739631156,20.90291875029444,0.7536124723276714,0.982226746134371,1
330,2,1,1,0,2,22,5,1,1,2,79,7251.242771001585,0.06591788098354513,0.1005869726054906,8.356590188576552,0.825072815884934,0.7950413306748363,1
756,6,1,2,3,0,13,1,2,1,1,61,10522.773415754078,0.12448140807982938,0.1482481526080059,21.99386163791445,0.7772716976904741,1.0489777389298651,1
794,7,1,1,3,1,4,4,2,1,1,121,4653.056422909708,0.109665096809379,0.182624575350402,23.98268676994635,0.7684696475280985,1.3698303325158439,1
284,4,0,3,3,0,22,1,11,4,1,141,14157.509635628525,0.08858464608467181,0.21279174122688868,7.77156068127878,0.8443806257097978,0.02787128638194436,0
526,4,1,1,1,2,7,0,10,4,2,146,8393.822825252613,0.07491725791587543,0.1479649709477247,14.454529130521507,0.7997029970113799,1.1579305860879188,1
907,9,2,4,2,0,8,1,5,2,1,48,11013.83669032931,0.17748893732127627,0.1711919191686362,25.549070221392338,0.6630936145795394,1.8110083243960813,1
749,8,1,4,3,1,21,6,9,4,1,141,15127.405980414558,0.19741247345687993,0.15185941689340057,22.298750923720426,0.7428276493423738,1.2903244801914937,1
305,2,1,2,0,2,6,6,3,2,3,109,4362.9607046098245,0.09689307718123577,0.11744999008961779,7.692934892595203,0.8035456197281159,0.8475692943149181,1
216,2,0,2,1,1,11,5,8,3,3,131,15616.209242024415,0.1517009257757067,0.1497418036020192,9.05724059566948,0.8443507717800234,0.6181416527893481,1
714,5,2,0,1,0,22,1,3,2,2,48,10302.152186824173,0.17848755429260127,0.1121211353874759,22.594319820389675,0.6892260896439653,0.8736378108126246,1
604,7,2,0,2,0,7,5,8,3,2,133,13368.958887137442,0.04430988493047385,0.12165508980942819,20.304946411752166,0.745315761367044,1.0476595648012952,1
1064,9,2,2,2,1,14,1,5,2,1,76,9676.537187270189,0.18529038087938954,0.20398069988633574,30.046257934663966,0.6448280136554236,1.7797031766279052,1
660,5,1,2,3,0,0,0,11,4,1,83,13790.893332003727,0.11986383885916677,0.14149473916508434,19.155582733680482,0.782388639889087,0.46991049720987305,1
1036,8,1,1,1,1,23,1,11,4,1,138,14566.705931377417,0.1290798816643744,0.058073969904270537,29.019329693779518,0.8157807667941098,1.250959112153538,1
377,4,1,0,0,1,10,0,5,2,1,120,8580.088670478846,0.1263797311435999,0.1342778214148214,13.732439238553251,0.7827041013487105,0.7395243866537903,1
591,4,0,4,0,1,16,4,1,1,1,96,12671.586767469575,0.07886835094543179,0.21158683868170325,18.149931246290734,0.8492951646677892,0.9297469201641322,1
308,2,0,2,3,2,12,4,4,2,3,113,15983.416095272903,0.16515863055851396,0.058007716286655506,7.642160212254135,0.8795751439196737,0.18592070093560348,0
708,5,1,2,1,2,10,0,4,2,3,79,13085.580107133259,0.15717413960571225,0.2148137154619241,21.07494737464937,0.7326054652195637,0.8990969265673637,1
353,3,1,2,2,0,9,0,6,3,3,148,15482.557930534756,0.05532677584293328,0.21777526307166545,8.710398832126941,0.7771040824884305,0.37528141493286576,1
632,7,0,2,2,2,0,3,7,3,1,47,12839.406760412532,0.13004665192024692,0.14092836992754507,19.2677989288597,0.8580612401684936,0.47813665792716253,1
496,5,2,3,3,2,6,0,12,1,2,103,7958.643249537232,0.19312419227281452,0.09983897130301958,14.841956074993362,0.6881665763908746,1.4089588131237993,1
350,2,1,3,0,0,9,5,1,1,2,44,13925.820098302464,0.17938519094819347,0.04155424129082071,10.898103339844445,0.8005772554924436,0.5544340310439626,1
269,3,2,2,0,1,8,2,7,3,1,87,11996.089176634663,0.14014469941579916,0.04279090170768327,9.464355020501456,0.7376789794944328,0.7264411109528389,1
651,7,0,0,2,1,6,2,3,2,2,95,4396.815681414667,0.07179093500177078,0.10985717226302952,19.95596772007083,0.8982583517308398,0.9375525642401484,1
1051,8,0,4,1,1,15,0,7,3,2,132,6069.2085413387695,0.09555570080427236,0.18095292290837264,30.589093975468,0.8555711193293097,1.0077605190736323,1
362,3,0,1,3,1,19,4,8,3,1,143,7135.276094321635,0.0640572911137636,0.20962723405577102,6.844002047659865,0.8568419636737095,0.7496876062673126,1
552,4,2,0,0,2,21,5,10,4,1,122,12922.7656860632,0.17150889839833575,0.06786009492171155,18.0008644445554,0.7122839530059787,0.7821853949262454,1
386,5,0,0,1,1,23,5,7,3,2,146,13565.591911558417,0.16458733300360204,0.1277954689694398,11.36878555454591,0.8484277391121311,0.46431823539360545,1
924,7,2,3,3,2,15,3,3,2,1,53,13922.625240525802,0.1856573291737083,0.13031061424297782,27.23836552160319,0.6778144254624912,1.243162286125799,1
561,5,2,1,3,1,9,1,11,4,2,97,4806.576850431076,0.050143287595348786,0.10845460757122571,19.4740687625363,0.7486309471750414,1.1671317621304595,1
1076,10,0,0,0,1,15,0,5,2,2,105,4865.88017766531,0.19435415706391876,0.137192091931026,30.882923242495607,0.8308041879522748,0.9862891193656044,1
405,4,1,4,3,0,3,2,6,3,3,48,7593.318613461479,0.19462837385316686,0.20650400172542177,12.283420414422082,0.7194904309896352,1.1175510009019822,1
254,3,0,1,0,0,19,3,8,3,3,105,12174.920773262907,0.14790556696805798,0.11893524709311729,8.480440664182492,0.8599216336724711,0.45377320938515403,1
715,5,1,4,0,1,12,0,4,2,2,44,14106.218906640283,0.18107971994240135,0.06480035105644723,22.126743398926603,0.7893539680505182,0.5660360275285596,1
779,6,0,4,3,0,3,0,12,1,2,109,14432.508005250374,0.11015005970922265,0.15978092214220121,22.901464028721158,0.8585310581668593,0.8000312368787399,1
1091,9,2,0,0,2,10,1,1,1,2,64,6490.183777433667,0.09014468816089166,0.04564741441601229,33.72122512149089,0.7588935538403931,0.9935274673971776,1
981,10,2,3,1,0,7,0,2,1,1,143,13208.983374200974,0.06469895296077352,0.2092207476084979,29.31702048118343,0.6967361347438278,1.5668868772977413,1
993,8,0,3,0,0,8,0,12,1,1,75,11689.299192995551,0.04505271518636061,0.2091797780962583,29.983799957922454,0.8655953780228215,1.1126986216923829,1
763,6,0,0,2,2,1,3,6,3,1,106,15120.76023003342,0.04671957643595793,0.056585668644927506,22.97569541255836,0.9335126397136015,0.843528362698999,1
511,6,2,1,0,0,0,5,11,4,1,107,13274.33252627731,0.15065067321665537,0.13915963225126868,15.738037774735027,0.6895853625394341,1.045444371928599,1
574,5,1,2,1,0,8,3,11,4,2,135,10343.455410076014,0.09385194648164658,0.18353026631425862,17.49346329709732,0.7751780042418427,0.4793124983797334,1
303,3,1,0,1,0,7,0,12,1,1,77,13398.331393904991,0.048649867929160616,0.12362412635428338,8.124205738235068,0.8224767025724502,0.6134871888392393,1
576,6,2,3,2,2,23,2,9,4,2,79,7699.332336202464,0.0579523695337847,0.1261788942191661,17.19951509043818,0.7371409313111721,1.3040830227807594,1
515,5,0,1,1,2,6,0,9,4,3,115,13433.742872830431,0.14644540239425596,0.21463600063101354,14.008375073215888,0.8175133686386287,0.6851035936938085,1
213,3,2,4,0,0,7,4,8,3,3,46,13374.021697149594,0.19018883444834264,0.0814914567363595,6.275391230683138,0.697743868966884,0.981198032353677,1
368,4,1,4,1,1,21,1,9,4,2,100,14262.50308481035,0.10527651077086558,0.134735834001571,12.650029041312864,0.7919944448524036,0.38929856197231677,1
671,7,1,3,1,1,20,2,4,2,2,81,6908.752644508718,0.16442521079911981,0.06069426906415895,20.96239175744101,0.7986962340615246,1.0566297310348567,1
519,6,1,0,1,2,1,6,10,4,2,147,14188.010078462778,0.1957730896182529,0.09443922705019114,16.42741165384482,0.7694044574992002,0.872939867613233,1
1094,10,2,0,2,1,2,4,3,2,2,98,6028.602621932462,0.15332788782308548,0.19316279694806332,30.87081754595713,0.6640791918529829,1.1919848837525493,1
620,5,1,0,1,1,2,5,6,3,3,124,13262.795303882343,0.1556810293335334,0.1689607583459571,18.699851379655534,0.7539111955442293,1.028670963625298,1
1062,10,0,2,1,1,11,2,5,2,2,131,15159.009869954542,0.1385441270690752,0.1501606816412201,31.872037929387382,0.850082836080367,0.9623834821623739,1
787,6,0,3,3,0,13,6,10,4,2,56,4429.577375367568,0.19642824235014916,0.06049994169065088,23.755425218207122,0.8643823171816399,0.8791638337385499,1
217,2,2,0,1,1,8,5,4,2,3,109,11512.151764907969,0.08796896549690837,0.19312573891666332,8.170386213596629,0.6935073830138927,0.9393033987546586,1
367,4,1,3,1,1,0,3,3,2,3,114,11915.100670673957,0.16527815215371489,0.09365967349917251,10.767190578649489,0.7834779784562007,0.9143811093176184,1
829,8,0,0,0,2,4,4,10,4,3,88,13781.714830836185,0.10641248995394073,0.1362969119111472,24.63706249082373,0.8707807691607105,0.517247867566244,1
681,5,0,1,2,1,14,4,6,3,3,61,5233.880788834404,0.06486714273449533,0.0820254457174253,21.022810230690983,0.9138983351966357,0.5416549422055138,1
457,5,0,2,2,2,8,1,9,4,2,90,14913.168153744657,0.15829957995703547,0.13373258234246058,13.302212284559056,0.8485855269652267,1.2353118257240991,1
660,7,2,4,2,1,2,1,11,4,3,45,15925.445437110757,0.172704306353784,0.14118511627103195,20.273291549637396,0.6787497598188328,1.6972173577902399,1
1010,10,2,3,0,2,15,4,11,4,2,149,12065.263273916215,0.17817585911121436,0.10128431951613487,28.183041182364203,0.6942429196176928,1.7853970163967259,1
537,5,1,2,1,2,14,3,5,2,3,49,9159.195798039644,0.1875005591916132,0.13106589645272634,15.761912235969884,0.7566450949600472,1.043812041536149,1
221,2,0,0,1,0,11,5,3,2,1,55,11620.184729928013,0.15918585491706722,0.11308942765264055,8.18181481007952,0.8574761228436315,0.08680612568563162,0
466,4,1,1,3,1,22,3,12,1,1,55,4656.473396364486,0.12441896882251222,0.16554917383352546,14.265681742048423,0.7695143358047831,0.775227573951734,1
1041,8,0,3,1,2,20,0,4,2,1,62,13036.409994667627,0.19019126822392085,0.13790043996906332,31.674037765154495,0.8323587313131571,1.014427006923072,1
880,9,1,0,1,1,0,4,10,4,3,60,4839.599089832126,0.07353050818428962,0.19805369805566106,27.905472578824153,0.7777871071920223,1.0817771911121954,1
950,8,1,3,1,2,21,4,10,4,1,108,7871.09198166723,0.05236956214790608,0.048935552353670926,29.819110247185755,0.8544126984742904,0.8009809358821356,1
1018,9,2,3,3,1,1,2,6,3,1,52,5672.784674332768,0.1090601152601384,0.0447949585600632,29.972872454890876,0.7507652167809092,1.6736648828022922,1
288,3,0,3,2,2,11,5,2,1,3,117,12712.495055879139,0.13315497400726747,0.07393888348519936,9.909684230719511,0.8868077641283899,0.01,0
440,5,0,1,3,1,21,2,6,3,3,84,11133.139121179944,0.14879830159453303,0.06134378366698272,16.276089913459735,0.8854360616323179,0.7803625930909507,1
235,2,0,1,1,1,23,0,2,1,3,83,12390.445727861334,0.17046751495665557,0.13466123910333197,6.952635477740736,0.8426920606730056,0.6589526156359274,1
184,3,1,0,3,0,0,0,5,2,2,96,4774.793569086005,0.044281063193050405,0.07602412928547725,4.458509484800433,0.8458626633846625,1.0575289054151131,1
947,9,1,1,3,0,1,6,5,2,3,43,8444.876041266278,0.1683274145617187,0.04288875243887514,27.80710721436679,0.8049527248497328,1.0347368267067234,1
1041,10,0,2,2,0,5,2,7,3,2,95,8874.035994598009,0.13602058871705214,0.09087196997705638,31.956740969256575,0.8778983485876511,0.8693204073848129,1
323,3,2,0,2,2,6,2,3,2,3,97,11228.782365227224,0.19247163207003926,0.1316565467933146,7.7059495990373215,0.6741423195114907,0.9913816505453467,1
844,9,1,2,3,1,6,2,11,4,2,122,5227.968408569652,0.0956635876752639,0.16856592664947198,24.89602474414124,0.7810967185538689,1.3021287133262798,1
672,5,2,1,3,1,10,5,1,1,1,55,11766.843751070382,0.1387165535149759,0.11891106523928718,19.28847110844092,0.7040675715605815,1.1174734899853724,1
243,2,1,2,1,1,7,4,12,1,1,45,8736.382893222035,0.16264774500542956,0.21328857910784418,7.326566492035988,0.7308286541490269,0.4502538445283386,1
1022,9,0,1,2,1,13,6,4,2,3,46,14871.039562379448,0.12262326732053025,0.07590147920866727,32.650548859908604,0.8906638640618612,1.083293343734026,1
981,10,0,4,1,2,20,6,6,3,1,145,9397.709678067287,0.06494521173912833,0.13253115718163108,30.641166043720023,0.8911356339856582,1.1142306063044072,1
702,5,1,1,0,1,13,6,11,4,1,77,5224.8588837316875,0.04796796352319669,0.08557307126590591,19.137048777493895,0.8399065343449038,0.6071694072302948,1
831,7,1,4,1,1,7,2,8,3,3,65,5240.824254127507,0.05782410581426753,0.18520022356321053,29.30954980743413,0.7906390517801349,0.7573320044404392,1
545,4,2,0,3,1,13,4,1,1,3,54,7051.546876818615,0.1191847331756444,0.07379652299298275,15.922280911310462,0.7331584347241177,1.5907451615084724,1
909,8,2,0,3,1,14,2,8,3,2,68,6877.739553162927,0.14233740376100676,0.2130881957547056,25.104545997485957,0.6600584802179293,1.5644480526071909,1
589,4,0,0,3,1,21,4,7,3,1,88,13560.234446154454,0.13128337053058892,0.16898916921200893,15.853942680378736,0.844877357115831,0.7577366658686432,1
1090,11,0,2,3,0,22,5,12,1,2,146,12668.662596606333,0.15406658269478116,0.14023571460583992,31.845256831196863,0.8475639662147205,1.0632918431169964,1
238,3,0,4,2,2,6,1,7,3,1,123,4920.072636550806,0.04623914297191442,0.13582265272018768,5.845580445475172,0.898072191938554,0.7299157800129332,1
338,4,0,0,3,1,22,6,12,1,2,133,14217.20859947903,0.06181451544465562,0.10524464246165272,11.110292071276453,0.9048233789421612,0.16080066828420364,0
1071,10,0,3,0,1,19,2,7,3,2,45,5153.560537221223,0.16178241743177435,0.04378469082988081,28.983908602221533,0.8874948012822551,1.1300079089369293,1
445,3,0,3,1,1,3,6,3,2,3,103,13427.533761528972,0.16498917895640927,0.2047222778655948,14.089227452541799,0.8136298444300981,0.7448484492574067,1
465,4,1,1,0,1,13,5,7,3,1,94,5339.405153225792,0.15236701349083726,0.18308872051159744,14.814131985096973,0.7490449196989044,0.5857528094553424,1
907,7,0,1,3,2,3,0,12,1,2,61,8516.300128205874,0.15926880692243342,0.06427445483171453,26.12064604671226,0.8794055322106334,0.8602873903916551,1
354,3,0,4,2,0,11,2,1,1,1,94,13011.167467993464,0.1941504138403728,0.06197432911469601,11.614644826794155,0.864743865670219,0.4713930395307967,1
652,6,0,3,3,0,1,2,5,2,2,104,7043.619889806814,0.19107498780048493,0.0954581209327508,18.24660357991379,0.8510601010700439,0.5872955776577518,1
443,5,2,1,1,2,7,5,1,1,3,40,5359.959298809548,0.14311709450410892,0.17736509273784043,12.647106998601602,0.6757830157411228,0.9789402032527079,1
362,3,1,4,1,2,14,5,11,4,1,147,13446.34319800196,0.09109353259801156,0.1305697054336194,11.385775266526402,0.800251542885766,0.4308299875945735,1
1067,10,2,2,2,1,7,0,7,3,3,121,12291.706860720016,0.04225758254014883,0.15775777900541102,31.82749787742723,0.729993087304498,1.740710734644881,1
363,4,0,0,2,1,0,5,9,4,3,141,14695.215193898408,0.14105729934542122,0.04111497039945979,10.402503475745966,0.8980224786148036,0.8348839395422978,1
266,4,0,4,1,1,9,1,12,1,1,49,11698.630352560713,0.10900861549393084,0.20626681867173868,8.463758781744435,0.8381260546254488,0.40849268839286684,1
800,7,1,4,1,2,12,2,10,4,3,46,4887.408639357213,0.0635243922877138,0.06982344633179999,25.43514889046968,0.8399934726212188,1.4011430748492497,1
977,9,1,2,2,1,18,1,5,2,2,142,11663.616004285508,0.074441239680735,0.09740222955913216,30.846520704444334,0.8226704388420598,1.159194015898313,1
297,4,0,3,0,2,3,1,12,1,3,142,13870.084861966041,0.18984469054559805,0.21048710173467752,9.927141100448491,0.7998506934738759,0.7026491386309628,1
831,8,0,1,0,1,11,3,6,3,2,110,5004.142540640392,0.05059560650496199,0.17192083634323704,24.641903498305787,0.8798676007183104,0.517413606305547,1
677,5,1,4,0,1,4,0,12,1,3,62,5628.31963042452,0.16599532409805864,0.13199200698216607,20.44148486365076,0.7659057010138989,0.9270859729272111,1
943,8,0,1,0,2,3,0,12,1,1,71,12130.807083836618,0.18432789298337207,0.19532488257461283,26.980852652212867,0.8091562509989068,1.1596306819135083,1
296,2,1,1,0,1,2,5,3,2,1,127,13495.965732700106,0.15013560394852538,0.05102721520883863,9.992211637425712,0.8094767313791862,0.3814081320123508,1
1077,9,2,2,0,0,18,2,10,4,2,141,8237.812952484444,0.04981466261049622,0.05373270992989596,33.08261511622948,0.7734036823568234,1.1662513795147413,1
749,8,1,1,0,0,22,4,9,4,3,113,12823.139214241186,0.17533646765075364,0.06792896539012709,25.228434202146648,0.7905305551316038,0.8693857393733017,1
954,9,1,3,3,2,15,6,10,4,2,84,6008.418790523916,0.14452623056974592,0.08762278597055599,27.742650951901282,0.7955329425568641,0.42110557692638984,1
513,4,1,3,0,1,9,0,3,2,1,130,9328.063769076703,0.08432526389950208,0.16762534023102357,13.988442938536362,0.7866222281412635,0.9764210683524523,1
1047,9,2,2,2,0,22,5,7,3,3,68,12975.688705814302,0.14074486125696217,0.1358351732408974,31.814220585844634,0.6955389844759632,1.601099083293033,1
756,7,1,3,0,2,11,0,2,1,2,54,6387.833845069083,0.061846845594908634,0.11668802499667119,22.366222077125745,0.8196593082337891,1.1819047560304348,1
296,3,1,2,3,2,12,5,11,4,2,82,8186.756146088498,0.15322360847410585,0.18086592836812082,10.188656679284833,0.749659708420998,1.050707797650176,1
1029,8,2,4,0,1,15,2,11,4,2,91,11548.789984008079,0.18447929890538184,0.09708890770511422,31.86019941094201,0.6932943070252767,1.4156607797140595,1
912,7,0,1,2,1,15,0,7,3,3,107,8151.942499447575,0.1234690023389399,0.05538234260133483,28.843365647701148,0.8995168947768764,1.2746531427567844,1
456,4,0,3,2,2,11,1,2,1,3,115,14489.899254577143,0.19233695216707164,0.11141794899708385,13.670077957227752,0.84331029447613,0.50832844120883,1
682,6,1,2,3,0,11,2,8,3,2,119,15480.713382271479,0.11009519485126851,0.17795402924009912,21.40382996254551,0.7703778491588846,0.9167109055530441,1
537,6,0,4,2,0,7,5,6,3,3,62,11707.474138199315,0.17721072508503274,0.12533542873087894,15.911227546095274,0.8438542307828397,0.6948125044204942,1
680,6,0,1,2,1,16,4,10,4,3,112,13388.802870315181,0.1637837465403638,0.2158866278494663,20.555394843457908,0.8091483315245764,0.8534666453885268,1
1068,9,0,0,3,1,16,5,2,1,1,44,14880.357977030195,0.05414872229492504,0.19410291464505286,31.64113876078306,0.8682867633770099,0.8945124376511119,1
1007,9,2,4,3,0,10,0,5,2,3,141,12422.312051196697,0.18602441246924065,0.18237169452086424,29.97187184732794,0.6542217518544527,1.533031329254584,1
378,5,1,4,1,0,17,6,5,2,2,88,13279.770129203936,0.18566842461465813,0.17917250795290215,14.13606846127374,0.7358215803445979,0.7611046081103849,1
1074,9,2,3,3,2,3,3,12,1,2,145,4962.630415138374,0.09622653854331206,0.14460233251059654,30.252661990017163,0.7116270080257411,1.4430560125454686,1
582,5,0,2,3,1,9,0,4,2,2,135,13885.152223108533,0.16695022106804192,0.20220694637989511,17.309815598330417,0.8138792746484284,0.2074708904110979,0
828,6,1,2,2,2,23,6,12,1,1,61,7294.775312403516,0.07594199119766834,0.14617698025904016,24.25399830593864,0.8000464628444812,1.280243506304531,1
883,9,1,3,3,1,17,5,12,1,3,52,4849.65428964885,0.04486289374527429,0.10705657122144213,27.608803056660232,0.8316362407649777,0.8970196233864755,1
624,7,1,3,0,1,17,0,8,3,3,140,11073.658261618248,0.07326994097867201,0.07526224721068925,17.904445855462036,0.8331605153147874,0.8500913351614257,1
600,5,2,1,2,1,20,3,3,2,3,94,6721.443636261583,0.11743805426299525,0.18635708434029366,17.430691513363026,0.68329218762852,0.870064973767559,1
599,5,2,0,2,1,14,6,3,2,2,51,4958.162329505027,0.049242800557390644,0.10680471398074151,17.048237817719013,0.7497786184578404,1.148321674120119,1
973,8,1,0,3,2,15,4,1,1,1,106,11314.737225131934,0.06560098929782465,0.1823625821901965,26.102969013523122,0.7884163928303904,1.0052083642872065,1
535,6,2,1,0,2,11,1,10,4,2,145,5182.627901282876,0.19207007894105335,0.21694050763731157,17.873921017814368,0.6359452360397357,0.6277813109280915,1
437,3,0,3,3,2,19,4,9,4,1,106,14646.7303556807,0.11901454578666582,0.11176718773145375,10.936081204972048,0.8761482199168462,0.7072936022640487,1
512,4,0,2,0,2,17,1,4,2,2,68,15631.269797722985,0.17169608476503426,0.10133342879442252,13.149821645080598,0.8571367188982444,0.49973482156545224,1
359,2,2,3,1,0,12,2,9,4,3,77,12858.307964219694,0.07305963987881439,0.07061670144493051,11.384522048702735,0.7553456464043148,0.8735452664562016,1
540,5,0,2,2,1,3,1,7,3,1,69,7451.958901576438,0.05416347089452442,0.12556328820480156,15.808700208011397,0.8991229584053033,0.8413368711949911,1
284,2,0,1,1,2,19,4,10,4,2,99,10750.492632768812,0.1648876889617154,0.15772332318092816,7.913343336303877,0.8348250445358104,0.2657691283660024,1
262,3,0,3,3,1,7,6,2,1,2,86,4376.628245839585,0.09581341257581907,0.09630161268354695,7.757272960908654,0.8935482386332853,0.48164010952132885,1
845,9,0,3,3,1,8,0,3,2,3,77,11456.79420284308,0.11356870965720359,0.12741980961448546,27.126086923969044,0.8715551663277399,0.7757686120434217,1
251,4,1,4,0,0,2,4,10,4,2,59,7166.089146361002,0.19874064407289177,0.13667310373027808,7.543077864630799,0.7490638134885736,1.0720074652429679,1
702,5,0,4,1,0,5,1,5,2,2,43,9460.291382795276,0.09064489214787567,0.08954272145786263,21.187763031634617,0.8989155738774177,0.7669427505831187,1
897,7,1,1,0,2,3,5,12,1,2,131,6146.4168335346185,0.11570332676586517,0.04423205931530074,25.035851853502383,0.8280290762634753,1.057916255016956,1
846,7,2,3,2,0,2,0,11,4,1,128,15838.619981420652,0.1415698130748419,0.07881230515616358,25.459212028858687,0.7208280467960475,0.986547745339459,1
590,6,0,1,3,1,0,2,2,1,1,53,6489.094706747817,0.054251004916496925,0.1845669345362296,19.009545773732743,0.872531927246273,0.8690215130960688,1
358,3,2,4,2,1,7,1,5,2,3,65,9003.221300595233,0.15462913648233667,0.0900512217637551,12.307168303818017,0.7098938387892586,1.2688077726013613,1
1036,9,1,3,0,2,18,6,9,4,3,88,7055.208758158932,0.11227696324400571,0.042487947891980675,29.004202570481254,0.8303557899888061,1.0722319101479965,1
948,9,1,4,0,2,20,0,2,1,1,105,10499.05130970031,0.06800231640539639,0.11649075820333604,28.19133216694881,0.8169781164260704,1.320075699034685,1
743,7,1,1,0,1,5,4,11,4,2,139,14864.106007181917,0.10888669755207236,0.16284482343195586,24.27066772480666,0.7777208155571873,1.1677661464759537,1
259,2,0,0,1,0,10,0,2,1,3,116,5960.66156690135,0.11370685561624214,0.17543369913495044,8.722032164023233,0.8498867503619634,0.9157047634790781,1
212,2,0,0,2,1,19,4,2,1,3,109,5689.754571473036,0.14251791598533145,0.11450170120335279,6.140132993164958,0.8643411722650921,0.4583576927377334,1
470,5,1,2,0,2,16,5,7,3,1,121,4888.781644880695,0.18994141062184544,0.14293451046761094,14.37299194439462,0.7502058355097446,0.9532594568910872,1
324,2,2,4,3,1,21,5,3,2,1,106,11072.215688051585,0.1624104942179214,0.1741914852750232,9.682738255601544,0.6685291092281749,1.0203202037159345,1
971,9,1,3,1,1,10,0,8,3,1,142,11224.923758684501,0.10119200646565676,0.20006347042311676,28.705053564411184,0.764435035400052,1.2580685850281927,1
369,4,1,4,2,2,4,5,5,2,2,149,13856.684515832438,0.19514371444411616,0.1551818624606653,11.96710669048685,0.7423534903928484,1.1597471872968208,1
440,3,1,2,2,1,3,2,4,2,3,89,14031.535973008215,0.16653298757172752,0.16435529820705466,13.367557966257381,0.751100271399548,0.6180242473400398,1
1077,8,1,4,2,1,17,4,11,4,1,42,5223.30942805031,0.04447228897161946,0.057761523009182636,30.204368268465174,0.8539947846086391,1.4540568436394092,1
932,8,0,4,1,1,0,6,2,1,3,149,14926.304206538538,0.05865382622721517,0.11568105178319749,27.13858938346951,0.9015493048953143,0.5929251808296206,1
381,4,1,1,1,2,11,0,6,3,3,75,13952.597277793282,0.07488178592716538,0.20001259297406515,11.081411408621921,0.7762975294944463,0.974702672833342,1
532,4,2,4,1,1,8,2,3,2,3,69,11766.964875004021,0.05336057328109854,0.06892961007008408,15.293372842776764,0.7649694174919678,1.3213937201366943,1
654,6,0,0,0,0,22,6,2,1,2,53,8164.721321444477,0.11766835507471707,0.09579269580424768,19.93437795987756,0.8839425271044659,0.816893234918521,1
791,7,2,2,1,1,23,0,3,2,3,123,12947.032213857217,0.09451488675074662,0.1620334415936443,23.83235838567135,0.7045532522450241,1.3610712212467369,1
1041,9,2,2,3,2,11,1,4,2,2,60,11448.08462757221,0.19566807419701734,0.20237331351684176,30.131029892425882,0.6408813755287633,1.6907296270518841,1
981,10,0,1,3,2,13,3,5,2,1,146,8236.557369923248,0.11563777556018767,0.05062726599485078,31.424119143851154,0.9051807313002327,0.8756176695770703,1
1079,8,1,4,3,2,9,6,6,3,3,63,4159.068578555911,0.07394477762811745,0.19668855575478664,31.60080424349212,0.7782149999776932,1.0815961357665858,1
217,2,2,3,1,2,18,2,2,1,2,47,11109.531719592505,0.19531693507858844,0.07965808849891862,8.266869191724338,0.6962612393901217,1.0360505642718736,1
397,3,1,0,1,2,7,2,1,1,1,108,10917.892053844547,0.12222108662785083,0.19495404596202306,13.375592449550954,0.7572711903345568,0.7880052204225431,1
697,7,2,0,0,1,17,5,2,1,2,62,5854.93572003782,0.05168956341386563,0.20006240169219391,19.871061464639496,0.7067116157022731,1.398790641489858,1
225,2,2,0,1,1,21,0,8,3,2,69,14875.91387678744,0.0529399393629639,0.179586836561302,6.132646240918011,0.7153629508340803,0.7564689570978238,1
506,6,1,1,2,1,4,2,12,1,3,51,5911.316865328685,0.14804682911094047,0.2062869789283976,15.215071059843126,0.7405497863822978,0.9723377975305959,1
321,2,2,0,1,2,5,2,1,1,3,113,7445.1537806412925,0.11916734224440242,0.21300845600663398,9.623341069054986,0.6705208907870336,1.0070702543102887,1
1038,8,2,1,2,1,9,2,1,1,1,64,8463.856534282811,0.13987693031182333,0.2065334984946407,31.38748027612853,0.6641153070370911,1.5927627143842908,1
238,2,2,3,0,0,19,4,10,4,2,121,12195.587862553984,0.1759456013107544,0.13236323265238284,7.239469506804002,0.6812610247165882,1.1603161946154452,1
316,4,2,4,1,0,15,1,9,4,3,68,4979.681510306877,0.14902137775619315,0.12346181736834841,9.254703630755285,0.6973825621939562,0.7986925199240349,1
359,2,0,3,1,0,4,2,9,4,2,84,12428.49324939215,0.17788637728407658,0.05893712679649518,12.229292842798609,0.8734294231637427,0.6707018761162137,1
316,2,0,2,1,1,8,6,3,2,3,94,8973.733171939772,0.15883015839282397,0.07889637441330406,8.589677596221742,0.8730230602372424,0.43113002385542626,1
703,7,0,3,0,2,15,5,11,4,3,98,6195.355062972218,0.147903960479025,0.15742576944332357,22.190194243986316,0.8426016215349431,1.0833969057417465,1
515,4,0,4,1,2,23,6,8,3,2,131,5344.96560624804,0.06155179861690448,0.06292152807628967,15.108036455150136,0.9239870029880626,1.048393021858348,1
1019,8,2,0,3,2,10,4,2,1,3,54,8948.032030751834,0.11725241805999012,0.20962849531574732,29.937589217979824,0.6729035889809181,0.9022158162383956,1
419,5,1,4,3,2,1,4,2,1,1,65,9351.793300324854,0.10929483082674785,0.08086827916213955,13.834818590958067,0.8144266005050007,1.2281651958098774,1
674,5,1,3,1,0,2,1,8,3,1,122,5647.618400447359,0.12651125572829902,0.055827578146769447,21.58844527802934,0.8179475247562192,0.886171389957243,1
787,8,0,1,1,2,0,1,10,4,3,134,9789.589911431904,0.10258285762639083,0.08234415607791226,24.27651611702333,0.8967828438330636,0.6248187483992649,1
755,8,2,2,2,2,3,3,10,4,1,86,10029.263237200052,0.13926995975688988,0.04880408611307384,22.481820619434213,0.7353666793585163,1.196646740005701,1
912,9,1,2,1,2,9,2,8,3,3,40,15772.126213472862,0.10279293990979788,0.06989613253607278,29.376087023372396,0.8222899173993582,0.9203028764975689,1
365,3,2,0,2,1,6,5,7,3,3,131,12559.651637801351,0.1292188617593363,0.14578313144320032,11.397876596065924,0.6962491030588585,1.0377845276021251,1
646,5,0,1,1,0,7,0,9,4,3,107,4146.0273298338025,0.10318004958125604,0.09204941894695125,19.204435278312786,0.8921467391623067,0.352071546595092,1
916,8,0,1,3,2,18,6,2,1,1,97,9722.41839734486,0.18428277653167613,0.18420887658786636,28.538472705316593,0.8141787560962059,1.3085400293122278,1
973,9,0,0,2,0,11,1,5,2,1,82,4259.077981558115,0.09974650891197065,0.11285207232263339,29.591925653520573,0.8843306384444282,1.0228110099452394,1
748,8,0,2,3,2,17,2,2,1,2,116,10134.555690857487,0.156949201237237,0.16851362983747772,25.832553551409827,0.8335417260163783,1.0020665517728062,1
779,7,2,2,3,2,13,2,11,4,1,71,8055.245248763298,0.1381976271102493,0.16749289979117335,23.302228606844345,0.6824392628943597,0.8484684960256137,1
975,10,1,1,1,2,4,6,8,3,3,79,14842.0814447152,0.10168376447069344,0.06444008338152708,31.037478486838967,0.8252442684665008,0.8622177647076804,1
754,8,1,0,1,1,22,5,10,4,3,124,9919.46794486294,0.16922097095160518,0.05018464909568395,23.572491084849652,0.8012674709787199,0.9643327587596604,1
1052,10,0,4,0,2,11,0,6,3,3,80,14198.851144184551,0.18841074710538747,0.19155891819628157,32.21063211208762,0.8090136506142489,1.2497446864438027,1
297,2,0,3,2,2,20,5,12,1,1,144,11006.469094254677,0.1616774931113415,0.16615318041301003,8.181297178222717,0.8324761969140417,0.8366505386952573,1
500,4,2,2,2,2,2,4,12,1,1,88,8758.158224784123,0.1917740873415103,0.07149656365526613,14.32935752641777,0.7015282070514506,0.3870989927344175,1
283,2,2,3,1,1,20,0,8,3,3,101,6756.483637650137,0.10980907069835621,0.16239854142073637,8.843326475931166,0.6975065745464083,0.7721682225439472,1
263,3,2,1,0,1,17,5,11,4,3,109,6197.8851519805285,0.18619840906364615,0.0993042363418143,7.079139063035386,0.6915238095675428,1.1201179870946785,1
614,5,2,1,3,2,5,0,8,3,3,116,13534.555554418253,0.18019567535274478,0.05021573504553575,17.467236185077,0.7163148653207737,1.0530322315708456,1
387,5,1,3,0,0,19,2,9,4,2,95,14595.838684974697,0.16198197045283821,0.08117729096754071,12.202568492803845,0.7905783323608295,0.7049751452196293,1
554,4,0,3,2,0,17,1,3,2,1,79,7889.020840331303,0.17363211122461275,0.1760448734603235,17.667394687664945,0.8226453568917786,0.3085653204096297,1
582,6,2,3,0,1,21,0,12,1,3,128,9935.35029085855,0.1568213823376449,0.11033090469207593,17.812428019745475,0.6997814708366256,1.4794677915174115,1
751,8,2,2,0,1,5,3,3,2,1,118,7450.019314205705,0.12196935396612002,0.13807516351674035,23.040787480010017,0.7029799671327128,1.186148335524493,1
1050,8,1,0,3,2,21,4,9,4,2,46,9463.532814010625,0.12838706418271043,0.06457759226862386,29.561240549116288,0.8131659045968996,1.4164756454294636,1
961,8,0,3,2,2,18,3,8,3,2,108,14433.896477338629,0.10682988442624808,0.05667888163652034,30.52429849671384,0.9064210552717542,1.3513624422249662,1
528,5,2,3,0,0,8,2,2,1,2,139,5655.694660018971,0.14628683015825072,0.08306540299145963,17.22327600863729,0.7167914950826303,1.4268942749602043,1
479,4,2,2,0,0,8,3,10,4,2,101,7497.832321940286,0.09196638044537722,0.12505677678115867,15.668908969836234,0.7223395792480588,0.9898368298104788,1
889,7,0,1,1,2,6,1,1,1,1,141,12343.258845393431,0.1583455163937593,0.1924584109048717,24.45155212176268,0.822138232715616,0.8335290540720489,1
293,3,0,4,2,1,11,0,7,3,2,82,7727.50936701592,0.12081845769047894,0.1774104909482724,9.332389819134255,0.8457969731125619,0.4740457876963162,1
677,5,2,1,1,0,21,1,10,4,1,66,4973.874069132044,0.09651006644893614,0.06881159403823742,18.689883896155862,0.7456052527807718,1.5390057801858328,1
569,4,0,1,3,1,20,0,2,1,1,94,8492.863374208322,0.06355646691284411,0.052864889431285464,17.499639515067827,0.9276103896451416,0.4855143079210648,1
348,4,2,3,2,2,3,5,5,2,2,51,12116.704003131825,0.08088414543965744,0.08059139417843245,11.143925357612112,0.7473360071718596,1.2883576046491942,1
747,8,2,2,2,1,3,4,7,3,1,47,15808.059215216064,0.1424320580690762,0.19341912724684793,23.48049112660834,0.6688669666078341,1.4716562306083572,1
475,3,0,2,1,1,1,1,12,1,3,102,14705.7159397203,0.09917588888880051,0.1328525488249907,12.840067195562344,0.8755872030287939,0.47224365274466745,1
350,4,0,3,2,1,14,3,5,2,2,43,10742.534027360327,0.04530706019069136,0.18524246463565827,9.56271296795615,0.8762527138281426,0.5241598338920277,1
780,7,1,1,3,2,7,3,2,1,2,47,13327.997602105961,0.09275808475392346,0.10652479616851446,22.55744223207451,0.810322703584903,1.329964830877155,1
340,3,1,0,0,1,18,0,2,1,2,90,10856.658105313853,0.09861723183671375,0.14627975703243531,10.516728929063285,0.7897963550088829,0.6692994684535878,1
799,6,2,0,2,2,18,6,3,2,3,65,9926.765032041349,0.0774881409232323,0.1470519117241355,23.13564061520132,0.7189569763086845,1.094452176137382,1
329,3,1,4,3,2,4,6,11,4,1,59,6047.591243705916,0.08581040459801817,0.15281105712062001,10.161686771054011,0.7926203422266128,0.6510002722775907,1
579,5,0,2,1,1,16,5,10,4,1,95,7506.034209515801,0.15278838851661639,0.12462722943454058,16.00807655166577,0.8551629719219793,0.7896481223056018,1
923,8,2,2,3,1,18,5,6,3,3,76,9425.282686576971,0.15940263262085583,0.08306312822368149,27.481630450596487,0.7108904076199581,1.2459095410754504,1
390,3,2,1,1,2,23,3,11,4,1,107,15827.243751645441,0.19342383455870865,0.11712727283691546,13.137281582199618,0.6802520016719691,1.1720753985183925,1
886,7,1,3,0,0,17,5,12,1,3,86,11302.748642781933,0.05889412247526375,0.21545652216002434,26.514592595983714,0.7765422099141204,1.763375137003362,1
844,8,2,4,3,0,8,3,11,4,2,61,15338.544773177104,0.08987600069900462,0.08898020524488792,25.884415352108338,0.7395147073252483,1.4704735501404937,1
1010,8,2,3,1,0,23,1,1,1,3,117,7104.19506864693,0.052327124156933656,0.17046909991329956,30.26243957735085,0.719741699168395,1.853794653354017,1
335,2,2,2,3,2,6,1,2,1,2,142,4827.655087847359,0.13812859742427488,0.21005124760084037,9.001473840496077,0.6633190697386981,0.8524729872070438,1
837,7,2,2,1,2,19,5,9,4,1,119,15740.500919344966,0.04262212692860892,0.14192602128630152,26.784403830245083,0.7369533333032903,1.4821780422315216,1
1041,10,1,4,1,2,9,3,5,2,2,59,7955.491470186826,0.07285701461494903,0.12808047721014157,31.823165676262526,0.8095781286787093,1.6776529089636343,1
881,8,0,4,2,0,22,5,2,1,1,101,10423.67342967575,0.1339168071537523,0.06175080305720787,26.596851637870834,0.8919495754050679,1.2728109161359855,1
352,2,1,1,1,0,18,1,8,3,2,56,4853.715336186311,0.09739818357683075,0.17558809411867338,10.887525953582362,0.7771561750370232,0.973610226585067,1
936,9,2,4,3,0,14,3,5,2,2,42,14324.698522115445,0.1271002014545172,0.2040683825295538,29.360411587265002,0.670974137207168,1.508301344430538,1
278,3,2,4,0,0,5,0,12,1,1,57,4008.161071536108,0.1424380013542777,0.2165232667688606,7.021064558622153,0.6584674293445877,1.2642196855141488,1
721,8,2,4,0,0,4,1,7,3,1,129,14872.142724035475,0.17423041085733504,0.07629835019579563,22.24131994644993,0.7072620575260912,1.0736496175603956,1
637,5,1,0,0,1,22,0,3,2,3,142,5984.450368927896,0.10286003541072256,0.20560997434263178,21.445375534290957,0.7611884956109906,1.2964083144690008,1
668,6,1,0,1,2,19,1,12,1,1,105,6201.739343666262,0.0846235063421792,0.10664823178755903,21.965323490852242,0.8139277178416178,0.6703612471459804,1
657,5,0,1,0,0,12,4,8,3,3,136,13909.593418683357,0.12620882136188763,0.15144745240055915,19.16179069961043,0.855054676806899,0.9787646552989204,1
208,2,0,3,1,2,21,0,4,2,2,85,8634.765076710428,0.05114900922790863,0.08025711452020008,7.14728332652371,0.9208672443133511,0.7042769125474937,1
647,5,0,0,0,2,18,1,2,1,3,43,7072.213905943612,0.04670627564187253,0.08471015882644581,18.634385571445044,0.9208626044892567,0.8722400105858171,1
1041,10,2,0,3,0,9,4,7,3,2,139,11157.292432829163,0.11235795760158376,0.15141246848679638,31.819134023492012,0.7013033082602289,1.8978395531748875,1
581,4,2,0,0,0,19,1,9,4,3,119,7052.937739297291,0.07489260000531635,0.12726991846446908,16.33949485684171,0.7290268666885965,1.218489003461064,1
434,4,0,0,3,1,19,3,11,4,1,112,7438.5688508400135,0.041154652034138886,0.2135916997040178,12.450714350940775,0.8653641417178295,0.18847385243169879,0
1095,9,1,4,3,2,11,6,2,1,2,48,4546.604007531867,0.14869927368102137,0.08760350574490512,31.70556394063622,0.7936637492583332,1.5269726882410404,1
271,4,1,3,2,2,0,5,6,3,1,145,10472.935355912497,0.1705848858792687,0.19804659912510178,10.750364516146858,0.7341158317480333,0.42202174277201987,1
627,6,0,3,3,2,17,0,12,1,3,48,5553.0292685268505,0.06366057127295155,0.12288544081447439,18.32346153590297,0.8960542945606583,0.7641452521699682,1
651,7,1,1,3,0,8,1,8,3,2,41,14045.456535210798,0.13022436387222366,0.06421973181346666,21.301703957897974,0.8125001569414394,0.7869729936176246,1
619,6,1,3,3,2,8,4,2,1,3,48,13012.241622184778,0.1974375924514046,0.08304280883396255,18.171478380273218,0.7737838194215848,1.2191124414701011,1
1027,9,2,3,2,2,17,2,12,1,3,143,7425.511296391123,0.08300090934379846,0.17602593116973725,29.97094807522165,0.7034379217689088,1.336481908387333,1
568,4,2,2,2,1,19,2,9,4,1,131,10405.34292818059,0.15693035713920644,0.18879407477758642,17.01465492459472,0.6644240056374432,0.957368961964184,1
1075,9,0,4,1,0,2,3,6,3,1,52,10928.522698162937,0.06593641241815251,0.04712140108624105,30.330994125768214,0.9291239839230229,1.1217697188424438,1
241,3,1,2,2,0,19,4,10,4,2,87,11997.420341005283,0.18913487705331672,0.11380533458085271,8.339705021373131,0.7636769047646238,0.9850008626090814,1
855,7,2,1,1,0,7,3,8,3,2,98,9027.04914902079,0.040069373629716,0.12895107708356104,25.136644232833866,0.7439407971790253,1.190704524976138,1
725,7,2,3,0,2,13,0,4,2,3,101,11830.386057709176,0.08715682883670556,0.15070600401831036,21.218036091931175,0.7129617252152428,1.9130255298491257,1
401,3,2,4,3,0,20,0,10,4,2,62,6032.675979835096,0.19622920294773405,0.15711108547002045,10.834050545643894,0.6609968702120104,1.0084595818012347,1
389,3,2,4,2,2,5,0,4,2,3,43,9652.224778787851,0.14731043808026056,0.1895005724550866,13.802445501054594,0.6684350452590937,1.3288387945798945,1
842,7,0,2,2,0,5,1,3,2,3,43,5128.07520586776,0.07389529590373446,0.08921012149009488,24.91672233135495,0.9066025621727768,0.8659035932781994,1
766,7,2,2,1,2,23,5,8,3,3,139,15292.837655986354,0.16661849309063057,0.060147063807589586,22.866120615870408,0.7179554993958008,1.218552479361122,1
742,6,2,4,3,2,8,6,1,1,3,108,8816.912419437369,0.18369369272965325,0.07356761925534683,22.973857575458993,0.7042324096067499,1.689477976502241,1
226,2,2,3,2,1,22,3,8,3,1,148,11409.298001967933,0.1179633873179689,0.20863232160986822,5.737393542601216,0.6730319309824733,0.7461037968057845,1
730,7,2,2,0,1,8,0,7,3,3,134,9877.796105851483,0.0649637845132233,0.13840278312608578,23.371683424849103,0.7284850445623109,0.7148787242384991,1
1082,9,0,1,3,0,14,0,9,4,3,65,4321.810772102617,0.0813748835572496,0.0794370806318298,32.030793840167924,0.9076346161149142,0.8767737846502227,1
195,2,0,4,3,0,12,5,2,1,3,49,4752.561974506824,0.19089825876731847,0.18145565906775868,4.271055181794044,0.8124407369742153,0.477830885640549,1
611,6,1,4,3,2,23,2,7,3,1,112,7174.674970938773,0.06577644752730676,0.14566133209226442,17.842355262714218,0.804852999171193,1.3202993924638415,1
634,5,1,0,1,2,13,6,6,3,3,64,12099.220712344326,0.08990509391230907,0.1061190038169526,17.370021435288933,0.8117891560218322,0.5533580777159417,1
1005,10,0,0,0,2,12,3,3,2,1,114,11697.216079308997,0.06328602793938073,0.04329445543518328,30.544752787415998,0.9320387824814462,1.0416930176657049,1
440,4,0,0,0,1,11,6,6,3,3,146,6255.339894906742,0.056896945787285276,0.18090156286783818,12.226638057300837,0.8729906711051945,0.6133418895557154,1
617,7,2,1,2,0,9,0,12,1,2,146,9863.358556938905,0.12352400937440938,0.16913948185541103,17.952400761954927,0.6883014289465808,1.2367524454850556,1
839,8,1,0,3,0,10,6,10,4,3,67,8404.734604752215,0.10347348660711275,0.0871791973018348,25.629589046222492,0.8142062922409736,1.2267747880201427,1
235,3,0,4,0,2,11,3,2,1,2,93,10822.531283866367,0.047386949891887686,0.08781159533859856,7.436931439516009,0.9191606546462812,0.5220744057166975,1
917,8,1,4,2,0,18,3,11,4,1,117,8016.235855379073,0.06323118027303293,0.08886784531103731,28.78256714165443,0.8315554384871684,1.1511233968626715,1
936,8,1,0,0,0,1,3,7,3,2,66,14754.377210126928,0.046025340733993655,0.16067556035576602,29.229399345192423,0.8069845945096081,1.1320449780896957,1
842,9,0,4,3,0,12,2,1,1,2,101,9669.023108464546,0.04393439194208419,0.0929519111043941,25.83153518346816,0.9184011636290847,0.8793688261145882,1
776,6,2,0,0,1,13,4,12,1,2,79,9118.934044081834,0.06855521500914044,0.09586529590575646,23.42063051154605,0.7460107700882963,0.7830610948259119,1
867,9,1,3,3,2,18,5,7,3,2,103,12439.915530013632,0.1589838867761133,0.10779141890037983,24.726756208817072,0.7799511124455781,1.1515355548970985,1
899,7,0,1,0,1,15,5,11,4,3,110,13368.25288502256,0.042363194913457324,0.21643623872908166,27.293143870235575,0.8635402548608574,0.7991763579723423,1
1011,8,0,0,1,2,10,6,2,1,2,136,9250.632522309483,0.0887163879776254,0.1228177132494476,30.298104959511623,0.8848096544478171,0.7758647679159483,1
573,4,2,2,2,1,2,2,3,2,1,91,5307.522364939534,0.13036609136605315,0.10792756395789829,17.823842902003005,0.7127678551042218,1.0143067499479006,1
599,4,0,4,3,2,8,5,11,4,1,71,5021.068176828365,0.15899257094975103,0.12460413597599146,16.995685428861098,0.8523814818834159,0.8573317118900184,1
766,6,0,4,1,0,6,6,3,2,1,48,7922.491450826376,0.1484627038334487,0.1694566308724323,22.20087789065868,0.8369362993823535,0.8204488795817643,1
357,4,1,0,3,1,4,0,7,3,1,116,12790.98731341595,0.19814791068809906,0.1990643323539142,10.645214235936184,0.721254490631094,1.0040938679853952,1
967,8,1,4,0,0,17,3,8,3,3,128,11843.665406012093,0.0841003619874525,0.21834432692470998,30.368869472952195,0.7638998899895268,1.4684060373505383,1
888,9,0,1,1,2,11,4,12,1,3,85,7452.824252588232,0.04002219648041514,0.12749156116062058,27.307928518426753,0.9046188090615339,0.30944939553017947,1
760,7,1,2,3,1,19,3,5,2,3,135,4052.720507581701,0.0461150841405982,0.12282574611581054,21.00484739777519,0.8239766263846161,0.6485314993226178,1
457,5,0,0,1,0,3,0,10,4,2,92,11712.071197487117,0.055602993667204004,0.09945608504680406,14.799573375821131,0.9102234145786964,0.01,0
499,5,1,4,2,0,23,4,9,4,3,92,10772.804127957213,0.19603803017344062,0.18023667063306062,14.575621143699419,0.7306763846370744,0.9241294780806049,1
580,4,0,3,1,1,11,2,9,4,2,45,13269.870297823501,0.13120772708827966,0.15800551023968978,18.16465483719879,0.8498540432024138,0.6431634189515302,1
789,6,1,3,1,1,6,4,7,3,1,97,12233.989973604215,0.1678989654276685,0.10540561244310356,23.80965908213451,0.7770129399581526,1.1303631112204986,1
895,8,2,3,3,0,8,0,1,1,2,105,6962.803287218012,0.19761264256013128,0.13333750268733424,28.241164677769476,0.6710724346386405,1.6260181966472156,1
798,8,2,4,2,1,20,0,4,2,2,94,12794.792440407793,0.1750828615822524,0.07704773919132953,25.446631199614536,0.706541229651888,1.3933199402301402,1
1035,8,0,0,2,2,17,4,7,3,2,99,9836.573045679655,0.10521854021846644,0.16491885675357587,31.561682457222936,0.8584381713625809,0.8118150896247653,1
1063,9,0,1,2,2,4,6,5,2,3,98,10897.321024256793,0.1801410296833953,0.08538223848043489,32.935053520818016,0.8605145293262764,1.0414169529239934,1
828,8,0,0,3,0,23,4,3,2,3,116,8283.918250807976,0.10940014664102654,0.10291829242406073,25.967544743625055,0.8844567024207107,0.630281363485903,1
521,6,1,2,1,2,3,6,9,4,1,51,13487.0720101738,0.05823488711574315,0.05226134452451117,15.277915500554267,0.8502766957618856,0.5037795341693285,1
731,7,1,2,3,2,6,5,6,3,1,98,6353.051274012345,0.1277010161561076,0.07957667883097869,20.66454018282249,0.8067250372558112,1.2960909298614174,1
571,4,2,0,2,0,17,1,10,4,2,87,6454.472609369684,0.18651957452605897,0.07507885914847878,15.630011669069429,0.702280704846458,1.0926464108753497,1
758,6,2,3,3,0,12,0,7,3,1,78,6849.11302801971,0.16552612794070512,0.17235520303142085,23.22420223184006,0.6679534010625432,1.6595056503637955,1
927,8,2,0,3,0,10,3,5,2,2,89,13474.62624821115,0.10430834693563867,0.1650042019191666,24.926660533245105,0.6988093530153375,0.9636926954830398,1
519,5,0,3,0,2,22,4,2,1,3,114,12737.246542742601,0.17677860546730403,0.13686588559388554,15.639415488911965,0.8388599790224647,0.38040402314905886,1
645,5,0,3,1,2,19,5,2,1,2,149,7235.0514083443995,0.11426919916703765,0.10967017206455709,18.654647496089073,0.8792272829457823,0.5535555503376196,1
221,2,2,4,1,1,23,3,7,3,3,64,5726.615347513246,0.14953195630687502,0.20009436152576474,8.084402893591665,0.6626681569753121,1.1199449955842267,1
857,8,2,0,1,2,6,6,5,2,1,45,4338.276390038219,0.09330162700188403,0.19913500259016678,25.61197680049837,0.6884035166835771,1.5497455179737327,1
630,7,0,4,1,1,20,5,9,4,3,78,12205.894276300036,0.0711542410817993,0.148510331175817,18.93672645698644,0.8811509424840727,0.9097321704621467,1
602,5,0,2,0,2,5,4,8,3,1,74,10466.477038224548,0.09015526460586828,0.158430648104221,19.421323384109204,0.8681363392804597,0.7786925398954537,1
669,6,2,4,3,2,19,3,4,2,1,47,12427.772279475288,0.18002618103509088,0.18336112702424684,19.894973617194083,0.656475711373298,1.605757277576264,1
378,3,1,3,3,2,13,0,10,4,1,94,12499.061194372145,0.19836335756580825,0.17009949255182275,10.843248463086809,0.734191717447066,0.7980384289378606,1
730,6,2,3,2,1,14,5,7,3,3,96,14137.312444425996,0.08222669287142269,0.08048226679376454,21.02345511233301,0.7467809681506656,1.483555264383783,1
865,8,1,0,1,1,2,4,11,4,2,133,8991.59594741695,0.06645814605806705,0.13060492630530832,26.305926704648257,0.8113216174364811,1.5176737573327472,1
501,4,2,3,3,0,21,6,12,1,3,116,13927.289922898572,0.051373236643936816,0.06733946266631033,14.386431603489678,0.7665792853103888,0.7232672332830756,1
300,2,2,2,1,2,6,0,12,1,1,90,9229.209904764666,0.16061112899821764,0.18568855362828965,8.301293390004872,0.6641651428180717,0.9506288538496932,1
535,6,0,4,1,0,14,1,2,1,2,112,12493.856933487521,0.12448004087391679,0.15764383549283692,18.219226551631827,0.8530442556349608,0.41499716691170224,1
362,3,0,3,3,1,3,4,7,3,2,72,10613.703396364184,0.12897603214996603,0.21623641914590505,10.784986602503555,0.824654396916858,0.3903775967781844,1
524,4,2,0,3,1,22,3,1,1,1,57,15057.0964467588,0.04723302183087579,0.06457174355856315,14.851613338059977,0.7696878555747524,1.0134004479279706,1
756,8,0,4,2,2,7,4,11,4,2,98,8441.541442913625,0.0529691186386423,0.13182658324121277,21.90061097423851,0.8968419341540652,0.5231093657761937,1
284,3,0,0,0,2,18,3,9,4,2,94,12277.925548979496,0.18633967834297005,0.17032186088704762,8.911900066324877,0.819502307346492,0.3281913208230105,1
867,7,2,1,0,2,18,4,4,2,1,72,11177.139628663868,0.13227693191421952,0.19612161985645327,24.944091082000906,0.6722206517031972,1.6345373204713778,1
386,4,0,1,3,2,13,4,8,3,2,138,15984.19202556404,0.07507306899742475,0.19361159162298333,11.315895369655763,0.8590919027208164,0.6425273821095479,1
1003,9,0,4,1,2,2,1,7,3,1,100,4927.1412925518825,0.07319380744449695,0.07635990287701966,28.97290173165767,0.9127008303553175,1.2576411930163518,1
853,7,0,0,2,1,6,5,7,3,3,102,11177.306378525329,0.07854450978340502,0.21681776895877636,25.483647600443305,0.8470869745660183,0.501556959364309,1
430,4,1,4,1,1,14,3,7,3,1,115,6789.317709104143,0.05020126255238191,0.21664170177555991,11.351798777192542,0.7799206660524263,0.9224908130953802,1
698,6,1,1,1,2,12,4,12,1,1,71,14610.231257204137,0.047962120260251276,0.21443055660968321,21.26218067989793,0.7819232954085295,1.476388474707399,1
281,2,2,3,3,1,14,4,10,4,3,98,13533.988081616777,0.15519765594018,0.15045030574520768,7.538969994082591,0.6824584172415755,0.8156415007400912,1
271,4,2,0,2,1,5,5,5,2,1,138,11942.07234783279,0.08220109031171258,0.18974834652529096,9.591544801878895,0.6976227534233483,0.7743468560396249,1
1059,9,1,1,1,0,12,2,10,4,1,107,9764.18330302894,0.1015143992429848,0.0536860493861448,32.05073672168021,0.8301597981168917,1.2599087907566053,1
918,9,2,3,1,1,2,0,2,1,2,133,12175.500380922358,0.1259780680299199,0.0859828750074605,27.88270270848555,0.7246175756331787,1.1994913927149664,1
322,2,0,3,0,1,11,1,4,2,2,44,10652.051576809332,0.09121025510878084,0.05655926208404036,10.28905568889301,0.9135037172632304,0.6443394160265752,1
440,3,1,4,2,0,2,6,2,1,2,119,7447.588783666159,0.11660582611970755,0.1310009290676145,14.647287192211287,0.7885769601657051,0.37940154134360676,1
361,5,0,4,2,2,15,1,11,4,2,112,13833.06585477656,0.17840170467123143,0.21365142871200835,13.022193563817252,0.803576089977542,0.1929113285435048,0
543,6,0,2,0,2,13,1,1,1,1,138,10150.912785264525,0.07905591703277698,0.15685073504179692,15.116436200037194,0.8738420065664417,0.8169715363285506,1
448,3,2,1,1,2,20,6,11,4,1,146,7085.42938968237,0.16660154769958055,0.12302538106412797,12.263034668837836,0.6896678820563311,0.7924562642347587,1
481,6,0,1,2,0,11,1,10,4,1,55,11972.207645092749,0.08223178475722606,0.1827104324678864,14.47836307554741,0.8607760022486993,0.46616458415997025,1
667,5,1,4,0,0,3,3,12,1,3,94,4223.7013339499945,0.06991161725401823,0.1390605166358546,20.31896362385632,0.8059625397495572,1.1877222611661091,1
353,3,1,3,3,0,5,2,10,4,1,142,12641.072619519815,0.05162539990412281,0.12237658005107116,9.862798784446786,0.8216991090201627,0.860911303038136,1
992,8,0,4,3,2,19,4,6,3,2,128,9644.019926844325,0.1494722433985707,0.15327907258330514,28.631482470757856,0.8437619078081559,0.8157321447597687,1
849,8,2,2,2,2,22,4,10,4,1,51,11611.770589249056,0.10586140924866488,0.1321241236358262,24.66109416257403,0.7129065102019789,1.50863223903102,1
879,9,0,2,0,1,1,3,12,1,2,100,5886.611666459489,0.16326830622710375,0.15547813823073425,27.090245803648518,0.8365640999939729,0.9157400786074441,1
335,4,0,4,2,0,16,3,11,4,1,78,12619.024797215501,0.06122738096529044,0.18447466373580848,11.177401165542783,0.8694340798845055,0.69396680780805,1
831,8,1,3,3,1,11,5,10,4,1,117,12679.313017209055,0.1365360885216237,0.12323533207821036,23.61449259507169,0.7831028607300747,1.158549808402945,1
949,7,0,1,0,2,6,4,10,4,1,96,12899.0867656868,0.04207792715600846,0.11470382476779367,27.15659543692782,0.909448211634289,0.489566817939087,1
341,4,2,2,3,1,12,3,8,3,1,74,9606.39832624232,0.07741279754865421,0.14055979670704039,8.299649133737777,0.7219123325849374,0.7975013236693129,1
871,8,0,1,3,0,22,6,11,4,1,85,11686.076709071553,0.13754355247943104,0.2028556541399547,23.251028701489087,0.8268203570212764,0.28712180783534047,1
509,5,0,3,0,1,4,0,6,3,1,146,10591.062612457816,0.048966188291283255,0.11613681107660379,15.976335827744142,0.9057036502844509,0.6967188879125774,1
904,9,0,0,0,2,20,5,7,3,3,80,6796.9581543084105,0.10035659975395296,0.19259494959778342,27.767985284939858,0.8481718027917187,1.0459045420446662,1
620,6,0,4,2,2,2,1,11,4,2,63,4276.274418696999,0.12986605120426728,0.15108931670466036,18.92267579468268,0.8535700844409826,0.7042852332600176,1
918,8,0,4,3,1,17,2,4,2,1,52,8962.92205868726,0.1564138502340174,0.042231486386659696,29.262268283133807,0.8906095985206953,0.957532602340215,1
315,3,1,0,3,2,1,0,10,4,3,57,13779.004597070207,0.15290496879494575,0.12571646287853774,7.47859074510067,0.7746203557469324,0.4668382858524601,1
537,5,0,3,2,0,1,3,2,1,2,45,7866.84927059045,0.06370889598568356,0.07789637703199877,13.635453546986612,0.916277627142043,0.9231539419758361,1
431,5,0,0,2,2,0,5,8,3,2,45,12988.022039958487,0.052027256512024014,0.06706594481359787,11.994093435086308,0.9264080594034702,0.18587632883059374,0
408,4,0,1,2,0,19,2,1,1,2,98,11675.98608979712,0.1002173439679681,0.08219881953795813,9.79327408989646,0.8979127264223332,0.38714599889701984,1
463,4,0,1,2,1,13,4,12,1,1,99,8239.168048673666,0.07852896648162919,0.16823548248751116,13.048183421147284,0.8689559979638868,0.24394496270112664,0
531,4,1,2,3,1,16,2,11,4,2,127,4006.906772378422,0.08891062317070171,0.15292889048188305,16.273115527833326,0.7911722188563368,0.9151732977994214,1
297,3,2,4,0,2,3,5,3,2,1,108,9172.07429053438,0.09479754381816546,0.13663356309976923,9.37166327159446,0.7158560018869293,1.3134088117870393,1
830,8,0,2,0,0,22,6,2,1,3,61,8714.20244209625,0.10354844916812184,0.12914833727559052,26.27512483231891,0.8752864461003295,0.32789486091367703,1
686,6,2,1,0,0,19,5,8,3,2,111,5664.911662540725,0.12297606662374486,0.11005204104884281,20.897552470747456,0.7151373515473355,1.2851396561548334,1
942,7,2,0,3,2,11,2,11,4,3,88,13824.731692897734,0.0414885973964118,0.19958222116857408,27.10462527347256,0.7115181316457563,1.7207116552132202,1
828,7,0,4,2,1,21,5,4,2,1,58,15465.791808646123,0.08768037831183745,0.20784176285193334,23.958319791386216,0.8470150364763032,1.005918033405892,1
317,4,1,1,0,2,3,0,12,1,1,111,5454.915535817239,0.08229874237913176,0.17759880355680946,10.467051515064739,0.7830461043288265,0.6013411462843389,1
244,2,1,2,0,1,7,6,6,3,2,111,6771.294035214241,0.07779568520930871,0.09188041836972867,5.384857826351173,0.8236457533894332,0.6131957740558641,1
568,4,1,0,1,1,1,5,6,3,1,86,11589.962189394671,0.1661790716606928,0.2044955348377132,12.734142893187979,0.7331964270757173,0.7341821019205004,1
622,6,0,1,0,2,3,4,5,2,3,58,15410.34415042089,0.08020767946436928,0.18744436782172458,19.23668896406589,0.8595565787212578,1.2443933111454102,1
401,4,1,2,2,2,20,4,4,2,1,43,15207.991649457985,0.06415434256890558,0.06232475969395884,12.433781366825807,0.843084403981711,0.9769095483120809,1
899,7,0,4,1,2,9,1,5,2,2,123,15176.130596195295,0.17629216098192163,0.10150195913898488,28.341053345175634,0.8549926459455921,1.2604280892218405,1
715,7,2,1,1,2,15,3,3,2,2,57,9281.739755782362,0.1012706394291977,0.09896906853923712,22.451512036574005,0.7298921314142043,1.7639040153930836,1
868,9,1,2,0,0,21,0,5,2,1,70,15830.833546154463,0.06944543954695773,0.17140842061064102,26.813119349081592,0.7916157629290805,1.4551937102098633,1
280,3,0,4,2,0,18,2,4,2,1,114,8375.959458395242,0.1601932569054973,0.1343017409061935,8.19386457092103,0.8474772509847391,0.5336217747063203,1
929,8,1,1,3,2,9,4,1,1,1,86,5040.392367061017,0.14514789255551772,0.08803922518253499,26.674014074782377,0.7950657970178763,1.158524742453103,1
369,3,2,1,2,1,8,2,5,2,1,130,12453.270000729435,0.1912479627229831,0.08154303104591457,10.574222456725048,0.697244052803996,1.541347481728247,1
592,6,2,0,3,0,2,5,1,1,2,80,10674.213279913176,0.18044729273105356,0.12235090775808097,19.12510811014999,0.6837408097798894,0.895947853420323,1
584,6,0,4,3,0,19,5,3,2,1,138,13593.357594328862,0.15109045791132744,0.15987226535703056,18.324817455015218,0.840066774529239,0.7591259430330132,1
934,8,2,0,3,1,23,3,9,4,1,80,11453.293792212404,0.06575858008380417,0.13157066813938864,28.900024302860967,0.7312018382995632,1.0197159017252961,1
434,4,0,1,2,1,12,2,1,1,1,49,13847.76273745249,0.1173089981500981,0.08698603167748058,13.149108842502262,0.8880672365775896,0.0752866011201519,0
401,5,0,0,0,2,11,2,4,2,3,119,8126.695975443609,0.05900619043365017,0.15159731277394756,11.473180717808386,0.885228423556581,0.3286957900678181,1
492,6,0,3,1,2,20,3,9,4,1,112,7455.24326587825,0.1279037248995732,0.21980421538891645,16.74006364057442,0.8235314268701797,0.607228124224237,1
511,4,2,1,1,2,8,5,1,1,2,149,13086.955717959898,0.1866853691114277,0.07180037522590196,16.331471234793582,0.7036814150482016,0.9210885494952803,1
347,4,2,3,2,1,9,0,9,4,2,50,9972.624714734993,0.04061167152913866,0.1351119236231817,10.954207231929772,0.7409243821814557,1.1462280202132837,1
342,4,1,3,3,2,21,3,1,1,2,98,6152.744362953513,0.18016236740234487,0.1076181033948721,11.267159937038308,0.7704987881412524,0.8751493777887047,1
392,5,2,0,2,2,9,3,1,1,3,118,8500.230343633211,0.12629089188141893,0.07931485884915848,12.916931483774164,0.7274774121712401,1.234296304335762,1
610,6,0,1,1,2,22,2,3,2,3,84,13607.891384158725,0.06419992318264212,0.1975886012455173,17.890554615323552,0.8621951640073282,0.7820872704145337,1
495,5,0,0,3,1,3,1,11,4,2,68,15087.066177067283,0.17693851866856564,0.21239869045006682,14.714209564679674,0.8047982558966154,0.7033666981443438,1
540,4,2,0,2,0,11,5,1,1,1,72,13123.867257715034,0.12590341562001778,0.1030352408580133,14.718918511047018,0.7169776045848859,0.8799797193103334,1
841,8,2,2,3,0,11,3,2,1,3,41,12617.503063966074,0.11170651233856019,0.1025123046334413,25.015006523615337,0.7236015323625993,1.7675450349914905,1
401,3,0,1,2,2,7,4,12,1,1,108,13739.77539815688,0.11995490707051812,0.056517175328107946,12.989641367041639,0.9005875629206183,0.4023097308323856,1
1017,9,0,0,2,2,23,0,8,3,2,125,6406.363328493062,0.06357945211178648,0.15119557884795307,31.3724237631491,0.8833512360681172,1.1803089247234504,1
871,7,1,2,1,2,11,1,7,3,2,89,10954.973926384027,0.05803810800940273,0.04477816424217357,26.391207699382154,0.8537326774867907,0.7620476590389167,1
340,3,0,2,1,2,21,1,1,1,3,44,11130.228817171079,0.1458490340342056,0.12931787535399822,11.298382163073727,0.8561748907753083,0.5187809092923126,1
468,4,2,4,1,1,5,2,5,2,1,125,15351.19517899433,0.1808658990472382,0.06750661588230318,13.477412396343372,0.7082323682817063,1.6336432289851408,1
348,2,2,3,1,0,8,5,7,3,1,139,4183.654543629909,0.15111339377763577,0.16101729123752584,8.54991277179923,0.6795411917431773,1.1467202929440057,1
430,5,0,1,2,0,11,4,7,3,1,106,15646.276073399275,0.17452563039043237,0.20720381694341033,13.127537743399408,0.8082217486997707,0.27456236702687603,1
516,5,0,2,1,2,13,6,7,3,1,49,12712.887139486606,0.17516346243143613,0.055980883916138695,15.485721799797311,0.8759850441435914,0.4352673950942859,1
300,4,2,0,0,0,5,2,2,1,3,85,4269.261090136966,0.04512649180699217,0.1799932865457356,10.30562171947516,0.7186960997412725,1.2419692369476572,1
193,2,1,1,0,1,7,5,12,1,1,102,10225.750631292893,0.16335278384083607,0.1895022584994787,6.49268351583534,0.7412152309468584,0.6915277009743968,1
583,6,0,2,3,2,14,1,9,4,3,144,4837.411570202941,0.16353481128407973,0.07171713529403181,18.95480182312154,0.8741366240398498,0.6873405179478878,1
824,6,0,0,1,1,6,5,3,2,3,94,11240.737120388229,0.09599631456082737,0.20607561429376758,21.666321298985867,0.8440676320154322,0.5910310044379273,1
458,4,2,4,2,2,18,4,12,1,1,41,9419.28649698793,0.10557584160106168,0.15176521108998983,12.694993316529034,0.7041965262890267,1.0932355012186743,1
971,9,2,2,3,1,11,0,4,2,2,117,13269.115179327791,0.1592784000201067,0.13628864947052372,29.043000071713184,0.6869948277292163,1.8121758890211002,1
519,5,0,3,0,2,23,4,2,1,3,115,10953.146588316627,0.19784875853927297,0.1608542508608296,16.233119276207983,0.8185836457699538,0.6361252193607999,1
1008,9,2,1,3,0,5,3,11,4,3,65,13436.564297944982,0.1980520258303952,0.09185964424628525,32.63957942683174,0.6895397484654937,1.2416279007055622,1
397,5,0,4,2,1,20,0,2,1,1,85,8425.4332213477,0.11581485782600506,0.04457395601161961,11.27459856044651,0.9078250337730689,0.7865712987167409,1
676,5,0,1,2,0,11,5,1,1,3,44,14282.64421357034,0.16632811847263862,0.1195692202555754,18.93767287219564,0.8513461975723037,0.4188862409018795,1
882,9,1,4,1,0,2,3,8,3,3,53,14395.674493602082,0.11456983882090754,0.17380235266690336,26.302534058897784,0.7702325138304851,1.000189683799171,1
234,2,1,2,2,2,16,4,4,2,1,74,11865.264710325082,0.17855346374485917,0.2053570706720163,6.063211555194706,0.727240259512406,0.7882833573285218,1
1035,8,2,3,0,1,5,4,2,1,2,50,7164.6080464720835,0.14395642576297538,0.11741868711364661,29.37095835883476,0.7023811992055201,1.485120776197858,1
515,4,2,1,1,1,3,0,2,1,1,70,15897.170156576078,0.18986246254791628,0.087456584488314,15.20773246332998,0.6952064288336963,0.8481752597401249,1
638,7,0,4,3,1,12,2,2,1,2,111,13812.803544493214,0.199558425816028,0.06363319050038777,20.769847316146247,0.8615637726576129,0.9862095910700739,1
758,6,1,0,1,0,18,4,12,1,3,82,14219.820554325197,0.09283002565486012,0.20838898025923805,22.490589345677357,0.7644514473386559,0.9899801132844975,1
771,7,2,0,2,0,6,2,9,4,3,56,4138.6148842088105,0.19669181012993972,0.08157011365815162,22.057816562375407,0.6947821342953588,0.6840334360796041,1
201,2,1,2,3,2,14,6,11,4,3,108,13913.73438511718,0.150802074692913,0.20399282182354214,5.8540100225602725,0.7403422965675952,0.9493653682730799,1
977,10,0,4,2,0,0,2,8,3,1,134,6613.126888288871,0.07809379203664521,0.07307611664109806,28.464217436164148,0.9119735410950155,0.8623994930606455,1
753,7,0,4,1,1,4,3,7,3,3,104,10099.074868414913,0.04049791198717239,0.04326389304970888,23.795423072974536,0.9423071877334034,1.0140445044353283,1
1098,11,1,4,3,0,18,3,3,2,3,74,12451.426638440671,0.14941415877658717,0.08035965857646929,35.06012033722019,0.7966017821911247,1.8768777618304928,1
613,7,1,2,3,2,0,0,12,1,2,128,8923.506926259277,0.07558074888965308,0.12870211663845368,17.017413864979684,0.808072710512352,0.9844345890953554,1
744,8,1,4,2,0,8,5,10,4,1,77,6923.480538673829,0.07702057936745535,0.10276689911075645,23.05377901375646,0.8190956346848047,0.9148392231038358,1
585,6,0,2,0,1,12,0,7,3,1,41,10002.182666965135,0.12834689037632097,0.20338973258518683,16.86089041391078,0.8307185196673215,1.1196489930699929,1
998,8,0,2,1,2,1,3,2,1,3,112,7597.194604734599,0.04494814747096571,0.13811521661106907,29.53861030844305,0.8976214861630843,0.7636944704548707,1
945,8,1,0,1,1,23,6,10,4,1,119,11383.848182046728,0.10661908083043276,0.06119850748360005,27.96575443897302,0.8244820852586853,1.5133463418552344,1
1015,9,2,3,0,1,12,6,4,2,1,64,5316.48243006417,0.16789975554411776,0.15255975759263282,28.701253263595895,0.6757932190884621,1.4177498665476365,1
643,5,1,1,1,1,8,1,3,2,1,81,8899.8099011212,0.04436163820940614,0.11001043323571691,20.371632632384372,0.8305325678496946,0.6881645310629535,1
908,7,1,0,0,1,23,2,9,4,1,40,11099.231356147804,0.1398306526474413,0.162209442172441,26.512685475736376,0.764081957331053,1.66542376112566,1
510,4,2,1,2,0,13,3,11,4,3,91,15886.257469037182,0.06534074532508416,0.18151180538172884,14.457039724641135,0.708916352181934,1.080684538772657,1
604,7,2,3,1,1,16,4,8,3,1,89,9945.493241089358,0.17805429990144853,0.21739926009399288,18.83430706841927,0.6420458980020514,1.737309050614146,1
879,8,2,1,2,1,2,1,1,1,3,68,9110.631357301165,0.10250990862417145,0.14379629058050267,25.28686203881285,0.7091622103578966,1.3107721813154314,1
254,2,1,1,1,2,3,3,8,3,2,98,15870.550770895916,0.1699395726428,0.10601512066631977,7.263822301535085,0.7758203880108961,0.6666853123774319,1
833,8,2,1,2,1,1,5,12,1,2,114,15104.619874596281,0.15581124224301737,0.11804806326585415,22.916268993454224,0.6967633125210078,0.5816523047391273,1
194,3,1,2,2,2,12,5,9,4,2,89,12075.601081850444,0.18045362015327893,0.11247191391391315,3.476724839008218,0.7681835096697636,0.9968638362859958,1
714,7,1,3,0,0,20,5,4,2,3,127,10537.27960430073,0.12269758318140425,0.12109671977048825,20.425381697530177,0.7902925636716484,1.1271363008105582,1
619,7,1,3,1,1,21,6,8,3,2,90,7250.744051306148,0.11777808082850721,0.0454105603470956,18.450611750648218,0.8265651114709788,0.9513262162790903,1
611,7,2,0,2,1,13,6,3,2,1,85,11486.233377985385,0.0459888851785006,0.08451908296993224,16.770542963974652,0.7612714143332051,1.2040086096089908,1
634,5,2,1,2,2,1,3,11,4,3,113,14007.681040474728,0.1254102540335761,0.2177969448042103,18.08723559030801,0.6655567605229961,1.2236784895634192,1
632,7,0,3,0,1,15,6,11,4,1,58,15779.039763180826,0.12351621879638372,0.20704261488286063,18.7911155615365,0.83124852484434,0.6297597362388452,1
554,5,2,1,3,2,15,3,7,3,2,133,6051.649711824684,0.1370231652084288,0.04869201413570114,16.505071392126855,0.7364281692951414,1.1739069449265662,1
595,5,0,0,0,0,14,4,2,1,3,106,7288.678708128483,0.0609634621970139,0.2163245579801662,18.394878808134624,0.8552203909202689,0.5491534629621164,1
702,6,1,1,3,2,17,6,5,2,2,80,14613.110343857305,0.1263948655511906,0.18255174927453527,22.92819669770176,0.7609740233284235,1.2197227934641581,1
882,8,2,3,2,2,13,0,2,1,2,65,14331.581245341233,0.11264516875841019,0.04049448270476096,26.924426230542853,0.7510871568415729,1.312723376393973,1
687,6,1,3,1,1,16,6,10,4,1,126,12599.905918376264,0.13535615859945116,0.20442343993849338,19.29801112892673,0.747099180657925,0.9689749550918221,1
771,8,0,0,0,0,11,5,9,4,3,41,5244.7754717433745,0.1456880132916729,0.2128664616364916,24.289263195758046,0.818650486282326,0.6795376999056102,1
949,7,1,3,3,1,3,6,4,2,2,46,12475.064291549976,0.09782774541306608,0.1531764432522143,29.454409471485732,0.7870481151006239,0.9609693107814531,1
1090,9,1,0,2,2,1,5,11,4,3,106,9628.709153072437,0.12064849030667726,0.18189922031999034,30.939884866490672,0.7638535302179996,1.126343724334681,1
279,2,1,3,3,1,21,1,10,4,3,92,8455.013919452322,0.10321565108809083,0.09985569797316315,6.864557142061679,0.8086178929224357,0.806636267281964,1
835,8,0,2,3,0,10,2,12,1,2,58,7008.236866334104,0.16247838935253406,0.1430178270788047,23.468412106399356,0.8425267026058976,0.7054217967641523,1
387,4,1,0,0,1,7,0,4,2,2,81,7815.76787223377,0.1674277917511029,0.17167899084486118,11.106814225540178,0.7474019478318161,0.4755167348895486,1
361,4,0,1,2,2,7,4,3,2,2,126,10429.515510309095,0.08687062353439876,0.14102696069187534,11.547858744656486,0.8774460870981766,0.7481783306486883,1
909,8,1,4,1,0,1,3,6,3,2,91,5943.398035349153,0.08152735011858364,0.09482891325261139,28.900897147669287,0.8206396814829623,1.114455053421322,1
243,3,2,2,3,1,22,3,4,2,1,98,10111.665501929961,0.1485316969824734,0.15685604883482052,8.664745171899483,0.6825755143822176,1.1456899343456426,1
960,9,2,3,0,1,1,5,9,4,2,50,4578.439684051816,0.16384259285077118,0.19091540660583964,29.325789791077483,0.6603589002445251,1.4741468236809294,1
888,7,1,3,0,2,5,5,6,3,2,119,8927.643859066464,0.041738478652509396,0.19048147867347318,26.223330357449935,0.7955010192033078,1.0400293029567749,1
1095,9,2,0,2,1,10,0,8,3,1,55,15520.317548631485,0.10838975703555617,0.0637907740474589,32.885610166209815,0.7425187610126431,0.9252289914689091,1
794,8,0,4,2,1,8,6,3,2,1,65,12867.701659360288,0.08923694054614872,0.12017574331273059,24.635270306491886,0.8857642922635043,0.6540741198413107,1
983,9,2,1,2,1,0,2,2,1,2,72,4823.224904698647,0.16264327262809622,0.046973060143258374,31.03225648786706,0.7256726502528904,1.1544288062493848,1
289,2,1,3,1,1,7,5,12,1,1,87,12254.034820017025,0.06296651593933356,0.1538979959986411,8.380205887355963,0.8024109696279115,0.7817185301351962,1
998,9,2,2,1,1,18,4,6,3,1,70,6353.357982162636,0.16451944048012698,0.08358919867143233,30.17725490794524,0.7083511123817983,1.4152543614974378,1
327,3,2,2,3,0,6,3,2,1,3,129,9689.97247693074,0.14582505871223322,0.20746387084741275,9.315065817104818,0.6610199816981592,0.7242336266829944,1
469,3,1,1,3,0,20,1,10,4,3,82,7530.022135042261,0.17486873179598275,0.15128606969399372,13.678186149200398,0.7532303393295106,0.07368814066819207,0
297,2,1,4,3,2,8,1,2,1,1,43,15209.932301147848,0.19843893558511214,0.11211117065362736,8.308224305383135,0.7602524521925673,0.9669822112746744,1
549,6,2,0,1,1,0,5,12,1,1,90,4653.2819802581,0.11624881920803573,0.17166337406980367,15.419882350851905,0.6904395130249722,1.3116391276980504,1
869,7,0,4,3,1,2,2,5,2,2,53,14571.49646997151,0.15190583915604644,0.07733050512703066,26.716353182408092,0.8768436450726153,1.19371283598298,1
426,3,0,1,1,1,19,1,6,3,1,64,12416.544023620143,0.15359375015369495,0.056457725054547825,14.196431365588309,0.8854768361562907,0.2584673673344436,1
936,8,1,4,3,2,9,0,4,2,3,105,8353.470026540668,0.17513171989676632,0.05572867553941435,27.786666159120283,0.7961128220537187,1.5306760362664429,1
737,7,1,0,3,2,23,5,2,1,1,108,14555.71058608827,0.1229000290977206,0.1449049287726136,22.593200907838938,0.7794877689583496,1.157186406732637,1
758,8,2,0,0,1,18,2,5,2,2,113,8875.63439612092,0.05722363849088625,0.1999963382213479,24.181341976968547,0.7042510104794946,1.369182045022796,1
1043,10,0,0,3,0,0,2,5,2,2,81,12380.440498359187,0.1966980728143182,0.08009645886074257,31.275377087943852,0.8554424607462227,0.797821047406488,1
577,4,1,2,2,2,7,2,6,3,2,132,13454.38560594623,0.049093975131819505,0.17680870943700477,17.011724007335456,0.798343791944029,0.8746295614830206,1
497,5,0,1,3,0,17,4,6,3,3,46,7436.691360737855,0.19397992109931264,0.0467722346230625,14.818565799105114,0.8716615299249312,1.0282397696476264,1
1094,9,0,2,2,0,1,3,8,3,1,81,4867.0691500972,0.08085731610964705,0.1036012131755783,31.730070105428442,0.8969936618216485,1.3872852102249542,1
692,6,2,4,0,0,23,3,1,1,3,66,14417.510198953307,0.11879742736204948,0.1576689717204525,21.2364286826763,0.695590120412874,1.2583548616883917,1
745,6,2,0,3,1,3,1,5,2,3,44,6775.447024972435,0.19210584059900582,0.1887251012641647,22.62028962209449,0.6486260761615732,1.2850586737131708,1
452,3,2,2,0,1,19,2,11,4,2,101,15181.684006035519,0.14826568642103358,0.2097745204771941,14.20178809092221,0.6588819068957975,0.5315306515804437,1
378,5,0,3,3,0,20,6,12,1,2,46,7780.476230025457,0.1336898152328272,0.153862665692638,11.94329133187402,0.8506013835835406,0.9253394419243202,1
336,2,1,2,0,0,12,3,7,3,1,106,8978.750105419302,0.0921428574213555,0.12328136186119579,8.202315491064052,0.803059101322852,0.8383892959369859,1
385,4,2,4,3,0,19,6,5,2,3,134,9163.722294337354,0.08678496713990116,0.05091455056322865,13.060773663570387,0.7580352170335916,1.0738875344649679,1
359,2,0,3,1,1,21,5,5,2,3,127,9614.670343833048,0.04524442625481386,0.08961657643141914,9.365923273172333,0.9193125487911952,0.3235007640970151,1
866,9,2,0,0,0,17,4,10,4,2,114,15553.14948851218,0.13381315631221125,0.20616012504793918,25.487311747321257,0.6670120233879322,1.3342244499607276,1
233,3,2,2,0,1,16,3,5,2,3,67,6941.04194811579,0.10881620249300722,0.14492137775443809,6.693231273371446,0.7058180888886496,1.2845900268228887,1
759,7,1,1,1,1,9,5,12,1,2,111,11299.287970090692,0.07588819151209708,0.10168191189702966,20.681373157292967,0.820093453465893,1.0620301532528718,1
1053,10,1,0,3,2,7,0,1,1,3,101,7529.573857964715,0.10147425990194808,0.08478703720089606,31.449379174194068,0.8161824163037201,1.858310062265055,1
884,8,0,4,3,2,20,3,8,3,3,94,5571.1621503179595,0.1905507532993689,0.06045826498377809,27.20636634992832,0.8670459417725839,1.2452927354221268,1
550,4,2,1,2,1,5,4,7,3,2,92,7465.264791226746,0.17574401895093894,0.17528889613226067,15.553325520007911,0.6620351882125601,0.8809262668829633,1
234,2,2,0,2,1,9,0,6,3,2,55,10628.849297853301,0.10886516784834557,0.11422770457689557,8.56373082259344,0.7196082074086414,0.6875189418600889,1
947,7,2,1,1,0,12,1,6,3,2,133,11283.879537493025,0.1967924842510197,0.20857888576760966,29.25249672547414,0.6375828834916167,1.196225202442044,1
182,2,2,4,3,1,9,0,2,1,1,132,7164.655972820372,0.11393884367453688,0.12179050801521793,6.656620252035478,0.7139217917396103,1.1485910305760267,1
806,6,1,2,1,1,8,3,5,2,1,120,15847.773355541687,0.09586270051441573,0.18730778144736193,21.288579919670887,0.7725732831172001,1.3546537294301262,1
797,6,2,4,3,0,14,3,5,2,1,100,8352.910214104113,0.10206729752779962,0.06344277218388591,25.09413874291399,0.7455204686297414,1.6806506287131509,1
356,3,0,2,1,2,7,3,8,3,1,54,13984.455194929891,0.17993866984171497,0.0671633729098086,10.283808720008043,0.8688040807618144,0.48698679598120126,1
860,7,2,0,1,0,23,0,8,3,1,109,4420.40657511458,0.08284076009455703,0.08917814465358309,27.445672481816892,0.7425914928633369,1.2711225861840505,1
341,3,0,1,1,0,4,3,5,2,3,145,12342.61689679997,0.07553644207318032,0.0744222386977492,9.448802151275293,0.9125185936530817,0.7050797681497192,1
387,4,1,0,2,2,9,6,7,3,2,54,7641.55087784241,0.19368757186448562,0.21581330570623852,11.616440485585088,0.7157246050931741,1.2390680164533157,1
927,9,0,2,2,2,20,0,7,3,1,79,10442.670187933276,0.15748302527995633,0.18546551511810275,28.102291247315577,0.8256731568208734,0.7595011073335887,1
1080,10,0,1,3,1,11,5,1,1,3,139,14039.241215071703,0.16220493036258155,0.10271420381090476,31.302230614349643,0.8607863896219311,1.1948903546588014,1
423,5,1,4,0,1,16,1,11,4,1,145,12698.134309342402,0.1584464638167056,0.13356816829097576,11.18702066464387,0.7685934155515434,0.6492225902028146,1
1027,9,1,1,0,2,15,0,11,4,3,89,8315.60293011192,0.14926517806058576,0.13598466101828105,27.749160905556778,0.7716375724145099,1.1075263734112513,1
1020,8,0,1,3,0,7,0,5,2,1,71,12789.753563080494,0.054599674811902865,0.14929762989940562,33.58548411105779,0.8882462128799111,0.5492771425214293,1
887,8,2,4,3,1,17,0,10,4,1,71,8967.969956510335,0.16058861555561924,0.05865101460991884,24.53977136026542,0.7213421664255079,1.269489742724552,1
308,3,0,2,0,0,5,2,5,2,1,91,4761.836639402087,0.07982750402174724,0.10281642970325286,7.319463115104316,0.8978102298237499,0.06716081827320614,0
455,4,2,0,3,1,17,3,1,1,2,75,11987.019037375918,0.06118484227337731,0.05546736390340678,14.260077246413612,0.7675065072204471,0.5913219034314942,1
803,7,0,2,1,2,3,4,11,4,3,100,15241.794377271313,0.1972804786905295,0.2054317393606496,22.222978410046824,0.7987795018769694,0.7604840796777147,1
1099,10,1,1,3,1,16,0,4,2,2,48,5003.827157821629,0.04445820534542962,0.11262169724981674,30.989534506429088,0.8293140438321391,1.2795677793844427,1
929,7,0,3,3,2,2,4,5,2,1,46,12251.503620261898,0.04506177497176296,0.1708630679640588,23.798127522324805,0.8828338206788802,0.9803008267965068,1
566,4,2,2,2,1,20,5,7,3,1,40,14076.807993965807,0.08958600519073334,0.20574875371076126,16.845998573455997,0.6870993584943274,0.7134703513254566,1
396,5,2,3,0,2,15,0,6,3,2,118,11159.59117208917,0.17507233011623205,0.09569871869357433,11.136982410206281,0.6981530280355871,1.8278109263495605,1
1063,10,0,4,3,0,0,4,4,2,2,141,9824.82698314186,0.1964710594130679,0.05581285517392209,32.745750811522555,0.8664722384358545,0.9824209632716077,1
434,3,0,3,0,0,2,0,10,4,3,51,6846.543194644424,0.05896443566119501,0.10051892408313542,12.530086341042024,0.9082324881150513,0.1806469004416547,0
494,6,1,1,1,0,4,3,5,2,1,140,6326.21838600165,0.10327037341551185,0.16077775761446625,15.50262341930949,0.7811783410365098,0.9786128299399424,1
1067,10,2,1,2,2,23,4,8,3,1,58,8755.55870572002,0.15748829256316316,0.12996354397047571,31.534835255398164,0.6906466735598624,1.5263272508031942,1
696,5,0,2,0,1,14,6,8,3,3,45,11695.455898721033,0.14328451964779518,0.05349164220983449,19.98484085253673,0.8914507271640666,0.5112692394141575,1
423,5,0,2,1,0,6,3,12,1,1,71,7776.065269875917,0.07734026862653838,0.05263532261605583,12.05780798012793,0.9215109839408325,0.6079118234559766,1
184,2,1,1,3,0,6,3,6,3,3,72,9860.870790386223,0.09267295041230658,0.16592108892843976,4.682012563834328,0.7836326822966642,0.40068927642261165,1
575,6,0,4,0,1,0,5,6,3,2,145,11199.871878435497,0.13509994429758498,0.17257816102432139,16.217585247048632,0.8415448526051421,0.7620475557698638,1
1087,10,0,4,1,0,4,1,11,4,2,52,6519.75552763692,0.04566504913829496,0.05971140056989101,34.42204064876282,0.9325805976313163,1.393722827670306,1
577,5,0,1,0,2,20,1,6,3,1,147,12896.743129499062,0.1613166363767757,0.18304922061996626,16.708860139267408,0.8250353643514661,0.7797785129981284,1
823,6,1,3,2,2,14,3,4,2,3,134,11543.785297491151,0.08406478708398607,0.10220064172883396,21.340113031794488,0.816180557034231,1.2493801726235856,1
412,3,2,4,0,2,8,0,1,1,1,93,11102.007101099267,0.17253538949163266,0.05227764486472907,12.35261787142172,0.7188341345396372,0.9716287043685464,1
893,8,1,0,1,0,0,0,4,2,1,114,9737.33508982727,0.14938701469132593,0.10009498704197153,25.73551128712727,0.7877330992200162,1.0638986884664496,1
893,9,0,1,2,1,8,2,3,2,2,98,8377.668783794836,0.1432663233386579,0.17148551958335823,27.046623244939823,0.8383616706850927,0.7620567230827437,1
739,8,1,3,0,1,9,1,4,2,1,140,10585.762324794083,0.16277777935106133,0.15804008303480266,22.323910717485123,0.7556319619263612,0.9546291308720628,1
890,9,1,2,0,1,2,4,7,3,1,63,13188.778737982135,0.05202152345868356,0.12666475793172172,28.80926360379253,0.8195911733743176,1.0286634855229395,1
712,6,0,3,3,1,14,3,7,3,1,145,12472.124348820675,0.08159531710094253,0.09033748239566086,20.676490842064947,0.9026302402265285,0.6031690604677908,1
528,5,0,2,3,0,15,3,3,2,2,85,12852.53775158554,0.12347799482251637,0.11522761288193753,16.874025071812287,0.8725824765329957,0.8827329332031651,1
858,8,0,0,0,0,23,3,6,3,3,142,6513.009864395075,0.16434501338446153,0.1086899224941181,26.63154749444277,0.8571342788546391,0.9486052496125346,1
948,9,2,2,3,1,8,0,6,3,3,148,13356.215602491719,0.17584892042531416,0.11020409034759726,26.907500485537895,0.6912761451521898,0.8694657304170041,1
953,7,2,2,1,0,6,2,1,1,3,133,8024.94666706405,0.10113658475766782,0.12814473107450672,28.10424263253791,0.7168234078755213,1.7417963151140672,1
376,3,0,4,0,0,19,0,4,2,1,126,6796.983264777047,0.16698362417734988,0.12195109078263952,10.184744821303584,0.8499793782680047,0.7645530764540016,1
802,8,0,0,3,1,8,2,9,4,1,87,5458.613478176414,0.07524385762189048,0.05844440302944742,22.85487361029178,0.9198402827068979,1.020909531056664,1
183,2,1,0,1,2,15,4,1,1,1,116,13963.928783067586,0.053189638907852305,0.09223052191260829,4.170125237949884,0.8345609276307927,0.4976975948754621,1
706,6,0,0,1,1,17,6,4,2,1,66,11478.368073556718,0.07945334801075316,0.06323967325930877,21.964521811242655,0.9157881404284721,0.26301234360562226,1
705,7,2,2,0,0,21,2,6,3,1,70,14095.671149950716,0.18450370598781854,0.14837731862563078,24.52426439164009,0.6702035389239478,0.9291707229797739,1
514,6,2,4,3,2,7,1,2,1,2,121,10736.989659376872,0.12704582729416847,0.11610670307798329,14.959946527478058,0.7105813613325317,1.676339916980544,1
1094,9,0,3,1,2,14,4,8,3,1,123,14323.36532535338,0.11701585761520125,0.16094662742864138,32.64836318946971,0.8549168817302708,0.7372302360082381,1
992,9,0,4,2,0,3,6,9,4,1,68,10678.854767185147,0.1589335503910815,0.0557685763309036,30.07777418962872,0.8833840429751066,0.6583242298796078,1
215,2,0,4,0,0,18,2,5,2,2,146,11750.13485847107,0.041614869039209024,0.10208363309971116,5.821908738507817,0.9153356740374858,0.3057390422276189,1
372,5,1,3,3,2,1,5,3,2,3,115,4676.326647769236,0.0589284989915473,0.0724633126600435,13.478597618219757,0.8408736847567841,0.48173242942810346,1
371,5,2,3,3,1,16,2,10,4,2,148,12035.904034869254,0.05593643612181948,0.05657578861233243,14.39949225862815,0.7693694988696316,1.1294287138565555,1
1005,9,1,1,2,0,5,4,3,2,2,92,11172.539751484972,0.0594667377719844,0.1792204202389803,29.330124132338728,0.7925907788950659,1.2927296112286308,1
657,7,0,4,1,0,11,1,2,1,1,105,6904.914451727753,0.11255205835181001,0.06356859183950203,22.17074577414217,0.9007457074139096,0.8877308216635458,1
850,8,0,3,2,0,1,1,1,1,3,111,5352.805868089469,0.08490926633036067,0.07148468525318627,24.912366568650178,0.9096227217874039,0.6966613213583444,1
925,9,0,4,1,1,16,6,2,1,1,57,8166.217676573567,0.16571600124686886,0.10601998576810437,26.777800729354194,0.857718805843262,1.13568630507502,1
886,8,0,4,3,1,11,2,11,4,3,70,4722.19250467039,0.17424625884118333,0.092697302219513,26.348589221519607,0.8598753975226866,1.4587864649609312,1
261,3,1,1,2,1,15,0,12,1,1,146,11209.951058998615,0.18799029555413352,0.20556736390801153,9.111241448270896,0.7228990532420347,0.39627269011293115,1
309,3,1,0,0,0,8,5,7,3,3,114,10551.315060051926,0.0713699838720959,0.2179563582911951,9.20651290650524,0.7698031460265191,0.9132218858029639,1
543,6,0,4,3,1,0,0,12,1,3,99,15013.786732398692,0.12045626950259372,0.11603212624828382,17.57482613986419,0.873580221912105,0.9807078300971408,1
491,5,0,2,0,1,13,0,9,4,2,40,10210.739305698391,0.04779165106280143,0.07620427013433359,15.19294346005014,0.9242018354612892,0.5512633904537506,1
867,7,2,4,1,2,16,5,5,2,2,44,12756.767660892261,0.07838530002147306,0.12966010353270935,27.23920257517723,0.7263795684006179,1.4605107312673198,1
323,2,2,3,1,2,15,2,9,4,3,101,11967.820909474023,0.1384123792841242,0.12922034867245497,9.936781046967381,0.6995652724195394,1.1065782248691716,1
521,5,1,1,0,0,6,0,6,3,3,48,12395.966598029207,0.10758277045085649,0.12388695510072156,17.54718698647883,0.7958386235017899,0.5515681155420353,1
397,5,1,1,3,0,17,6,12,1,1,55,7763.826059108663,0.15051187954236625,0.04366052119357689,11.418257610881954,0.8126224196688256,0.308886201283144,1
353,3,1,3,3,1,13,1,11,4,2,103,8984.201076892517,0.17427638088865177,0.06310785180415596,10.245326479186481,0.7931770952882365,1.0095150634902526,1
338,3,1,1,0,1,5,4,11,4,3,145,5437.235790858036,0.049525617421485355,0.0653815459696669,10.092895320885399,0.8482917764739815,0.3113529439162072,1
359,4,0,1,1,2,2,1,7,3,2,131,11805.666596657651,0.19017807493472944,0.10331699828269073,10.022711922639829,0.8479272170521609,0.3159916382280399,1
699,6,1,1,1,1,7,4,7,3,3,91,7629.253992430038,0.04678453258660749,0.144541816401605,19.586214558116655,0.8139031429553044,0.793629986786874,1
557,6,2,3,2,0,0,4,2,1,2,143,10585.510129192346,0.19706699560887722,0.19801183490896637,17.51642613953693,0.6422145262669703,1.3113523903346653,1
580,5,1,0,2,1,17,5,8,3,1,106,15058.284794955496,0.14202107601473912,0.08020411376926782,18.061456463517686,0.7999986645971969,0.692132459093479,1
621,7,2,0,2,2,0,2,2,1,1,143,12194.969788316013,0.046928003085964606,0.1788160104058374,19.277268152015598,0.718415193928689,0.9767245732889114,1
861,9,1,0,0,0,1,4,7,3,1,66,7211.994073492586,0.10298061090810903,0.08071741468521268,27.528720930329175,0.8173358884830052,1.239772779347226,1
972,9,0,3,2,2,3,5,2,1,3,103,10175.766111483605,0.08131335315478427,0.04587100623344156,27.85496738157899,0.9227670382752984,0.9148262475434734,1
664,5,1,0,0,0,7,5,6,3,3,141,11226.122657976905,0.1677715756187449,0.15697449974364847,19.00441119155346,0.753864266086923,0.6770400357001285,1
770,7,2,2,0,2,0,5,10,4,2,147,14201.841706908981,0.07607282708665528,0.0786339275400264,21.647330823657143,0.7503819604179932,1.3614802697120039,1
859,7,1,0,3,1,15,2,4,2,2,134,13525.134448636307,0.17219400215249486,0.20553790150130513,25.57252631648498,0.7300206433557901,1.111740139793893,1
815,7,1,2,0,1,3,3,8,3,2,56,7782.828140992109,0.08997462406983128,0.2080154944838343,24.83280945289737,0.7659044466508504,1.116428470641869,1
303,2,0,0,0,0,19,6,4,2,3,108,15035.69944017207,0.19826298739817147,0.05890572184220224,10.383893993186504,0.8642740808418318,0.4728871020423192,1
1084,10,2,0,1,2,13,1,4,2,2,50,5768.655789696095,0.0832654571336629,0.07504936242261295,31.113607402136406,0.7487583311996758,1.3833543084072555,1
331,3,1,2,2,1,2,4,3,2,2,82,7313.058800160259,0.14959372851603686,0.0778744495878424,10.357432740528651,0.7976393198532543,0.9381137677484159,1
558,4,0,3,2,1,9,5,2,1,2,43,4406.372872626452,0.16803100108877586,0.2040589311106844,18.007545740907524,0.8125595305102429,0.4097898883501699,1
780,6,1,0,0,1,3,3,5,2,1,123,7735.162722024035,0.07463350638581095,0.05404428499467242,21.724288822396243,0.8420949938787825,1.1920731569972225,1
551,5,0,2,3,1,23,6,2,1,3,125,8968.582065421091,0.052120919197947924,0.17521024673016314,15.016503600403587,0.87770097533235,0.43855466836971696,1
403,3,2,4,1,1,14,2,11,4,3,50,6895.699139976585,0.12819959705110098,0.09178683285794079,10.035902824278184,0.7210061065409311,0.6460127525115454,1
1029,10,2,3,2,2,19,5,9,4,1,140,4151.345923057473,0.14833265008647203,0.144838221052738,31.828320245716615,0.6880731079873554,1.3965508498480523,1
245,4,0,3,0,0,8,4,3,2,1,132,4126.171252130949,0.17076418942709384,0.0719107704227507,7.176795444698142,0.8707962680675699,0.41958734869657466,1
406,5,2,1,3,0,3,0,11,4,2,132,15087.592277813543,0.08364223139434973,0.18517533837831995,13.257874726709794,0.6990320936022986,0.8020897028719185,1
1093,9,0,4,1,2,5,5,5,2,3,89,12817.675909001739,0.17956574277726162,0.16073894936316505,32.103772464297755,0.826862888536808,0.9797103018127642,1
851,9,1,0,3,2,10,4,7,3,1,143,12380.7433650602,0.1865226638248547,0.043806412819119504,28.155820398565552,0.7963519155102117,1.3576592427334022,1
260,3,1,3,1,1,18,1,9,4,3,148,13428.806796966106,0.1646699164636505,0.08268385976839553,8.987538759367933,0.7886908006955793,0.5289357318278057,1
874,8,0,2,2,1,10,4,10,4,1,100,12330.273128339379,0.04121549596686368,0.12394304734008513,25.235428784441268,0.905678655511873,0.30192030855191676,1
1071,8,2,0,2,0,22,3,1,1,1,81,4737.489220059535,0.053954623667292374,0.1356115813149335,31.021701159422133,0.7346952077579983,1.2029474896047474,1
269,3,2,4,0,0,8,6,4,2,1,123,15108.77120631891,0.19963797661048308,0.1889088663402864,9.224389395971796,0.6451539206721537,1.566748342184976,1
560,6,1,3,0,2,5,2,5,2,2,44,9145.728055853855,0.15743179109042926,0.10965362315361243,15.854475744821068,0.7798115635901812,0.7587872526136998,1
610,5,0,1,1,1,11,1,8,3,2,77,9441.121699989944,0.14028666190311978,0.20683199313523004,19.471230876925464,0.8237966052327426,0.5006314575875133,1
300,2,2,0,0,0,2,0,11,4,2,40,14638.83435270941,0.18421792129762407,0.07489937223394108,8.394472877351951,0.7033972179107957,0.700914669680439,1
364,4,1,3,2,2,16,5,6,3,2,124,6454.035449568724,0.04634263443861915,0.19438833690178406,12.149639234010017,0.7916710628968185,1.2459470732714055,1
339,3,2,2,0,1,2,6,6,3,3,44,7753.83472147028,0.1611804579859281,0.20277391540459258,9.88571286951393,0.6562205319742657,0.9425823499373783,1
350,3,1,0,2,1,15,4,2,1,3,122,14260.141528657652,0.1447484111870881,0.15280365403648882,9.78191458608663,0.7661015706493904,0.44178934690196675,1
551,5,0,4,0,2,9,2,7,3,3,102,10235.937897974141,0.17571533303118772,0.2141542855322647,15.675017947781608,0.8045586716464463,0.975145011717422,1
606,5,0,3,0,2,8,6,6,3,2,87,9041.797958439185,0.16446467738117693,0.11390571333090865,20.02621983655437,0.8547333241795615,0.8746391769914176,1
398,3,0,2,1,0,14,1,8,3,1,109,15454.746550868056,0.11758893691458133,0.1658709694180192,11.319542604700587,0.8524430421503297,0.6526476511980653,1
446,3,0,1,2,1,16,4,11,4,3,44,14664.607515789867,0.051354952463249524,0.041817582325926674,16.633569576488547,0.9380723593448707,0.1730514625261494,0
356,2,0,1,1,0,22,4,7,3,3,129,14648.673882153218,0.18550424647567626,0.08944248176699718,10.350622024492079,0.8562739722907969,0.29566504397881854,1
912,9,0,2,1,2,6,5,1,1,3,69,6546.4262052251825,0.16216035934530246,0.1419464211392117,26.579052499865607,0.8431519487819686,1.3184265673855142,1
374,5,2,0,1,2,19,6,10,4,3,132,14126.763186225377,0.09702337035919789,0.197668076986825,9.93978440571332,0.6873888486942896,1.1290683801501127,1
1014,9,2,1,1,1,20,2,6,3,1,137,11880.332097788054,0.19742851955752228,0.21152662105741463,31.76355031534449,0.6359701867232783,1.708449990659525,1
675,5,0,1,1,0,23,0,6,3,2,100,12298.330234965477,0.0897773152324157,0.1442980070425949,19.530681056267202,0.8746661049762452,0.6337365438658283,1
918,8,0,0,3,2,23,1,11,4,3,104,4573.968649326029,0.09928969796177695,0.19405669598648695,28.345115356951347,0.8479941227232812,1.1873747921318019,1
765,8,2,0,2,1,18,5,8,3,3,141,10668.81438483292,0.19594811182111174,0.18386183363431302,26.118310183156645,0.6490855245450589,1.3789009702776116,1
424,3,1,1,1,0,7,2,10,4,1,84,6622.736220740177,0.1468977723295255,0.17926131803711126,13.160497874229545,0.7532284093350134,0.6175383151498866,1
733,7,1,1,2,1,16,0,11,4,3,83,15125.389987248494,0.18067118499778853,0.06006256497428951,22.494232432983225,0.791669812512565,1.1839884317785254,1
432,4,2,1,2,1,18,5,6,3,1,144,10739.592556388532,0.18204066347760048,0.12615501907114732,14.439987901301789,0.6813119428530634,0.8125160473532661,1
289,2,1,3,3,0,6,4,12,1,2,84,11408.678565488608,0.1258317337471748,0.1275267051401817,9.370201773241893,0.7859887025006896,1.0792663201288184,1
414,4,2,2,2,2,19,0,3,2,3,80,6919.419328176069,0.08271469113260094,0.1817424820547856,10.979445578957026,0.700994272065676,1.3288876872533646,1
433,4,1,0,0,2,16,4,11,4,1,40,9056.513408781326,0.17559133769688026,0.14549935222999877,14.59391853687322,0.7555091895329045,0.7462959525375614,1
304,3,1,4,2,0,11,4,11,4,1,76,10352.818810878603,0.12030201073354793,0.1875734859948207,9.144851589585718,0.7614560264722341,0.7566643132289074,1
201,3,0,3,3,2,20,6,2,1,3,67,13744.48215026338,0.13029616587731468,0.21216110433173097,8.33910118448292,0.8258942284059294,0.6299286418005328,1
1048,9,1,2,0,1,2,6,2,1,3,124,11339.040786856775,0.12661887414126227,0.1398394937135035,31.78740281256034,0.7800937344653555,1.2130231037054873,1
652,5,2,0,0,2,16,6,1,1,1,95,5356.440625777287,0.04153408966550641,0.1825079860830656,20.5877554275116,0.7191810659131426,1.4405387339503297,1
549,4,1,4,2,2,18,6,4,2,3,79,9409.374052801102,0.047339056786221294,0.1409007975558945,15.777832435857825,0.8152920655460479,0.817798343585722,1
1035,9,0,3,3,1,0,5,12,1,2,142,7546.272695597123,0.13862149214788316,0.15262648249065108,29.01607430995287,0.8489384114126596,0.7095686744461673,1
386,5,1,2,1,2,9,4,2,1,3,89,10466.989905789575,0.16710997739107603,0.12568113889791177,12.834350230362423,0.7682439976699555,0.8264664218573252,1
550,4,2,0,2,2,12,3,1,1,2,85,9638.021251109261,0.1131261734646278,0.2127271654783605,17.245906502037247,0.6733659974756552,1.2836474313652968,1
958,7,2,0,2,2,4,5,6,3,2,119,4267.937279427048,0.07046532762925958,0.18716391548553143,27.342207770832935,0.704066840598344,1.5836999052964855,1
761,8,1,1,2,1,21,6,5,2,1,68,6490.203038811163,0.1050616649921301,0.17534944876452088,22.98234943169644,0.7738149988095071,1.092608758754691,1
547,5,2,1,0,2,15,0,8,3,2,87,11920.94685879039,0.162931768277343,0.09932499854127871,13.737514910792296,0.7019844549316202,0.9675295706060105,1
415,3,0,1,1,2,6,0,8,3,2,117,10531.950226649979,0.05737942195914968,0.1273746983360065,11.934695970933872,0.8968606458671797,0.5084673737596805,1
212,2,1,2,3,2,10,3,10,4,2,75,4639.375995035771,0.12963182185413452,0.19532361545077323,4.878404701077986,0.7537700532127916,0.5775468967037594,1
258,3,1,0,3,0,2,2,5,2,1,87,11172.00762653405,0.15235404742418074,0.20854898267907226,8.610141781913457,0.7375936364535362,0.07749623505998704,0
328,3,0,1,3,1,2,3,6,3,2,41,10039.073505337892,0.10653327067652435,0.2195590018818723,10.233486189559954,0.8332584773487215,0.3117339221120623,1
903,8,2,4,0,1,17,2,1,1,1,127,5802.4186947951985,0.13620193915233605,0.17219726319377487,26.981398317791378,0.68122035894425,1.6130923415874134,1
768,6,2,4,1,1,23,5,12,1,3,134,4023.511198866042,0.1813563113313057,0.17155093942640634,24.197705551164514,0.6611917371590296,1.3231698154585605,1
578,5,0,0,0,1,6,6,3,2,2,113,8024.994995996855,0.07405011707316869,0.05689756310582154,17.499684044124127,0.9210735439194544,0.46415848454984465,1
900,9,0,3,1,2,5,1,8,3,2,97,13356.319172203688,0.06161330504865965,0.1752773498921511,27.516355493417574,0.8733992052766352,1.307933632835911,1
327,2,2,4,3,1,16,5,11,4,3,138,5596.36184618884,0.049735728188982406,0.10241343661911498,9.791209449085558,0.7515328758363561,0.7089314205269379,1
374,4,2,2,1,2,12,0,8,3,2,133,15333.180133625989,0.15619409174709628,0.1956322364437996,10.742732514499806,0.6616781523140968,0.8945425400063809,1
541,4,2,1,0,2,3,5,8,3,3,91,10509.441964322912,0.1840849331904874,0.04202514023780826,17.026502514767444,0.7182504669572669,1.1543100592332491,1
1024,9,0,2,2,0,16,4,3,2,3,107,13100.738871091598,0.15046298020913182,0.20818941554362502,29.447732493946894,0.8186064219112594,0.8626850335344639,1
745,6,2,1,3,1,5,4,9,4,3,143,15722.249516935912,0.19623245906196266,0.12709855127935168,22.512567971709807,0.6745010453464085,1.0634274936958061,1
962,8,2,1,2,1,2,3,3,2,2,62,7151.818001463418,0.15329771778046455,0.06303203592766875,29.978208127127797,0.72265161083134,1.7243795379614095,1
408,5,2,4,3,2,11,0,9,4,2,125,10994.288050358808,0.08615916316677782,0.14817974509548357,11.505073289526056,0.7145474912819824,0.8980473507953022,1
960,8,2,3,2,1,17,5,7,3,3,79,8087.885590255288,0.08089430061864368,0.16456645368001863,26.852294506524284,0.7095426605656019,1.2505153143034409,1
246,4,2,2,2,1,12,0,6,3,2,50,5014.550223508216,0.14666709873902667,0.1803636970138417,6.820730463535243,0.6728361419112092,1.1077595911759444,1
389,4,1,0,3,2,15,3,9,4,1,85,13522.020367942596,0.14812986834781713,0.16633255409696324,14.017309072068803,0.7584919098998488,0.7832696710083291,1
661,6,0,4,1,0,5,1,9,4,2,96,4145.037632415512,0.12380997305936631,0.13960755294452126,19.06356833856255,0.8614621132982506,0.4651387896775822,1
226,2,0,0,1,1,11,5,3,2,1,121,14426.019537387412,0.12430225312655846,0.054749924548035914,5.306818574077645,0.8994265200464325,0.76616286658163,1
969,9,2,3,2,2,17,4,5,2,3,56,13534.63026637271,0.10666262923575456,0.19532170757816855,29.539626546060536,0.6841070484337346,1.343078323518371,1
978,9,2,1,2,2,12,3,6,3,2,100,11660.807233848978,0.09598736468825708,0.21701280898424122,26.0682691500265,0.6791499218473757,1.4109633064551008,1
678,7,0,1,1,0,5,2,2,1,1,112,11093.678968970558,0.1414484018728641,0.1800412574922832,19.496596604930833,0.8353296532856838,0.8702813896238102,1
461,5,1,0,1,2,22,5,5,2,2,110,14147.926102323612,0.15960276736667886,0.04625359157555914,15.828468874892861,0.8073646384759929,1.3336501379503638,1
271,2,0,1,0,0,1,1,1,1,1,131,4668.460062327623,0.170144917377022,0.17602561757639806,6.785137624060217,0.824223259270961,0.33844896641236855,1
749,8,0,3,2,0,21,5,6,3,3,122,12836.68391859846,0.08925389117428731,0.0885353866394965,22.59757715788914,0.8999948249837972,0.5872752878350999,1
674,5,1,2,0,2,17,6,3,2,2,91,6165.032641810083,0.17723747780560503,0.21317803326873233,20.08978425108808,0.7243130200165482,1.2050431717737076,1
879,9,1,0,1,1,2,1,3,2,1,70,4244.24999354469,0.08843875375267843,0.05143136080257546,27.085186190668736,0.8370584484501358,1.5455026446262055,1
734,6,1,1,1,1,6,4,10,4,2,136,7747.481346308784,0.08878051449328905,0.05660651070934841,21.076764535776835,0.8345758386588131,0.944857807227346,1
298,2,1,0,3,1,8,2,2,1,1,137,7926.027681075493,0.16896036729978933,0.07264666072738207,9.297765539009466,0.7912768373877729,0.5390513307202005,1
292,4,1,2,1,2,22,6,2,1,2,54,6311.414532974075,0.1951000695299801,0.1755684599712094,11.019679582335236,0.7331991617244648,0.9629530883816166,1
898,9,2,4,0,0,12,6,4,2,3,89,12530.040462176818,0.18915611119412457,0.15725289319746372,25.95760381353014,0.6641159480237853,0.9771842240578867,1
326,2,0,4,2,0,6,2,1,1,2,122,10706.931450989252,0.05777269322729697,0.17090260698970805,8.797622894627924,0.8770961149023477,0.36163204388992826,1
1043,9,0,4,0,1,22,1,11,4,2,112,15040.732855726328,0.0861562582971718,0.10369916394557868,30.92118876802806,0.8945650599907623,0.611676606486385,1
277,3,1,0,1,2,2,0,12,1,2,136,13140.306870549808,0.16158344413778303,0.19832363623209184,9.329302179927666,0.7380418138335563,0.6518515839876072,1
850,8,1,2,1,1,19,4,10,4,2,64,13913.558985043646,0.16899897533481228,0.12032609371888117,25.60815866450135,0.769803718925838,1.021712313322548,1
1077,9,2,0,0,2,19,6,10,4,1,143,14830.051795363759,0.12068264464755482,0.06414059956915771,31.789506618010744,0.7368295401024794,0.7410566296623847,1
585,6,2,2,3,2,9,1,2,1,1,65,13676.306325725274,0.042576444486482255,0.17814532672001698,15.935493441943398,0.7206752029570753,1.2331541244674957,1
232,3,1,2,1,2,1,5,7,3,3,50,5417.630541224069,0.12029561173080108,0.13531690789867976,5.945594673604783,0.7849743661667337,0.8933485945278407,1
986,9,0,3,2,1,21,5,2,1,3,120,6225.749123147181,0.04498350769106555,0.14681398188949135,29.77858095112795,0.8936911296887494,0.9549081308433616,1
352,4,0,1,3,1,23,3,4,2,1,142,8821.738653976736,0.08502327116712768,0.10932174620642823,10.24655060637214,0.8925447421818998,0.10450654866806713,0
665,7,1,0,1,0,9,1,6,3,3,78,7984.804910080755,0.14509760805831712,0.16792951722151775,19.889485187138607,0.7591377936240743,1.2463968607461557,1
1085,9,1,2,3,0,4,4,9,4,1,57,14625.107241210171,0.061536383945319,0.0464022317594068,32.078383262508964,0.8514276229328734,1.6122342224382216,1
865,9,1,2,1,1,6,4,4,2,2,136,10290.399627741968,0.1539983269944665,0.1284116378321736,29.17317697618932,0.772915515828012,1.2826753021875654,1
222,3,0,3,3,2,3,5,4,2,3,50,14511.235266560378,0.1394217978179701,0.11688854385435848,6.445128064198847,0.8646603462474521,0.4661585432170115,1
934,7,2,0,1,2,14,3,10,4,1,113,8645.937630091295,0.10875107497540876,0.1743660456962953,29.043289623734196,0.6925972956977331,1.2491426806547146,1
328,4,1,3,0,1,12,0,3,2,3,53,14878.10019154723,0.0995448082843735,0.08785645770792871,11.80817908632513,0.8156694303034641,0.8798663056970344,1
869,9,1,2,3,1,8,1,6,3,3,113,4860.73080271951,0.18634662402733354,0.08206805773948393,27.432933354788222,0.7792133932049321,1.1985488493083645,1
751,7,0,3,3,2,15,2,4,2,2,52,9346.571907215004,0.12850730590548343,0.09756980870644166,21.54622662602502,0.8782652984246337,1.0058922004194266,1
444,4,2,4,3,0,14,3,11,4,3,81,14813.528185409707,0.18222392689215622,0.12649784630973765,13.448827494047556,0.6810752020591477,1.2295374216114516,1
569,5,1,1,0,0,0,2,7,3,1,91,9395.513318656887,0.10599076054608655,0.0777779318098737,16.50509567970924,0.8173040884398179,0.6043519003739337,1
288,4,0,3,3,2,9,6,2,1,2,139,12792.303155680662,0.13514242885884614,0.16315726244052003,11.59624669862887,0.8457651389152852,0.43417278284642974,1
1087,11,0,0,1,1,20,1,2,1,1,118,8330.520062782705,0.19273739229283024,0.09969002685952968,33.49804712536641,0.848407661381438,0.9794505024241668,1
399,5,1,4,3,0,19,4,12,1,2,143,13950.52205967287,0.05985375952924925,0.11587489717897381,12.244182295976426,0.8209221044812997,0.9436821395678688,1
463,4,0,2,3,0,20,2,12,1,1,99,11576.964598837658,0.0820449065143238,0.1403668168755557,15.926114794152186,0.8799147244745542,0.16404985781530917,0
642,5,2,3,0,0,22,6,10,4,2,68,13742.302872813596,0.1866710309051112,0.1078375601769172,18.471732379589966,0.6874711340130871,1.1313580953974185,1
798,8,2,3,1,0,1,6,1,1,3,86,10437.8448074631,0.10752070595381405,0.1662208723956628,24.861930523180025,0.6968162897427354,1.3279746863307766,1
644,5,2,3,1,1,6,5,9,4,1,96,11651.373090506186,0.08352566213748101,0.15811513566110658,19.790263698359144,0.7112616409906355,1.0760195539192556,1
644,5,1,1,1,2,11,5,8,3,3,102,10343.859569780503,0.19957435385124475,0.17623027938876745,19.364223477064147,0.7308879150419945,1.3688897920581784,1
716,5,1,3,2,2,12,4,12,1,3,139,10807.744170631762,0.05635348929563255,0.13414082400084512,20.714417605186984,0.814277559016585,1.327759104352242,1
969,10,1,2,1,2,18,4,6,3,1,138,12270.002122918318,0.13784688169713916,0.1061359338191391,30.505025755995973,0.7902077330176748,1.3807341240883935,1
543,5,1,3,2,2,17,3,6,3,3,51,5450.170834694195,0.1660919257759749,0.07620298798951188,15.533536164223012,0.790967288805531,1.4147957312254043,1
945,7,1,3,2,0,16,0,8,3,1,127,13222.926348556453,0.16587823967644463,0.11863950026186759,29.004855928156374,0.7719670170277595,1.3798434672269648,1
903,7,1,2,0,0,3,6,2,1,2,72,8262.49124080512,0.11069472307857722,0.1971426421035363,26.225460835840966,0.761473185668049,1.1486850875421408,1
1064,9,2,0,0,0,16,6,9,4,2,104,4150.9473949925095,0.04703376547273088,0.061784697786238935,33.20535420518885,0.7710316915334635,1.149694584045491,1
1020,10,0,1,2,2,19,3,6,3,3,144,11724.098282246756,0.17456433448636133,0.07877231609132368,32.09764742081278,0.8659985072400417,0.946825885673942,1
914,9,0,4,0,1,18,6,3,2,2,137,11363.678985274826,0.1684379958808888,0.1597442455578682,28.311812076998986,0.8323179913525593,1.187492271406141,1
406,4,2,2,0,2,13,2,10,4,2,93,12709.854990672711,0.07798092037617457,0.14349130537035334,12.175970197044807,0.7203374984140624,0.9544806521416259,1
892,8,2,3,2,1,2,0,4,2,2,45,15979.829515322446,0.09448438779079256,0.20491339470907924,27.996892787671655,0.6852709978750576,1.0558563586693936,1
857,9,2,1,1,2,3,5,11,4,3,144,9537.388083812279,0.12201477297841257,0.045225988861972564,26.837945032118952,0.7447416571718266,1.234718220971823,1
446,5,1,3,0,1,17,3,4,2,3,139,15679.868088885469,0.058262993226153595,0.19813293155150713,9.877004160630445,0.7846218338500527,1.153465730112796,1
803,6,1,2,1,2,20,6,6,3,1,81,10933.375087186418,0.1712903243359176,0.17058818546100302,22.550324062791415,0.7461546705913857,0.4966095102132687,1
412,5,0,1,2,0,19,1,6,3,1,55,8294.524334337286,0.18753599537715887,0.17959300368322753,13.044592283835744,0.814791950422826,0.9583130422395539,1
661,6,0,0,3,2,10,3,9,4,3,98,12133.477958848236,0.0893110930223259,0.10816007426743274,20.13040875257277,0.8911379747196086,0.8324514702363146,1
913,9,2,1,3,1,14,4,3,2,1,128,6357.457828041533,0.1878447144537353,0.09531854023279952,28.47490483272365,0.6925765353910593,1.3262934793017165,1
353,2,1,2,2,0,4,0,3,2,1,89,15595.505345339154,0.16813912194814137,0.04258801011719359,11.948089602954092,0.8051727905705993,0.7288044508930978,1
489,4,1,1,3,0,14,6,3,2,1,42,9292.691812583165,0.156452071040585,0.18173292960649998,15.172406102647935,0.7478167497088117,1.0554599925772241,1
911,9,0,1,2,0,4,4,3,2,1,90,4127.577427590836,0.19506459424105593,0.06907957876956161,25.072471010327167,0.8611351221452221,0.9009271350312656,1
597,6,1,1,1,0,19,1,6,3,1,96,11863.906071159101,0.09194402586929187,0.08070325148910049,18.347701308386338,0.8223087251887234,1.0621139296338324,1
1063,8,2,1,3,2,18,5,8,3,2,140,5443.963461851866,0.18650284754943505,0.08978106054042495,32.6326485413226,0.695672241359563,1.6716580761067703,1
187,3,1,3,1,0,1,6,11,4,2,128,5066.990480646249,0.0557445756174276,0.1965413783234431,6.254958119069713,0.7864713207266082,0.7201616899370838,1
844,7,1,2,3,1,22,2,6,3,1,116,4282.653536006024,0.11648226405044296,0.09182207148792199,25.25466460270773,0.8062630490077358,0.7909408861567797,1
929,9,2,2,3,1,19,4,5,2,2,84,14595.612894719541,0.1283218015273992,0.11662298200856344,27.454268555042727,0.7097748474088168,1.3848004851927769,1
1024,8,0,0,1,1,9,5,2,1,1,144,4404.135027738057,0.05964969873048,0.17452201418542282,31.286435545569045,0.8746227291878437,0.3856261348599801,1
324,2,0,2,2,1,10,1,2,1,2,65,10446.427244870843,0.1579766409704057,0.2006087801392007,8.902503886207466,0.8186365605006771,0.6638500752104551,1
1085,11,1,4,3,2,1,3,10,4,3,76,9873.237091423045,0.1160286342131315,0.18241285487028616,33.66405932025258,0.7657013299124621,1.36732208772095,1
540,6,1,3,3,2,22,3,8,3,2,133,14932.455462427428,0.11288647032139193,0.13637449603411309,17.124779511729653,0.7878325651400228,0.8511913040021658,1
503,4,2,2,0,2,2,2,7,3,1,149,14933.711738920829,0.1330303465348705,0.04039225569891403,14.901906411168929,0.741959828994797,1.2265667109327767,1
507,4,0,1,3,1,22,2,6,3,3,129,15050.582109004981,0.06155386886759336,0.06841161034309295,15.523017718441958,0.9215155343551912,0.20082875073751177,0
767,7,0,1,2,2,15,4,7,3,3,117,8800.034208422221,0.07200402564831054,0.0856484984573578,23.22621751887993,0.9090563641524493,0.8112564625117015,1
786,6,1,0,0,0,22,5,11,4,3,143,9682.019579187461,0.06890950829154754,0.114477799719198,24.616983302610667,0.8174757113951645,0.7923540662553996,1
616,7,1,0,0,2,8,2,3,2,1,54,13908.023643423125,0.19230921559321187,0.10519413063248956,19.82258966630163,0.7661234941984344,0.9333987049305049,1
245,4,2,3,2,0,21,1,6,3,1,113,5441.897458300478,0.16371038125052503,0.1325931417776285,9.295035428942175,0.6866634146373308,1.0502173030488586,1
1087,11,1,4,1,0,10,5,3,2,2,85,5373.019545891649,0.124671516052724,0.1141649549742916,32.08856506624785,0.792523588037843,1.8132519391804,1
384,3,1,4,0,2,8,1,2,1,1,105,15060.73595495801,0.1455128210196633,0.17069200676067364,10.313320301705199,0.7577078274988484,1.023891310515225,1
266,2,0,3,2,2,8,0,9,4,2,67,4353.206655244664,0.14399649698244144,0.04940152754967672,7.875255231801485,0.8929708889605468,0.8465157526657787,1
729,8,1,4,2,0,22,2,9,4,1,93,8594.485835769001,0.0819752016180003,0.2190510716571238,23.28355900715868,0.7645381770261942,1.4908483904628087,1
559,4,1,2,0,2,11,5,11,4,2,65,6339.354681187837,0.05385725390620385,0.1917505934567103,16.948290655485813,0.7894764686866886,1.103875630171463,1
746,7,1,1,1,0,11,5,1,1,3,110,5007.838273448217,0.1287902018912202,0.10029400010292684,21.5300578607306,0.7969121091026339,0.49556510076845467,1
985,9,1,1,1,0,15,2,3,2,2,142,15686.41720358989,0.08208679829017945,0.11142437948894535,30.45772724389376,0.8129199699993939,1.043919560226398,1
269,4,1,1,3,2,13,3,7,3,3,46,5991.427379932923,0.17975546380994023,0.21346720768363994,7.925539168758531,0.7230497978278889,0.5555472959557537,1
441,3,0,3,2,0,12,6,10,4,2,145,9183.698270727498,0.07776848707309203,0.20844477277978596,13.613884108372762,0.8512040330662048,1.3080957533970234,1
655,7,0,0,0,0,9,5,12,1,2,112,7074.0700524241765,0.13165783603124687,0.11077124179746586,20.380706291073697,0.8709069149770793,0.4122398436288213,1
904,9,0,4,2,2,3,5,10,4,1,41,9894.035157989214,0.10721486430384777,0.050730849179247015,27.1193282828114,0.9089244289326073,0.6513655193950011,1
732,6,1,3,3,1,23,0,11,4,1,103,13202.730447474863,0.15886445231378785,0.21783394601817896,21.019984713106062,0.7304857207506149,0.43615345711730436,1
532,5,2,1,0,1,11,1,10,4,1,55,11916.603351094473,0.19211939476053294,0.1576756084533381,16.15981666699351,0.662592248553758,0.8726290991620661,1
741,6,2,3,3,2,23,0,4,2,1,128,10860.99723029543,0.10585137114328746,0.16474032587782755,21.999656900797145,0.6982337363404982,1.3598850309727777,1
1081,10,0,0,0,0,11,6,7,3,2,70,10128.17512851769,0.04709672440029437,0.08942718299469718,31.191491384907067,0.9185642416722538,1.1550900549501888,1
621,5,0,2,2,2,14,2,8,3,1,46,5582.224546089394,0.1458290225816957,0.1873668045538848,19.064593440309906,0.8300618777889888,0.5346471075561898,1
992,8,1,0,1,0,13,3,5,2,2,133,8830.043913574445,0.06066957972519228,0.14034673774440823,30.69328403290377,0.8095426571386798,1.334387782393482,1
897,8,0,0,2,1,23,3,11,4,1,99,14863.191426025445,0.056720240676151765,0.12464362008796623,27.837955556060443,0.8983862626561469,0.7906228204775075,1
457,4,1,0,3,0,2,3,10,4,2,107,13846.276547136522,0.14584930181230496,0.1734163583691415,14.004357885659122,0.7563304529183491,0.6279330127025601,1
409,3,1,3,3,0,12,0,7,3,1,131,4776.876981665379,0.05644997367565747,0.10694190565695216,11.423234172283399,0.8264736543003257,0.7671538702924457,1
888,7,2,3,3,0,3,6,6,3,1,102,14085.321053533733,0.060604341081188215,0.11729286721635401,26.323151664933356,0.7399462562661059,1.6447676904012307,1
370,3,1,4,3,1,20,2,10,4,2,127,13936.463702188817,0.11025291685127075,0.15741882904133606,10.779088126606556,0.7795477143483269,0.8615619180325789,1
489,6,2,4,1,2,12,6,3,2,3,105,13623.529789976874,0.11237217379743775,0.1551255556229433,15.417582479992811,0.6996260217608284,0.9757059596798345,1
396,4,1,4,1,0,22,5,3,2,2,43,13777.751506464763,0.18619428894935208,0.21481347406251597,13.144784487614903,0.7195465066446594,1.0366400543706773,1
737,6,2,4,2,1,6,4,5,2,1,144,15796.408221724483,0.08418147407925258,0.1413132356682134,21.665113202916324,0.7185273806136403,1.4023322322371803,1
450,3,1,0,0,2,3,4,2,1,3,145,4662.46630428252,0.1041496172361443,0.09777738087154852,10.837308765442295,0.8091328508515383,0.6781326857219823,1
785,8,1,3,2,2,15,6,6,3,3,70,8605.656704823668,0.1532033642171272,0.09173899794455243,24.81735132527756,0.7897759370272441,1.429169718123981,1
1040,8,1,3,2,2,3,2,6,3,3,111,15621.251728166373,0.17232318979427064,0.1361234211526637,31.04506908883086,0.7611990250738796,0.755508993277075,1
943,9,1,0,3,0,8,2,7,3,1,53,10632.027242522941,0.09585925885531266,0.061520609524585476,28.595686471291256,0.8291790592290459,1.1123325541008418,1
1052,9,2,0,0,1,7,4,6,3,1,71,12187.56582768654,0.1409723872028929,0.1458578034835688,29.874959282567712,0.6909264141910922,1.6063671292496502,1
202,2,1,4,0,1,5,1,11,4,3,106,8342.262596597342,0.13986974197237184,0.1102458893408334,5.117008646299382,0.7874479659090576,0.36968341288992956,1
599,4,0,4,0,1,3,5,4,2,3,78,6542.791122678161,0.08851321956118882,0.10335947413311214,16.504693183687504,0.8936572878375646,0.3465811971562243,1
382,3,1,1,2,0,15,0,5,2,2,146,15741.11190843772,0.05897939118324659,0.07464592372193998,10.552188723646877,0.8398686082926661,0.8633436598080159,1
1024,10,1,0,2,0,18,6,9,4,2,48,8339.826193742421,0.1492027334240045,0.12917440523831186,30.35923040176594,0.7747302876019576,1.4560943600331266,1
834,7,1,1,2,2,9,2,4,2,2,118,10730.405494146566,0.08289089086250241,0.04677392941981242,23.329307406829347,0.8416508308729583,1.3568321872934441,1
474,4,0,0,0,0,6,0,8,3,3,107,6925.777242811226,0.09092517805625638,0.14929310665298548,16.655667472708032,0.8719017718808412,0.31633814747399447,1
698,5,0,3,1,2,3,4,12,1,1,138,15603.41486809897,0.1315768277975468,0.09139883516991631,22.170932145455705,0.8796609516646415,0.8613248353255842,1
736,8,0,1,1,0,16,1,5,2,3,128,7100.965575786795,0.06572943028504527,0.20291260479202677,22.901018325748442,0.8591110842153176,0.8690479204742572,1
635,5,1,0,0,1,19,2,3,2,3,138,14967.343931129057,0.07863972779621059,0.1347451410667358,18.670137450931637,0.8039768090116741,0.409865367917995,1
616,6,0,4,3,1,13,3,3,2,1,127,7501.717716525427,0.11137261071139318,0.18050570266322236,20.802363461742104,0.848654758981423,0.8844420983716519,1
230,3,1,4,0,2,10,4,1,1,1,64,15363.107128899943,0.18055732465339142,0.1932139952519138,9.201149588653937,0.7318029060426127,0.9234854872509803,1
596,6,0,4,2,2,15,0,4,2,1,86,8407.982984614902,0.16356097994590296,0.1982169727277872,17.1963096413547,0.8171999212968394,1.1043035219394879,1
500,5,0,4,1,0,21,0,11,4,3,115,14464.72528958068,0.09081549658086138,0.19671357818936894,15.455106471402965,0.8506119163533963,0.5768984504973818,1
932,9,0,0,3,2,23,3,4,2,1,149,11197.898129123274,0.08833102187558942,0.08058437254870318,27.90743034552794,0.9039880725090683,1.197594938252117,1
975,8,0,3,2,0,4,2,12,1,1,134,5365.887038074102,0.1979751859347821,0.09459679912211935,28.53467192996283,0.8483426067243943,1.008809513749834,1
870,9,0,3,1,2,11,4,12,1,2,111,7547.455464735731,0.1445414837416512,0.16742886014180874,26.296171386472114,0.839613345252443,1.4900664341404846,1
208,2,2,3,2,2,21,5,9,4,2,51,13130.65120240186,0.1496854451892171,0.13677130974799553,6.170882923665134,0.6910944602782543,1.163071733236625,1
953,8,0,1,0,0,15,4,12,1,1,86,12010.452269899626,0.048819892061985434,0.149679811808635,28.53183103027435,0.8906751332582208,0.9117060099698311,1
544,4,1,1,0,1,19,0,5,2,3,111,8273.175741123965,0.05679560539716819,0.16199127669796792,16.175470443036776,0.8015459030571888,0.513070811529589,1
563,6,1,4,1,2,23,6,12,1,2,124,6344.1452590563695,0.08711258160059035,0.06056547069577215,18.94160610749226,0.8335448764666369,0.6645155305294566,1
1049,10,2,0,3,2,2,5,7,3,2,69,13945.99247463573,0.1747217795748308,0.07029515906459942,30.636995579588575,0.7097423776122563,1.8540449859370058,1
977,10,1,3,3,1,14,0,1,1,2,91,11468.60811433136,0.1857070927397934,0.15481052050894176,30.870829777251778,0.7467670740380692,1.5578338674466987,1
226,2,1,3,1,0,12,5,10,4,2,130,12183.576906911174,0.07056469535160302,0.1525668375754958,5.457354603113165,0.7995908101828055,0.5753354859000221,1
511,5,2,3,1,1,6,6,12,1,3,131,9748.801692661888,0.15427148275611088,0.1871376903811059,15.73158255133592,0.6663658720882524,1.0929167239963595,1
869,9,2,2,3,2,15,3,11,4,3,64,8204.090328845814,0.1798620209806646,0.1648807310658267,27.72044083300395,0.6648657615790788,1.5373166916818384,1
675,6,0,3,2,1,2,5,6,3,2,67,8586.994210912493,0.18062414471694413,0.07738179473443713,20.845993335800166,0.8638973272468784,0.4753245979420037,1
417,5,2,4,0,0,11,6,2,1,2,81,4373.340757378122,0.11340916239565291,0.052613026063823634,12.594037775472016,0.7452900151932356,0.9322391019769475,1
662,7,1,3,0,0,9,6,8,3,1,110,15325.156452952147,0.08140455819687067,0.1103844590646737,20.562807766605573,0.8136949422323051,1.1291170194802327,1
977,8,0,0,3,0,9,6,11,4,1,114,8398.555190991221,0.1930054319396584,0.10682902261614033,30.893273265275415,0.8450744954498906,1.0605681739104238,1
385,4,1,1,3,1,14,1,11,4,3,123,9795.629112540591,0.0842533021523921,0.17813488624459078,11.021538773227435,0.7819253152213578,0.6704102766469497,1
866,7,2,1,3,1,22,0,8,3,2,101,8285.872923091472,0.08043120977555845,0.16086700437210852,26.269337469386826,0.7114158036335498,1.6784773625834575,1
855,8,0,1,0,1,22,4,10,4,1,140,8262.232562941666,0.07290926089659203,0.19699644245799916,26.858104500875676,0.8585424334904339,1.1418261392741818,1
994,9,0,1,3,2,16,4,1,1,3,53,12227.3732419893,0.12520567369798305,0.13076712029682688,29.292265209946475,0.8648122427023355,0.813210739577825,1
454,5,2,1,0,1,7,3,8,3,3,97,12044.272600533826,0.057149496218428394,0.09196583422173592,16.029813452889893,0.752898101301926,0.6568794505280167,1
378,5,1,3,3,1,23,1,2,1,1,64,13722.700201193977,0.13131002718018522,0.13076506741889748,14.435239570586385,0.7820662074304128,1.0177052545511587,1
683,6,0,0,3,1,23,6,9,4,1,99,4861.499192976244,0.19099028650361172,0.07879036226033354,21.686520548475148,0.8585987080562246,0.5898052401093468,1
668,6,2,3,1,1,20,2,1,1,2,137,14488.704266139033,0.12079507473380074,0.050895509356006424,21.29433213455934,0.7427392371595867,1.0366407830719615,1
556,5,1,3,0,2,20,5,8,3,3,137,15480.186418410758,0.1944556133858175,0.12994294922070093,14.557136103431922,0.7540206468270667,1.0830890816075065,1
896,8,0,4,2,0,19,4,12,1,1,148,15869.27397963115,0.1849125513293446,0.1144489205323902,25.193838799582082,0.8452873376622193,1.1767350400168812,1
915,8,0,0,0,1,18,6,2,1,1,93,5545.503907271819,0.16676826666745012,0.04580122959682161,27.17761414766678,0.8843437266810776,1.0314320949109885,1
406,5,1,1,2,0,17,4,6,3,3,116,9840.368386891354,0.13728915987239143,0.16982927446641982,11.894906575921967,0.7617967045475349,0.8026124599412926,1
911,9,0,4,1,0,15,4,1,1,3,92,15268.514881911688,0.18090845885467097,0.15598320232825647,28.324737684395135,0.8283987524676826,0.4827484953472816,1
392,5,1,2,1,0,15,5,9,4,2,41,13107.238001698644,0.1287974067489122,0.05328439065951279,8.899002181358135,0.8180631911662087,0.9860360179464037,1
555,4,0,2,3,1,9,0,12,1,2,71,4722.415016798981,0.07315221017583715,0.1678042437809786,16.948551673591766,0.8715695957194329,0.44532726266881295,1
205,2,0,0,3,2,21,4,1,1,2,121,14443.652995960572,0.1880287159756537,0.054908013164001096,5.983847642380109,0.8706784718871553,0.46603849589026386,1
493,5,2,3,1,2,15,4,7,3,1,45,14062.547042896555,0.12035038080126367,0.13317819394904046,14.323527425648157,0.7059121413623631,1.1456683360837847,1
1061,9,0,1,1,0,14,5,10,4,3,110,13362.016367192686,0.18523969190602413,0.15200443473108707,33.80896657446752,0.8282401430133,1.5656331775308923,1
587,5,2,4,3,2,17,1,1,1,2,90,8942.044306904925,0.10290333860678261,0.12981739891845426,17.077688410786767,0.7152756681136434,1.760924538754482,1
833,8,0,1,1,0,1,4,6,3,3,85,11587.536117646234,0.0937158904999647,0.17453305518320172,23.18093682492865,0.8592879744425751,0.7147175067277506,1
279,3,1,0,0,0,22,1,2,1,3,120,12591.07600225157,0.16255861178030434,0.10940199194923406,9.090458546248975,0.7776177283217077,0.2738351022037599,1
764,6,0,2,3,1,13,0,12,1,1,65,8759.796513317178,0.14151127317653533,0.07833200273882603,22.963869936953408,0.8810705258380873,0.47257323405861357,1
521,5,1,2,3,2,22,4,7,3,3,68,13408.002720459186,0.11035598959641671,0.1275534367657223,15.501801337012378,0.7929407581370375,0.9874553186442651,1
864,9,1,2,1,1,2,0,7,3,1,58,7279.452273182153,0.1805742518713567,0.10160264834208882,29.158392727054007,0.7730203949039496,1.0470962227225027,1
1033,8,0,4,0,0,5,0,12,1,1,51,6203.60988610407,0.12265225815961114,0.06722974300078846,30.636329401102547,0.8945530994778201,0.7156934808130726,1
669,5,1,1,0,1,22,3,10,4,2,49,14306.792309329203,0.042046580426834644,0.12479502066786236,20.82301244070096,0.8249212795073864,0.7332776730904069,1
274,4,2,1,2,0,16,6,4,2,1,51,8071.8538241147035,0.15091261707684292,0.0762574724470349,9.19820764337596,0.7177734597142549,0.9836451865655821,1
618,5,1,3,1,0,15,5,8,3,2,110,4681.261085374666,0.05010506742356496,0.12465331624473211,19.787837704745424,0.8213587273492663,0.8661981238360503,1
293,3,0,0,2,0,9,0,4,2,3,72,13992.36775482969,0.11697636655277907,0.1466550439584396,8.513473883466169,0.8613658652699516,0.2707635284303629,1
593,6,2,4,3,1,13,0,7,3,1,77,13588.187533533062,0.07073272446284201,0.18079556960793822,16.729161254456667,0.7068122676681489,1.1612416768118732,1
236,2,0,1,0,0,13,3,10,4,2,122,13628.685505623114,0.07871735975946205,0.19356987720495514,7.929413222931274,0.8574707433660123,0.3401625089866918,1
769,7,0,1,3,2,4,3,12,1,2,96,8090.603427245186,0.1967704319821316,0.16026939542963783,23.395967062239453,0.8193320776647037,0.9594263331010479,1
465,3,1,0,0,0,13,0,12,1,1,48,11238.989077927688,0.05815669007285655,0.20083759509919583,14.391108911870582,0.7834525716725764,0.7570811358435755,1
365,3,0,1,0,0,12,1,6,3,1,97,4166.986278782827,0.16123315277247144,0.140402054229518,10.065209839227265,0.8442641568491047,0.07479121794958143,0
195,2,0,2,2,2,7,0,11,4,3,112,4027.423685384765,0.14199122030439157,0.1678778061552885,6.507806334386899,0.840558938093144,0.5462322612556716,1
997,8,2,3,2,2,8,3,11,4,1,106,7111.196211667895,0.07120683172510896,0.17866526911286715,27.523712281088514,0.7075575546229107,1.4025914826819,1
950,8,1,4,3,1,18,4,7,3,2,135,10303.692738339065,0.18965406916251942,0.1884722694140291,27.62425709228112,0.7298431476405531,1.0752451983346032,1
926,8,2,3,2,0,16,2,1,1,1,105,11203.784923366708,0.07222663218521636,0.17533326099024257,26.722832702660185,0.7085980480710434,1.2862671018681107,1
233,2,1,1,1,0,11,4,2,1,3,129,5600.804523016035,0.12249355224627645,0.2024345426674058,7.526731275717706,0.753782357288843,0.9199000331848368,1
501,6,1,4,2,2,14,1,8,3,1,97,14411.956285557133,0.16648351043098758,0.12511386806816238,15.003150107078778,0.7687811796753825,1.254841571332874,1
1073,10,2,0,3,2,5,5,10,4,2,110,15514.626148376545,0.16217138423288924,0.21162677977019279,30.58944952355309,0.6517908261986131,1.566307945986784,1
712,5,0,1,2,2,11,0,11,4,2,57,5430.545848270599,0.09115328083537882,0.11205158714142033,20.054951421396552,0.8885578094104404,0.5012847391262637,1
298,4,1,1,1,2,13,3,3,2,3,149,13886.29409903272,0.17428357862433252,0.052634280680044984,10.160291596604596,0.7978869633130301,0.40169811901738317,1
309,2,2,2,3,0,6,2,11,4,1,42,11370.854752735395,0.1939354592022994,0.07278078799802568,9.088878911852516,0.6999776887598537,0.6550303742378316,1
422,4,0,1,1,2,4,3,10,4,3,146,10028.779790458455,0.11584317191247004,0.14048786033559071,11.811163361736766,0.8646510354883726,0.5986691890168162,1
1074,9,2,4,1,1,12,3,6,3,1,103,9868.762102635967,0.14437044794286644,0.0426258233933653,32.87021451319334,0.7358516778986957,1.528700510317762,1
336,3,0,1,1,2,22,4,5,2,1,77,12998.02192865297,0.09832225240698145,0.06833094657039757,11.920593652918448,0.9050060604601794,0.30987897873793374,1
1010,10,1,1,1,1,11,6,6,3,3,86,6506.982261105104,0.0966532529659667,0.10733392281265397,31.669540918182587,0.8082057708996208,1.4109332927945988,1
803,8,2,3,0,2,21,3,9,4,2,48,11307.50572377009,0.11515453853115018,0.15237348043086876,21.562585308060456,0.6996123914670914,1.5116393380182829,1
1028,8,0,2,2,2,20,1,10,4,2,85,7136.242457199228,0.07154129532893522,0.06979902176377624,30.53721753895796,0.9163968573082798,0.29925731709805914,1
939,8,2,2,2,2,17,3,3,2,2,47,5021.943534122674,0.15030424348321528,0.14347555509131163,27.740325152686175,0.6877990906414628,1.480379023245339,1
485,6,0,4,1,1,21,3,5,2,3,87,10634.556635422723,0.06649200716024362,0.1593662141917343,12.72026687611249,0.8783638003916099,0.9348382496404503,1
941,9,0,2,3,0,9,6,2,1,1,55,7223.2939208520775,0.04082896033741724,0.17745869768334718,26.814660260341295,0.881770553890656,0.9693085073378845,1
335,4,1,0,1,1,18,3,12,1,3,52,12911.846160374862,0.11031617660638143,0.15888617631793958,11.374668433386981,0.7788589411840555,0.8491709859497751,1
447,4,1,3,1,1,3,6,5,2,1,118,11804.953699841177,0.052227245010085355,0.08501489866087507,13.585962248656415,0.8382410353480678,0.7296584283704587,1
374,3,2,3,0,0,7,4,4,2,2,59,6691.869015376082,0.12999020213368112,0.21952483694121652,11.138867709087142,0.662718232416296,1.023395325505698,1
302,3,2,1,3,2,13,4,3,2,1,76,14338.749457913616,0.12325904858305445,0.19988476206598135,8.36725693915508,0.6745852852079338,0.9800713660511448,1
262,4,2,4,0,0,0,2,1,1,3,112,8163.983067527402,0.06196230365463354,0.10723341315146276,9.79347863935236,0.7438619274372567,0.9966285090739084,1
352,4,1,1,0,1,18,1,6,3,3,95,12508.639023223368,0.07935950208284612,0.04525413914345361,9.387394981158016,0.8439238614481651,0.5199915132687672,1
290,4,0,0,3,2,22,0,10,4,1,96,7207.881134852575,0.04391235494497172,0.13516748046234475,8.16606592395928,0.8994140740667076,0.7223872275284475,1
529,6,2,0,2,2,2,3,4,2,1,88,6359.195731595798,0.13503249647444154,0.1957341425652304,15.939744422839764,0.6711550124321476,1.5046098115244504,1
245,3,1,3,0,1,23,6,5,2,3,107,14323.275978992695,0.08685859114364344,0.18794978777987037,5.816485293996349,0.7763362294844188,0.6234935562388138,1
236,2,0,1,1,2,2,0,8,3,2,111,15023.98385025464,0.15407755027587422,0.20156026697122575,5.952533724979857,0.819962982238805,0.21847943361668337,0
1090,10,2,2,2,2,3,6,5,2,2,54,8224.609857472344,0.14077214074534544,0.21451292627054613,33.958095427966164,0.6601217198428487,1.2823124791647282,1
260,3,1,3,0,0,18,6,9,4,2,145,7779.64412206099,0.09977401449334002,0.16834506539171754,7.028960762900692,0.7793464140517241,0.8202948986006641,1
248,4,1,4,3,2,16,3,4,2,3,129,12430.786102290276,0.04347570792495249,0.06923155755630138,9.063367228505863,0.8492817305334358,0.9173108772182885,1
207,2,1,2,2,1,22,2,6,3,3,86,6728.369292549174,0.09122631013224827,0.04655436472183616,7.009309551585451,0.837998696315662,0.6890520413439293,1
301,4,2,4,0,1,10,4,12,1,1,80,14370.473311841963,0.0919782040568497,0.06725331078360446,9.318929577569127,0.7483458183217956,1.1261463480511955,1
665,5,0,1,2,0,13,5,11,4,3,119,4102.178531738253,0.09323281186492102,0.07619797756757904,17.797279060850144,0.9037561447553749,0.46183780245050576,1
941,9,1,4,0,1,3,0,7,3,3,107,5705.480578210807,0.19255095007298018,0.0510502538748431,28.43925494601344,0.7903794582234795,0.7763504275973703,1
856,8,0,1,2,2,16,3,5,2,1,128,5448.431835490545,0.06632954082465663,0.12162131047756022,23.193342864168,0.8954221169140024,0.7475396300620178,1
713,7,1,0,1,2,23,0,12,1,2,91,7813.883406310409,0.08320953400893832,0.18109798838786398,20.928475383449225,0.781061614921439,1.4161416174719839,1
258,3,0,3,0,2,14,4,6,3,2,88,14393.69360708794,0.17318383243752125,0.04076532317273383,8.28138121650745,0.8837228799753852,0.6118416511533803,1
892,8,1,3,2,2,22,0,5,2,3,91,11680.113930623394,0.1880252038680983,0.1846527371229044,27.717134486785696,0.7322949265540488,1.405195877225605,1
214,2,2,4,1,1,9,2,8,3,3,72,5289.67112176895,0.11492569650855108,0.20655532084555672,6.249480113589343,0.6753335421906514,1.226347032317337,1
760,8,1,4,1,2,23,5,5,2,3,125,4947.006992796737,0.1264078057008302,0.06735747226285717,22.47043858082735,0.8128056249163407,0.9616923522699734,1
556,6,2,0,3,0,12,5,11,4,2,127,7461.189930657874,0.048457341370591024,0.04384230854697604,16.205954988090625,0.7784651575370948,0.9939765747532103,1
991,10,2,3,2,2,3,1,3,2,3,52,11437.98915047247,0.16928614865343328,0.12628568987223276,29.51698690740032,0.6869926726634502,1.7058487081752143,1
462,3,0,3,1,0,8,3,1,1,2,50,11125.100556858613,0.13512965913843897,0.19633543790387126,14.106854450899155,0.8308407063309604,0.3957494006400972,1
767,6,1,3,0,1,11,1,6,3,1,48,5370.67414560143,0.11664160949950231,0.1726296558897295,23.00432037525066,0.7698279305748457,1.1831640468488638,1
584,6,1,0,2,2,1,4,12,1,3,76,13129.5892725138,0.08841209313348637,0.04624583654038253,17.74199964754565,0.839403931646759,1.160090663338057,1
660,5,1,0,0,2,21,0,1,1,2,51,11587.180755244717,0.11100335761073635,0.161187594634969,20.124464119901514,0.7775140714894326,0.8231390041298495,1
1043,9,2,3,3,2,5,5,10,4,2,102,15796.674631368356,0.15764992510086903,0.18719408640158794,31.048009137132855,0.6648201948238943,1.1704064525227298,1
835,7,1,4,0,2,16,0,1,1,2,149,10631.142749685368,0.052923863728970115,0.08878893674329169,23.171872999119298,0.8362292397874822,1.1877216627934581,1
561,6,0,0,2,1,22,4,7,3,1,117,7927.88552651365,0.12109027119435659,0.15761440340985858,15.830768841986444,0.8545828964281031,0.4880859657032973,1
591,6,1,0,1,0,10,2,6,3,2,141,5432.217518963578,0.04554209039701016,0.12891081272273677,18.674645677679916,0.8214961935961139,0.8285794561767276,1
828,8,0,2,2,2,14,1,2,1,1,56,15029.205990179567,0.16356047121717487,0.07701323197856741,23.3406928949082,0.8717418335619159,0.720170511851919,1
498,4,1,1,1,1,12,3,9,4,2,117,4452.03638646885,0.07376286219065961,0.20227169188655833,14.248093115043014,0.7757844506652519,0.8372273432530205,1
334,3,1,4,0,2,18,0,3,2,2,120,8184.73571561118,0.1845420298885684,0.08014150566913171,9.852488794864723,0.780892408999035,1.1774346807521772,1
610,7,2,4,3,1,0,4,6,3,2,89,10368.866307414542,0.11617513248117745,0.19128557640864988,17.61260037213021,0.6816426809995777,1.3147990777251586,1
242,4,0,2,3,2,8,4,7,3,1,122,10837.496609151887,0.11316219622938278,0.1662979352545108,5.967131930763913,0.8542429408322478,0.15538830184344582,0
336,2,1,4,0,1,14,3,7,3,3,49,10987.883258840115,0.09765631239270191,0.07976362205791265,8.232381698213855,0.8201610294972235,0.8431110212510309,1
567,6,0,1,0,0,2,2,1,1,3,107,12605.444420364436,0.12261774411395837,0.16803818226472408,15.149377151140515,0.8492048331295929,0.6670975442332732,1
912,8,1,4,2,0,20,3,6,3,1,130,5539.863404736521,0.09408446504713362,0.04468088530106007,27.933957695029992,0.8375555923433129,1.1811113744819277,1
898,7,1,2,3,2,15,6,8,3,2,83,12632.15596283583,0.09758794081491765,0.08252888430911307,26.908547097964338,0.8189474286941862,1.3595510359950886,1
419,4,1,2,2,2,0,5,7,3,1,60,14674.207896174225,0.07129803755255293,0.09137290132157061,11.714762671698107,0.8267980775066445,0.6667899577135405,1
568,6,0,0,0,0,0,0,9,4,2,41,4365.362347233684,0.0952343119613546,0.20005418853093493,15.706544626112965,0.8471201747784697,0.5533445261771037,1
321,2,0,0,2,2,3,2,10,4,3,70,4429.691417636765,0.1698744158919905,0.2047697481154866,10.646920471586157,0.8114101261966353,0.26333936795705387,1
874,7,1,0,1,2,15,0,3,2,3,130,15896.56075376874,0.07931053298668918,0.08877857167361194,26.3284154424334,0.8243599029028645,1.0664659542013453,1
406,5,1,2,2,1,12,1,10,4,2,132,7743.310169511556,0.17140289836767528,0.12543854239600416,11.938965357988804,0.7664213516563443,0.904434786245768,1
915,9,0,0,1,2,11,5,11,4,1,107,9460.75627187605,0.17781003524653244,0.2166922205274698,29.103493906263235,0.802473984901699,0.9476787196545997,1
954,7,1,0,0,0,13,5,11,4,3,68,7720.750993831216,0.146613503233257,0.15987595531660434,28.070388642943552,0.7620797436525624,1.2443009069117243,1
813,8,0,3,0,1,11,3,11,4,2,68,10677.839743488381,0.04490942796818786,0.05254823132394311,24.976354157205865,0.936144053318541,0.5788466895880844,1
483,6,1,4,2,1,8,4,3,2,3,132,12537.77864027435,0.12976536105664552,0.11045776024463966,13.86015786365355,0.7918995954144217,1.0054170694107587,1
1056,10,1,0,2,1,0,2,8,3,3,104,13119.398456900979,0.17330382444608425,0.11585888852009787,29.96998760993109,0.7698767791652181,1.373775405898301,1
811,6,2,2,1,0,0,3,6,3,2,126,8264.665748050968,0.09852533486833706,0.09515139967800189,21.858022547195,0.7328454694541474,1.0593283443914392,1
774,7,2,4,0,1,16,5,12,1,1,80,7126.922744446654,0.08525156686600757,0.13358437668957632,25.668061023471623,0.7215238253999872,0.9997364357011747,1
967,10,2,2,3,1,17,1,10,4,2,132,10559.583975800197,0.09142028879398331,0.1724837297181877,28.45428068792349,0.701243191669523,1.0440480301881292,1
990,10,0,0,0,0,5,2,2,1,3,91,8611.060511315045,0.10769222355198677,0.1644701215866063,30.130839749973457,0.8575269446876331,0.9621260759745198,1
251,3,2,0,0,1,5,0,12,1,3,114,11465.338909082335,0.05122706807078371,0.10327867049140269,8.3567987099938,0.7504724176470161,1.2103009881775724,1
991,8,1,4,1,1,9,1,9,4,3,133,11338.647085246863,0.07802961588865129,0.17259515209315152,29.25395960190464,0.7872188544081887,1.1183992978926451,1
883,7,1,2,2,2,15,0,7,3,2,78,14733.436652181957,0.1435096082487731,0.1361333129123471,25.851741483823915,0.774160685477496,1.2819797999809068,1
370,3,2,0,3,1,14,5,6,3,3,126,4046.2780714539194,0.1155974787179487,0.1785123789723666,10.724983368636755,0.6876505640393581,0.3183145306624965,1
463,3,0,4,2,1,13,5,6,3,1,111,5222.1783327996345,0.07957461480015793,0.06050002227728499,13.960145904728913,0.9169664133151507,0.6878178605522983,1
872,7,0,4,3,1,0,2,10,4,1,94,13440.98440981312,0.1889406652076068,0.11285680182310875,24.499604774907294,0.844191139836178,0.7253409867698262,1
379,3,2,3,2,1,10,4,10,4,2,131,11002.71944118747,0.08728678164472448,0.11103695315391662,10.645039691604406,0.7307543193406114,0.8929363566471584,1
596,6,1,0,3,0,18,1,7,3,1,88,4750.072381231017,0.060690859657512156,0.10332450643860694,15.319726043399143,0.8261930852567464,0.7990351944715134,1
813,7,1,0,0,2,14,0,12,1,1,122,15310.686012964381,0.07189573859342221,0.16564609791569995,21.959080727409184,0.7931061735708951,0.616874422244483,1
778,7,0,1,0,1,19,3,3,2,1,48,11804.852574760434,0.08745356905802261,0.14028313340338636,21.716025186875672,0.877518483892366,1.5766887416729665,1
1017,10,1,0,2,1,16,1,6,3,3,134,9831.946409832817,0.12360945148642533,0.10946056946898297,31.787654067148356,0.7951184905700663,1.0207863478822026,1
282,3,0,2,3,0,21,5,8,3,2,146,13355.032045368827,0.050611308794197764,0.1365344156219521,8.293809697525232,0.8957844240127325,0.5722209405885443,1
451,4,1,1,2,2,13,1,2,1,1,148,11152.181228595251,0.17679073208058954,0.16679072618055293,14.30530998515743,0.7453883437824859,1.2543157037831987,1
1086,9,1,3,1,1,13,5,6,3,2,132,8479.562426799286,0.1803962630982751,0.16152294051520844,32.640809936651024,0.7461363583739324,1.432086168865393,1
703,6,2,0,1,0,13,1,11,4,2,115,7559.619901792581,0.09093609472958211,0.17692134152561867,21.212115233030918,0.6994641536851596,0.803329833420157,1
408,3,2,3,0,0,6,0,9,4,2,121,9441.158255710146,0.16404998802935308,0.19326551588810634,10.803937414646713,0.6592080232371432,1.085519824365953,1
446,4,0,4,1,1,10,3,9,4,3,142,9702.95514048171,0.1359508371814245,0.17309053655488366,13.426767015833596,0.8409313818186613,0.25874178589425995,1
492,6,0,0,2,2,4,1,2,1,2,120,12544.382968642876,0.17527104124187193,0.07242504432732338,15.652744552077722,0.868536761493862,0.5595068423603295,1
689,6,1,3,0,0,10,2,2,1,1,69,9676.033908355068,0.08431460799229731,0.19238419846204655,23.172393836963753,0.7754855370955452,1.4284244030416249,1
441,3,2,2,1,0,3,2,6,3,3,57,4220.105950915501,0.13763771849206177,0.09976418141557622,12.390048678337495,0.7131691450415628,0.610095712520591,1
752,8,0,0,1,1,11,6,4,2,1,147,12215.811912488447,0.051631169197056064,0.15987559513050825,23.868137041683294,0.8848219560525961,0.5526794302306197,1
589,6,1,1,1,1,22,3,1,1,3,55,4835.296990476043,0.04151232848092585,0.2183745529037324,17.751344774461494,0.7830509033769038,1.3770608956824686,1
741,7,1,3,3,2,10,5,7,3,1,140,14155.96960091922,0.17995166163857984,0.09303557063458692,21.457298916846337,0.777155745477075,1.097051374997999,1
322,2,0,4,3,2,17,4,10,4,1,142,12499.312279920983,0.08712764485701147,0.08863796780624035,10.31712604789245,0.9009054743015367,0.33839773567844467,1
753,8,1,1,1,1,10,6,9,4,3,44,11174.082083183976,0.11126572142341615,0.0727894213310914,25.285690678926887,0.8171751857604717,1.1000073862684392,1
1030,8,0,0,3,1,21,3,2,1,1,128,9449.90915341048,0.07708470145795257,0.21713403181966284,30.619669194011657,0.8476015700250731,0.8175133843139152,1
304,4,1,1,2,1,5,6,10,4,3,104,6065.32663292544,0.18028919299970037,0.11684839907959749,8.78035934623681,0.766288083564316,0.06747162119532468,0
481,4,2,4,3,1,20,6,5,2,1,82,11859.95299981756,0.10152547151557396,0.18109578292925793,14.81888419015966,0.6928204354998256,0.8180947729174386,1
818,7,1,2,2,0,17,6,2,1,2,95,5313.92939640759,0.06865900070561452,0.048863110686363925,24.66162601440961,0.8471150498736097,1.4765793686263753,1
748,8,0,2,2,1,21,4,6,3,3,87,11254.549343070295,0.13727886171628545,0.07247632021175207,25.54401557696959,0.8856101681323831,0.9178899160337095,1
800,6,2,0,2,2,3,6,3,2,3,129,6200.061505385369,0.07287413217331362,0.05137319761087203,24.343235016022813,0.7640887015971164,1.5141065772730644,1
694,5,0,3,1,1,21,5,9,4,1,85,11162.446078726007,0.08171038179908588,0.18681430510208732,19.14285488679391,0.8591638908944721,0.5392701597218412,1
807,6,2,2,2,1,21,2,9,4,3,53,5813.912065797698,0.1476472087329531,0.05917962942980716,25.166474124774602,0.7269279228267578,1.2271555247025128,1
740,7,2,2,2,2,7,1,9,4,2,83,5133.786717344387,0.19347511156448768,0.2061690845759017,23.204116217360145,0.6401601117368247,1.3539260762761725,1
248,3,1,4,2,0,14,1,2,1,1,98,9650.44845846768,0.16076957889492896,0.1594763434609977,8.848791275404476,0.755889334939833,0.6480517330785154,1
871,7,0,2,0,0,14,4,5,2,1,89,12517.045306373455,0.05986278082146331,0.20371682404551855,26.25492309106302,0.8613891778098581,0.9066153831312305,1
591,5,2,4,2,2,1,1,6,3,1,95,6861.448703750745,0.09000915385323005,0.11359455674264043,18.762592055071806,0.7283783302318583,0.9521070246395991,1
227,3,2,2,2,2,12,1,12,1,2,148,9972.471050748129,0.16741839213010246,0.13461841234588262,7.702432261431755,0.6840834379858067,1.2867751047388383,1
556,6,1,1,0,1,15,4,7,3,3,83,13586.572542595337,0.08402357766494126,0.04496301082117694,16.72632603273313,0.8419560351812468,0.9369331924432707,1
580,4,2,4,3,2,4,2,8,3,2,129,10593.232425598919,0.15841112857021172,0.12386306389422824,17.02422030307355,0.692976613391002,1.1994749968050418,1
259,3,2,3,3,1,8,4,5,2,1,149,11165.553342383362,0.11548679065642001,0.14632904884258832,7.876647831701997,0.7021828722254462,1.008136192759848,1
1096,9,2,3,2,2,14,6,4,2,2,131,6641.911432190649,0.1815053643937205,0.05810621446300085,32.85176872449436,0.7121747895144753,1.4863602322052893,1
384,4,0,1,3,0,22,0,10,4,2,99,5493.989157096852,0.09746385528989356,0.21662234873533215,11.800594024019016,0.8386612081886484,0.10211365398510458,0
484,6,1,3,3,2,1,4,11,4,2,148,5788.509371434668,0.18953143306816703,0.040790382582301936,14.759343996521975,0.796355182957289,0.7205239416726488,1
585,6,0,2,1,0,22,5,1,1,1,85,15673.649318954449,0.10518954897662305,0.08814110995276328,17.57680788320661,0.8930012034817761,0.6068892604751225,1
945,7,0,0,3,0,19,0,7,3,3,70,5039.419161738144,0.15619771375886948,0.15081188455908703,27.664101969271755,0.8418456807569196,0.745549608344645,1
863,7,1,1,3,2,20,5,10,4,2,134,5818.083633169303,0.07123112918721501,0.12957489453405419,23.37323103915535,0.8096372893254289,1.2346525509863309,1
889,9,0,4,0,0,1,3,2,1,2,141,6468.328295956994,0.12492631208455782,0.08305576327346242,28.22405432285414,0.8864080660888909,1.1089712993459506,1
398,5,0,2,3,1,13,4,8,3,1,55,13455.347303652985,0.08962160230109104,0.2176156617869502,12.891199137284381,0.8417432311603814,0.5052903909206746,1
957,7,2,3,0,2,8,0,6,3,1,75,8775.442659388855,0.04203624791209995,0.07399793263095404,27.25042383600232,0.7677846187556256,1.12537409697321,1
943,7,1,0,1,2,22,3,7,3,1,71,13490.755023099253,0.10996380086948726,0.14230334148073936,28.325222915956935,0.786479785942398,1.288703049396023,1
606,6,1,1,3,1,17,2,8,3,2,130,9027.133721447197,0.06759942579530817,0.06085913404775742,17.737636786759968,0.8421936480706205,0.8898526707706355,1
682,6,0,4,2,0,15,1,11,4,1,70,13536.816048765502,0.1933736394889926,0.05010515466938755,19.73760004864197,0.8704345426287289,0.6506893626687889,1
214,2,2,2,1,0,0,5,2,1,1,112,14745.667529645027,0.16937420292319086,0.12781691712319107,6.8811428944506,0.6862639959791281,0.5800949397710791,1
879,9,1,4,2,1,21,3,3,2,3,142,9367.547323469285,0.15832402008343688,0.18484601185320848,28.448327125369428,0.7455734856285097,1.1364887582651,1
1064,10,1,4,0,1,11,6,5,2,1,140,15836.407057889446,0.11253312507139032,0.13563670513791976,32.335850018427145,0.7883235764058105,1.460526262015911,1
614,7,0,1,0,2,3,1,10,4,1,136,15194.934616181125,0.08145677186733048,0.09285347839446692,18.026843223433538,0.9015603873821911,1.1453785672363659,1
677,5,0,4,3,2,20,5,8,3,3,98,4184.298224739202,0.09189808804782143,0.04301134475231448,19.39361367313447,0.9192907552399389,0.7356954118895226,1
639,7,0,3,0,1,21,4,3,2,2,106,10769.702007456566,0.07269826616070592,0.20929577764798393,20.63464622752717,0.8531026802860895,0.6314022467463932,1
256,4,0,0,3,1,11,4,1,1,1,119,11885.46669228348,0.12830218570226884,0.07813922684176813,8.821977900782572,0.8871013643551834,0.9495300836188896,1
750,7,2,0,1,1,15,2,12,1,2,75,14117.971707167148,0.16980422393097752,0.14342293399895492,23.688208282339357,0.6790477789315303,1.1358725354583097,1
843,8,1,0,0,0,14,4,2,1,1,95,12080.320027921902,0.06998574032527258,0.04279472642508542,25.85635901420152,0.8492487899623389,0.7223227759606619,1
1033,10,1,3,3,1,7,1,1,1,1,91,12259.013165156795,0.040727591925717274,0.05749682160362507,32.109208843974436,0.8557990139117959,1.116653178115816,1
1035,10,2,0,0,2,17,5,5,2,3,128,7475.7426353553565,0.060097042668347436,0.07063051262644379,33.65243719083183,0.7611726001173439,1.2646126243515314,1
632,6,2,1,1,2,23,3,7,3,3,102,13846.505547315523,0.11374914389168589,0.06021649599237623,17.4087948693507,0.741715462052172,1.459289900212679,1
1062,8,0,2,0,2,22,3,4,2,2,88,4759.46360543733,0.04297536505479366,0.13553566081303167,34.03594079921427,0.8996700383594786,0.5814007033194608,1
666,6,1,0,3,2,16,4,3,2,2,99,11888.744827680754,0.10452286040777914,0.11146961469654479,21.050104967280237,0.8028033862030542,1.0709508485324508,1
770,8,1,1,1,1,8,0,2,1,2,58,6424.287418215028,0.05778529186548061,0.1842313030447396,26.61312446162581,0.7910925322904009,1.0424705515936008,1
733,6,0,3,2,1,21,2,5,2,2,68,13186.911792904537,0.057242627023129045,0.06091675107822135,20.50957138904876,0.9268282798543923,0.6149038827677593,1
1098,11,2,4,0,2,22,1,12,1,3,128,13482.89633782297,0.1540177626982515,0.11759224211214164,33.75367864176106,0.697775497835323,1.5980773627541982,1
858,7,1,2,2,1,0,6,2,1,2,54,6097.419759279239,0.19991955349704812,0.1170851669093449,25.570199232934225,0.7573478758171232,1.0775327442442748,1
290,4,1,3,2,2,8,2,7,3,1,115,13522.635691456111,0.07111705899389208,0.08154612399560819,10.291827110922968,0.8313015676547248,0.7954359099998956,1
246,3,1,2,1,1,13,0,3,2,3,139,14049.94648519024,0.07673425874343548,0.057273067235038944,8.2373898161001,0.8396967033096865,0.5193909765106233,1
557,4,2,2,3,0,13,0,9,4,2,115,4636.381087715447,0.08742691741812829,0.04191930637026254,16.687177222033934,0.7617941992952241,0.9644124497265835,1
654,5,0,2,1,0,17,6,1,1,3,110,9160.08043262447,0.1656174946877496,0.04338901951709988,20.145232719597924,0.8859470686078177,0.4683406428225724,1
795,6,1,4,2,0,12,1,3,2,3,118,6312.342430805338,0.12094300232104205,0.11175250584369889,23.19288109503882,0.7952870213258666,1.6164618366866994,1
623,7,2,0,0,0,0,0,1,1,1,55,5516.869429902847,0.1313083220454953,0.04976991188633881,18.57574141411076,0.7385147947306746,1.3041459633977408,1
653,6,2,2,3,2,3,1,8,3,2,55,13642.66072320498,0.1274411440665764,0.11102036053774933,20.128109874055465,0.7126923229280534,1.35203548177825,1
1027,10,1,0,0,2,18,1,9,4,3,148,7518.145132006111,0.18997941651480638,0.11873371660531712,30.404942700214917,0.7610790900959444,1.1510917069512816,1
488,4,0,4,2,2,16,0,3,2,2,86,11727.956584324707,0.0455764751577447,0.12016947163330416,14.291467165885127,0.905414323944028,0.8966318119504703,1
634,7,2,3,0,0,15,6,6,3,3,85,4044.1773776411396,0.06526649683577646,0.07449798484240017,17.754879227849525,0.7571059832448205,1.2268622125323578,1
692,7,2,0,0,1,10,0,4,2,2,57,4953.449259412647,0.10113807713678091,0.12976875260541565,21.077637407962218,0.7160919266160115,1.1828524659041828,1
610,5,1,3,0,0,6,5,1,1,3,120,11322.891414570062,0.11808495511372788,0.11061711083536968,16.938258397712072,0.7970840703229061,0.7812383392584714,1
1070,9,1,2,3,0,7,5,1,1,3,43,8443.271218368196,0.05822990558044719,0.21811485639360045,31.7183220309551,0.7756448571116785,1.3008156106980064,1
1065,10,1,0,0,1,16,4,12,1,3,59,14556.461330668859,0.18290714549502532,0.048166423243531625,30.723082663494175,0.7960168940676494,1.613625220958198,1
652,5,0,4,3,2,12,0,8,3,1,64,4986.871891152825,0.14845742576905532,0.049698131378952765,19.134696480779347,0.8908299992833963,0.8354252452527982,1
594,4,0,1,2,0,3,5,8,3,3,142,11485.091789257545,0.1891589372575406,0.18841537901608676,18.31122613949908,0.8100915576768677,0.6006240283349483,1
721,8,2,0,0,1,9,2,4,2,3,144,12434.584018314486,0.1905281983929843,0.08788342123009307,21.45867558875753,0.6947147711696151,1.2495828671909237,1
346,3,2,3,1,0,19,2,4,2,2,48,11334.635161414122,0.1220052887043826,0.07308156542233944,9.185314918278616,0.732210915642975,0.9452718618816022,1
571,4,0,1,1,2,14,1,10,4,1,55,12168.511488114349,0.17648131818047993,0.19740734706135257,17.564284904656684,0.8117501006411754,0.5970961116276624,1
379,5,1,3,1,0,20,5,6,3,1,145,6991.964826026294,0.15788073466295777,0.1358912377088223,13.069616528254619,0.767802612432699,0.6632334784241888,1
312,4,2,0,2,1,12,4,2,1,2,109,13206.117638490074,0.0976813074814109,0.15084213935486554,10.31923158652406,0.7081644489236756,1.099247797581878,1
267,2,0,4,3,0,11,1,6,3,3,119,10655.900384817258,0.14517588476742357,0.04143292262718744,7.267772527074716,0.8960260366724251,0.7646646227635037,1
720,6,0,2,3,1,22,2,7,3,3,102,13456.520452964785,0.1924395869204955,0.0869351807772335,20.591745438560707,0.8542813545360219,1.3713558437541513,1
180,2,0,2,2,1,12,5,7,3,3,64,5461.177210069012,0.16224144601355608,0.08665653637224666,5.1390592404429745,0.8679959079263887,0.5357223785537891,1
774,8,0,4,3,1,3,6,7,3,3,120,5524.348553493015,0.15350593898593315,0.17696059554418198,23.497424240057764,0.8312900594614482,1.0292753534224939,1
577,4,1,2,3,2,9,6,11,4,1,59,8746.236958050604,0.0754994389472713,0.10939940526572892,14.713698171533634,0.8167955201041499,1.1086580849975545,1
517,6,1,0,0,2,15,0,3,2,3,43,8678.351962339828,0.17298055854423328,0.14393835071037947,14.82548348419833,0.7573864908354243,0.6881485694365944,1
887,8,2,2,2,1,8,6,8,3,2,132,5541.607245203449,0.10234636047385093,0.2077426450330306,28.04314991475142,0.6804599475219033,1.5598796466428992,1
675,6,2,3,3,2,9,3,11,4,1,81,4974.454588032799,0.13985246685748418,0.21724188681122883,20.412071501829324,0.659307540849079,1.6107668901387524,1
854,9,2,1,0,1,20,5,12,1,1,44,4969.304604441133,0.14843633640244558,0.06291928159126411,27.54606087984008,0.7248899719028306,1.571050981073003,1
832,8,2,0,2,0,10,2,12,1,1,87,4628.546041005046,0.12243862826754284,0.14005607912051252,26.313548427390018,0.7018773816753751,1.6424984596976075,1
209,2,2,0,3,1,7,4,9,4,1,52,4397.75485321247,0.06649364002449704,0.165845549797481,5.925055485681801,0.7154473645801098,0.6348009638734005,1
378,3,1,4,1,2,2,1,2,1,1,91,13693.091401713633,0.1515930004863695,0.18076950169444492,10.790547779746351,0.7504368740186336,0.808149915451514,1
704,5,2,0,3,0,9,3,12,1,2,114,15219.8024212675,0.07955877184404067,0.20561947491292393,21.68619131361708,0.6916697889593659,1.037318047199626,1
1077,10,0,2,3,1,18,1,1,1,2,77,9108.10218737453,0.08245833031617902,0.17110069972587597,33.2524845855766,0.8658984364810752,0.7927914987015923,1
321,3,2,4,2,1,7,2,7,3,1,48,6240.885373089011,0.06028663926970783,0.16418833553561407,10.832266727092948,0.7189862613376051,1.1551946325460718,1
277,2,0,1,2,0,11,2,6,3,3,137,7940.423951799334,0.13919076264078598,0.049737581128714514,8.073239949487293,0.8949822453037247,0.5180536651224587,1
1045,8,1,1,2,1,15,6,9,4,3,99,13822.19324520694,0.05878491861401004,0.13806744862253825,30.87109586849215,0.8114164347435533,1.2835002443827488,1
1069,9,0,3,1,1,22,4,10,4,2,42,15151.017550948103,0.09523469196873513,0.147777776816837,31.424906123112205,0.8706443890464926,1.1090624433267482,1
333,4,1,3,1,1,19,4,9,4,1,103,6864.232054855234,0.18232355171415357,0.16536956740567285,10.298995719740764,0.7435380963960782,1.1214321044273552,1
549,5,2,0,2,2,6,1,3,2,1,141,4367.309550770331,0.11249056474877489,0.14500539319113462,15.624596385046777,0.7041268189270407,1.2278374509400907,1
756,8,0,2,1,1,3,3,10,4,2,41,7703.425764616455,0.18312075464752642,0.11370101816319403,23.004994150728145,0.8464302022351757,0.741100835416737,1
359,4,1,0,3,1,16,3,10,4,2,126,8624.378260472664,0.1188347145444974,0.12774234448073304,10.855357436326976,0.7890403234386463,0.01,0
480,6,0,1,3,0,6,5,1,1,2,81,4036.0952105980964,0.06861340933686641,0.2141175261188156,14.481090691309497,0.8527710790449431,0.5351116321292274,1
543,5,0,1,1,0,9,1,8,3,3,117,12177.102556620735,0.16142651148601003,0.09923869179070145,17.238851154164248,0.8627006585254798,0.6129803620887049,1
770,8,1,4,2,2,2,0,2,1,3,43,5494.029297191791,0.0965515901795371,0.18120225384999158,21.770873229471206,0.7750107701867122,1.2384909810697156,1
463,5,1,4,0,2,18,3,7,3,2,139,4982.094296764174,0.1946256967983667,0.14933922127521895,14.589135150200292,0.7452157868668865,0.9920293816393784,1
559,5,0,3,0,2,3,5,3,2,1,146,12629.623978277905,0.081940676071523,0.11988956859333305,15.604497842404077,0.8891763899008147,0.6009843783336802,1
446,4,1,3,1,0,9,5,5,2,3,100,13249.389573485103,0.17154358761409508,0.11457733168598996,12.319420289258456,0.7712455863149618,0.6326993338148411,1
878,9,2,0,0,2,9,5,4,2,1,63,6208.337847750448,0.11901765609185852,0.13670079290679274,25.790693823091306,0.7049266979506069,1.0942806075440246,1
320,3,1,0,3,0,1,2,11,4,2,56,13221.882750277186,0.1747411625658219,0.18396265024099087,10.186059147593316,0.7385832842369343,0.7894161327882466,1
392,3,2,3,0,0,18,1,11,4,3,115,7569.866001194816,0.06928579693327412,0.061987027770622274,8.806627735802461,0.7609272288832466,1.189017302130108,1
409,5,2,2,1,0,14,4,10,4,3,127,7697.460073931411,0.1413869572622243,0.2039183284119243,12.965598435461061,0.664612621446633,0.7602838309884848,1
1013,8,1,2,1,2,12,0,9,4,3,114,5469.188202864008,0.058109705445718265,0.1793464328775768,29.912439283817626,0.7931447377545172,1.2176055955273444,1
1048,10,1,3,0,1,4,6,5,2,1,94,6718.16794641189,0.16888253539587042,0.10282508808052543,30.414752396833126,0.7777315694356218,1.526569319553564,1
640,6,2,1,1,1,1,4,2,1,2,124,4465.22769276039,0.07770458008015407,0.041832684270765044,19.46075847405891,0.7662082310420864,1.025409975685797,1
323,3,1,3,2,2,1,3,7,3,2,121,12063.550197400706,0.10841207650327575,0.05894063051338522,8.244097963817199,0.8246912818425026,0.946231410098232,1
875,7,1,3,3,0,15,1,6,3,2,76,14216.44128491263,0.14495607302272895,0.06599116169244122,25.77379780359708,0.8050737443781735,1.353882458968161,1
632,6,0,1,0,0,17,1,4,2,3,125,4580.126783814902,0.11651434066713942,0.058644404982088366,17.530392127200738,0.9011785644578475,0.7209680843908256,1
961,10,0,3,0,2,19,6,3,2,3,60,7064.891118116655,0.16462350907518503,0.05850021630866911,31.749876064606223,0.8795943235772656,0.9567730986393136,1
511,4,0,0,1,1,19,0,2,1,2,130,8154.485797388988,0.15010728154006833,0.2128261321952403,16.081055411340806,0.8166799638191111,0.9487975913716202,1
1098,11,1,1,1,2,9,0,10,4,1,98,8710.553072439086,0.06086492055035093,0.1585228031439578,33.590496513676804,0.8012755243375611,1.2438583252667315,1
922,9,2,3,3,1,0,2,4,2,3,122,13890.47972890592,0.16375404976086186,0.18771497080174812,26.716942799982025,0.6618389407468255,1.4431143022367856,1
386,5,0,4,0,0,5,1,12,1,1,116,4514.525295846812,0.10775717038100113,0.1413064772104692,11.82725942320144,0.8679213585838383,0.7736147330007923,1
847,8,0,0,1,1,18,4,9,4,2,50,11369.360529020156,0.13564123601308098,0.15150724572832852,25.208443714989652,0.8507831832163657,0.7719198984547907,1
443,3,0,3,2,2,18,0,2,1,3,123,10387.209544192789,0.07465171194224508,0.19857969763669764,13.148175465952347,0.8570458656894757,0.6093494145135968,1
501,6,1,2,1,0,12,5,1,1,3,126,14061.690697158389,0.10769465478024995,0.08715445551074015,16.06247063530925,0.8123179003690545,0.7412024200009657,1
410,4,0,3,2,0,0,5,5,2,3,45,7670.365230082312,0.17074577902479535,0.1650144355223208,12.659324602394028,0.8289079034537977,0.592654205232213,1
807,7,0,3,3,1,18,1,1,1,3,64,5221.83937257682,0.1882018192665925,0.20187561622208622,24.44761043036568,0.8044651540300946,1.0301059978317584,1
421,5,0,0,2,1,19,4,12,1,1,122,5566.936078684488,0.1901913347840818,0.20853260749342276,12.875126950370829,0.800574225975123,0.13742422940952842,0
767,8,0,3,1,1,5,4,11,4,1,79,11566.936596440719,0.15201421423486092,0.11992868310271745,23.79516582561789,0.8576256961980897,0.8973218300656152,1
715,5,0,1,3,0,19,5,8,3,3,52,10549.076269117952,0.05262566157757492,0.19420819726000113,20.050268580508703,0.8689247635230908,0.23186040461482343,0
870,9,2,0,3,2,15,5,4,2,2,133,11107.40096627409,0.11082132910309098,0.1306947212735974,25.218538179063568,0.7113177773304902,1.2387148025024404,1
1094,10,2,2,3,0,21,6,11,4,1,97,5645.096584522604,0.07089139015741444,0.08641947623093044,35.00693054603464,0.7492101101252447,1.5061870919215108,1
188,3,1,0,0,0,15,0,8,3,2,83,4509.879782525426,0.15161833033012845,0.08517263282591186,6.646576129590499,0.7934440665797818,0.46566187557957095,1
1091,10,0,3,3,2,2,4,5,2,3,101,10797.920332468319,0.06581938280414573,0.12131797266490602,34.87783021414269,0.8957881900389267,1.2939294835368973,1
280,4,0,2,3,1,15,5,11,4,2,83,4972.74139533903,0.19641219481018046,0.0864199344047011,8.63873155412652,0.8527255418533033,0.6338776508035927,1
664,7,0,2,3,1,2,1,3,2,2,53,15155.685513400487,0.07112570941447544,0.04539615579118517,23.1665443462908,0.9275651606574528,0.1727128170963942,0
493,6,1,0,2,1,6,1,7,3,2,101,13639.811927772795,0.04843419560891375,0.05899845871452478,15.469209561112406,0.8516553055544527,1.0380367011952187,1
767,8,1,3,1,0,20,0,9,4,2,146,6159.43428964242,0.17496750444219708,0.19285962441728965,24.759362376316,0.7344777920132309,1.2217551740052282,1
843,8,0,0,2,1,23,6,11,4,3,144,11174.135130981373,0.07236340619504653,0.19885157511389728,25.423634415224107,0.8579532584109753,0.6936043066492839,1
971,8,1,1,2,2,11,6,2,1,3,110,5584.2946451156595,0.04384203975885052,0.19714789390811463,28.950538643727366,0.7915545298498657,1.0585077926216742,1
549,5,0,1,3,0,6,0,4,2,2,57,15234.051305718918,0.1276924060588982,0.13966822161189263,16.30912843937073,0.8596877175481441,0.08879773426105553,0
1038,9,1,3,1,2,9,1,11,4,3,64,11073.420981047417,0.19507740345940522,0.20833912415279682,30.324426309961964,0.7184625625745091,1.4683171004043483,1
476,5,2,2,2,0,5,3,6,3,3,74,7813.061626096433,0.08279962357640289,0.12983667013867323,15.70260651779913,0.7243136678282157,1.1867463885026688,1
367,4,0,4,3,2,13,6,10,4,1,45,12164.804544913699,0.10539567681952294,0.12325804911628727,11.247261398992766,0.8771058233288854,0.5040079539054394,1
528,5,1,4,3,2,10,5,10,4,3,55,4030.4612899731387,0.07794670491295091,0.12538878816592997,16.891260841627368,0.8084990281145036,0.7557619057445614,1
666,5,1,3,0,2,1,6,4,2,3,125,7454.293286902045,0.12927759329447025,0.08574014798407383,20.610868765922127,0.8032420164246552,1.0468698811225463,1
794,8,2,0,3,1,14,5,4,2,3,87,6810.030321419893,0.09164626728918521,0.15043060640849737,25.791943288392307,0.7110654068360428,1.5348214066556274,1
946,8,1,3,0,2,15,4,6,3,3,132,8154.124327348172,0.13461816386496436,0.12081120435030424,28.600142549032135,0.7850567843031291,1.5259622222667704,1
386,3,1,1,3,2,16,2,1,1,3,46,5023.676038924061,0.11648334929489695,0.2154383800365588,9.544729315669741,0.750635221800845,1.021838802559547,1
458,3,2,4,0,1,22,4,10,4,2,49,15615.875953665465,0.18862644345199772,0.07095665131668878,12.868384658562912,0.703187607354091,1.6089648007313624,1
1043,10,1,4,0,2,16,3,2,1,1,115,9614.651262220377,0.1472027994971618,0.0538067665337626,31.417126891052266,0.809545695286084,1.595782898320145,1
584,4,1,0,2,1,16,6,12,1,1,68,14276.897764819592,0.149215049120622,0.10320516749690589,16.983319094285005,0.7864109025221124,1.0960731008823572,1
402,4,0,0,2,2,5,3,10,4,1,64,4714.16008233431,0.11783468511830683,0.07879898428675522,13.761021805577549,0.891514848767722,0.5324780319694169,1
1086,10,1,3,2,2,11,5,5,2,1,110,14137.88883377625,0.08850321305052375,0.21854282527382135,33.94241988135319,0.7618292827540447,1.3211926132131613,1
593,4,0,0,1,1,10,1,1,1,2,140,11836.416901018121,0.090234116898827,0.14054408673913538,17.03136598266199,0.8761498083629169,0.8616814393118148,1
1086,9,1,4,0,0,23,4,10,4,3,86,12145.278426831315,0.1206386404756506,0.10474917344057999,35.09506097313887,0.7985754837376963,1.0436085915252018,1
1025,10,0,2,2,0,11,3,6,3,3,123,13676.11259300276,0.0707057886563645,0.15569340467433634,30.555082296265407,0.8781203630011846,1.0976955349463702,1
1013,9,0,2,2,0,16,3,3,2,2,77,10312.877205359608,0.0611882862800678,0.12156007075785744,29.93666546813715,0.8977632393329336,0.7781228496016306,1
715,5,1,4,2,1,12,5,6,3,2,132,11608.136446873006,0.09957841327599012,0.07758852505936684,19.50491156074259,0.8202748777490894,1.0961132728372984,1
914,7,1,1,1,1,1,3,11,4,2,86,14797.415700306776,0.06087607356728229,0.11101347531302436,24.981632690564595,0.822649703003862,1.105563671649812,1
1063,9,2,2,3,2,22,0,9,4,2,56,5501.255388381045,0.076921853507115,0.09154378435102867,30.15759511214708,0.7441904629638353,1.5050058227528071,1
427,5,0,4,3,0,16,2,9,4,2,95,4667.99252342835,0.1256038049951474,0.15476666400713188,14.45309620993108,0.8538332889489744,0.6778837114448975,1
214,3,2,0,0,0,5,6,7,3,3,72,15792.308388924026,0.16641516924516211,0.1869823483221288,7.721381359876029,0.660971117094719,0.9824446118085404,1
475,3,0,0,0,1,1,6,2,1,1,60,14577.972325293687,0.07596345392188317,0.08726387765813398,12.639739452440699,0.9065477007889923,0.6270459294250883,1
765,8,2,0,0,0,22,4,12,1,2,60,10167.831675745747,0.16666631733977558,0.15183880099387356,23.45143397018917,0.6766726967498579,0.879105099531118,1
683,7,2,1,0,2,7,4,9,4,1,82,13369.247829325732,0.04248665842561225,0.16752637516744556,21.741447270726812,0.725494134883124,1.2051206663674572,1
254,2,2,0,2,0,0,1,7,3,3,41,14583.050441618394,0.19952363710470788,0.10660194692425129,5.04416457009131,0.6822434871869683,0.7046089947551534,1
695,5,0,0,2,1,14,5,9,4,1,47,9602.27647812996,0.12271023215058785,0.12775641653675346,22.416127265717304,0.8672900080906965,0.7147213403531384,1
340,4,2,4,1,2,0,4,5,2,2,104,5175.5062952222215,0.1161419762438681,0.10458700133675075,11.81041284499266,0.7206719600887215,0.9929518785115244,1
645,6,0,2,2,1,5,0,9,4,1,40,9767.73561421589,0.14408893639789264,0.10712289429323274,20.346301859962093,0.8669546761889936,1.0726827265822723,1
709,7,2,1,3,2,21,6,12,1,2,124,8216.474657330442,0.11602814620266433,0.120318977545884,22.90039212472179,0.7136437943131532,1.2270149562723223,1
765,6,1,2,3,1,0,5,5,2,3,147,4277.705021559926,0.10528356580021128,0.09317612662962205,20.08173305694543,0.810693138406575,1.2434398096914696,1
559,4,1,4,1,2,18,0,1,1,3,60,15508.565550599853,0.09935732670587324,0.12789939396410827,16.048239911703465,0.7977344756985083,0.7424027456355387,1
555,4,1,2,2,2,14,2,9,4,1,46,12589.411152501225,0.19645328170491497,0.1754041400089065,17.715306351301606,0.7326641602287803,0.9152039153050329,1
804,6,0,2,2,1,7,5,11,4,2,63,13429.821629848182,0.17783947493183183,0.1109735913431546,23.549459472276524,0.8500341201762561,0.6950667808405971,1
869,8,2,4,3,0,6,5,10,4,1,44,11161.121126439268,0.12038569326635828,0.2101788042565018,26.959632983586378,0.6712459761147129,1.5417589599649009,1
923,7,2,0,3,2,11,1,12,1,3,69,7230.051848957225,0.17383241924203988,0.07923919516076203,28.82728347899302,0.7061177735187391,1.0151436225023223,1
486,6,2,2,1,0,12,0,5,2,2,137,11016.427487917073,0.06385430072333304,0.12091085477785862,16.033821706964318,0.7368556800244637,0.6145603457607719,1
570,5,2,3,3,1,21,6,12,1,3,130,12163.256954536431,0.12471119460710742,0.14830330180001652,16.690748852363335,0.6971434766167942,1.0264989699171554,1
484,6,2,2,1,1,6,6,3,2,3,147,11168.080688332644,0.11202739703603834,0.1377875958638657,15.827689740917664,0.7075832531950431,1.2601650819050545,1
665,6,2,4,3,2,14,5,8,3,2,129,5525.731430654609,0.09198114082153405,0.21044932056669222,17.894799714762115,0.6839062923752981,1.1512945562106003,1
297,2,1,4,3,1,16,4,11,4,1,132,13762.623693900941,0.1869503911384181,0.09837904650090525,9.204210994066017,0.7716017530623045,0.8625919485195321,1
575,5,2,1,3,1,0,4,11,4,1,105,7570.628410523277,0.17319892213384488,0.1079738002012065,18.03114178411134,0.6934722749492268,0.9482375554486672,1
353,2,0,4,0,1,21,3,8,3,1,55,8760.78012888481,0.1851337523069609,0.14722268251594914,10.270613559191332,0.8304396043296904,0.19165920550756044,0
669,7,2,1,0,2,23,4,7,3,1,124,10608.558585950599,0.14163470895302369,0.14734604085797467,21.799098852722,0.6899586625850507,1.4704661550729097,1
962,10,1,1,3,1,2,2,6,3,3,110,15731.628260925883,0.10019539250849571,0.1817393750464881,29.65014308438236,0.7731293546002573,1.3787747799889412,1
1086,9,1,4,0,2,6,0,11,4,3,145,7750.2942783616945,0.16109001117014482,0.1830128343686705,32.3552916099359,0.7451537195075331,1.4301410360635511,1
590,5,1,0,0,0,18,2,11,4,2,116,4502.510112273089,0.05737071603074192,0.04195677251961838,19.725110965643932,0.8553026301523379,0.7185013591246048,1
231,2,0,1,1,1,19,2,3,2,2,100,15669.472723297926,0.17649273278174749,0.177555888711968,5.729541514936509,0.8206781203278279,0.41554682306288476,1
389,3,1,3,1,2,3,2,2,1,2,124,15489.750672215516,0.04460469054266403,0.16921636133962414,13.107402723185308,0.8037805266529703,0.5669668259166766,1
276,2,1,2,0,2,22,3,10,4,3,112,6379.359251680895,0.17091398150196316,0.14543863240729688,9.638715291097322,0.757641323740833,1.0917676198984685,1
878,9,0,4,0,1,7,0,10,4,1,52,13948.526368065637,0.1526304806926605,0.097057615215287,27.71961753908872,0.8676403568414236,1.0037511519796716,1
1085,9,2,1,1,2,7,2,2,1,2,107,15035.40562088249,0.05415366783338131,0.20327009199521695,31.667216219144027,0.7041593080771307,1.5780464351146963,1
689,6,0,2,2,1,8,3,6,3,3,82,4155.905568816412,0.06351965566929846,0.1728795327337773,20.942813645632004,0.8736203652186159,0.6403158419965495,1
342,2,2,0,2,1,16,1,7,3,1,57,13056.997326427632,0.11238263263710607,0.08631173262865052,8.834848803817904,0.7305875356304095,0.9353896952234397,1
199,2,0,1,3,2,4,3,1,1,2,70,6158.628724812421,0.08797998297500065,0.09493963598899388,5.362305844547784,0.8976861714662024,0.6764964296998848,1
1078,8,0,0,3,2,13,4,8,3,1,131,13926.167853365143,0.1787668251300352,0.167882027697299,31.72615204772534,0.8240080162276996,1.0696453584582128,1
471,4,0,3,0,2,1,2,12,1,3,111,4251.354229845695,0.07085337596435837,0.2051777773772981,12.934393344793808,0.8557859809962546,0.7998507585286567,1
283,3,0,1,2,2,3,0,3,2,2,46,12294.897636631827,0.10673279377424263,0.12829741210425774,8.367370714562924,0.8742364073546748,0.7091552553315881,1
342,3,0,3,0,0,18,4,10,4,3,77,13801.3052445867,0.081675364600369,0.1982559442618612,8.877597583686102,0.8540309110119964,0.7202499023710147,1
414,4,2,1,1,1,9,4,1,1,1,115,4427.665355496468,0.06034914615564371,0.10878060819548951,13.278246408456305,0.74389161054199,1.2006954763441327,1
783,6,2,2,1,1,19,2,3,2,3,95,13084.75779017005,0.081558626902761,0.11112947457819189,24.96709605312968,0.7332903543335711,1.3017391243448353,1
1000,9,1,4,2,2,17,0,7,3,3,125,5425.163549581005,0.17759793545055905,0.16346941631589948,32.55209206259186,0.7465196917050937,1.4792671312956343,1
433,5,0,4,1,0,23,0,12,1,1,108,4949.029212274473,0.15448002251936427,0.04909678326898657,12.15451350343555,0.8883904373952421,0.6988064341759926,1
812,7,2,0,3,2,3,0,11,4,3,44,15047.977889512935,0.18627840165382434,0.06500592954643797,23.139034739997324,0.7069220509598819,1.4760498183884694,1
239,2,1,3,1,0,22,5,12,1,3,135,15076.363404450569,0.10484469261623267,0.17111650186476046,7.029506320416838,0.7758174624835531,0.5762756649479572,1
189,3,1,4,3,1,21,2,12,1,2,102,12893.686245961266,0.07846602998032373,0.08357538856905902,7.160491037620447,0.8270813616527778,0.8357716346251294,1
230,3,2,3,3,2,10,2,10,4,2,141,14682.46427162382,0.04421080578926262,0.0715142305653014,7.1422349799826605,0.7679237336404461,1.4883397040516895,1
1029,10,1,0,2,0,3,4,5,2,3,64,4200.489639935256,0.11922526874982606,0.056029490389907836,32.37200336382281,0.8211353583871197,1.192618567840798,1
715,7,1,3,0,0,3,4,2,1,1,116,10140.142153201949,0.04635653497529759,0.08047380498482512,22.39112694604499,0.8429263470179448,0.661809023403324,1
920,9,2,3,2,2,12,0,10,4,2,43,14459.658929819501,0.040683997951633,0.08508476359191491,25.825935874636098,0.7634040573054034,1.3411041349518993,1
199,3,1,3,1,0,0,6,3,2,1,57,14713.306822868693,0.1367533024484282,0.10140903513262187,6.640161916245465,0.7928269480885275,0.8285497673366592,1
200,2,2,2,1,2,2,1,7,3,3,137,8404.321859767202,0.06637215502592633,0.20889931963001585,4.713070160874848,0.696127836404826,0.758423711495875,1
960,8,2,2,1,2,12,5,10,4,1,137,7895.31658538587,0.12956461640238778,0.15603133121075588,27.921521765869862,0.6914818235740853,1.2132468910309646,1
274,3,2,3,1,1,13,5,1,1,1,144,12399.740162713442,0.13176363236815575,0.1647964476949345,8.05258212557597,0.6865479639716093,0.6576649713831355,1
322,2,0,2,1,2,20,3,11,4,3,62,4722.024988070284,0.1558142656805321,0.06389471008661703,10.299377430469342,0.8811309609047828,0.45611748400172974,1
657,7,0,3,3,0,23,1,4,2,2,138,13366.241391430398,0.10130058435911238,0.07468000394656157,20.1901009055866,0.9008087352624468,1.1471520698530466,1
738,7,1,3,1,2,6,3,3,2,3,45,6996.186812549562,0.1528248809692004,0.2017607980876787,21.797606218045583,0.7404364444244045,1.05540819438654,1
390,5,1,1,1,0,7,1,5,2,1,84,10258.86996783988,0.09855447415031751,0.15417564284373592,14.913924421751918,0.786271447352676,0.9678688156772018,1
589,5,2,3,2,2,4,5,6,3,3,88,6310.607411090604,0.055645935548674516,0.18573717915855006,16.56298962530082,0.7113775983817489,1.1427951084924337,1
800,7,0,3,0,2,5,5,6,3,3,127,12812.294893899947,0.0895984141006195,0.10434327387452577,24.333091871913577,0.8927262404111846,0.8031832390373731,1
587,6,2,2,2,0,10,5,2,1,3,115,15477.633090615616,0.041210772693535735,0.14389723717236053,18.782843401796228,0.7367013955603466,1.217121129496321,1
532,5,2,3,3,2,23,5,3,2,1,79,10490.003526378816,0.11399380666522627,0.1303973701355377,16.335906442370614,0.7100239704396561,0.8050276952164461,1
246,3,2,0,3,1,21,1,6,3,2,56,15408.601478629058,0.1584497868067465,0.07697416182937332,6.72969318781758,0.714059223113746,1.2504145280519268,1
595,5,2,1,0,2,21,0,3,2,3,80,8824.831460840958,0.16555960903048733,0.18845851198868294,16.652653474046378,0.6606918455413733,1.337194730781516,1
918,9,2,3,1,1,10,4,8,3,3,72,7436.8182339054565,0.07713547517720665,0.10007612320297862,28.63614977852039,0.7402547807289166,1.6664535098617077,1
756,8,1,4,0,0,15,4,11,4,1,113,14063.324730929453,0.05690290017200848,0.1240397419136682,24.48241831933574,0.8185758110614455,1.0177324369657592,1
1001,8,1,3,2,2,17,6,1,1,1,48,4455.181900471934,0.06966881151365178,0.06393875746419014,29.612563513813683,0.8398765939599712,1.3292613574696812,1
296,3,1,3,1,0,5,4,1,1,2,85,7374.104555322829,0.19739407684337718,0.1549042052248524,7.541689966251155,0.7414657730692967,1.0191257378729017,1
190,2,2,1,3,1,11,5,8,3,1,108,12285.877134969418,0.08993644146388377,0.18240437985874475,5.945406984366907,0.6974466304048171,0.8170908345821926,1
684,6,0,3,0,0,13,2,1,1,3,111,6266.94047506877,0.10868551281611166,0.11386989532566039,22.350892678574972,0.8798500663362026,0.5361414812332218,1
344,2,1,1,3,0,8,0,8,3,2,117,14685.437520920283,0.05210025047806182,0.2160637618102242,8.778362632210914,0.7793261944702713,0.41148081680225757,1
726,8,1,0,1,0,11,0,6,3,2,71,9786.133637439096,0.16629284851988924,0.08636511249986721,22.05711937504734,0.7863039175411096,0.8458904995752385,1
1011,10,1,1,3,0,10,3,6,3,3,97,6950.838709796542,0.1117584560831153,0.1971545036380036,30.80781770550419,0.7609891681254966,1.2716390830797875,1
490,4,1,3,0,2,1,0,8,3,1,50,8455.059274085244,0.05398366301786254,0.1698187894380265,15.93356175784586,0.7992888963948499,0.8663019321519576,1
685,5,2,4,1,2,18,3,11,4,3,88,7404.967901898844,0.11567070759555473,0.2069070927517493,19.523734736185585,0.6748399898437132,1.2225567935553845,1
807,7,0,2,1,2,21,2,2,1,2,148,12411.029612924429,0.1541239395150317,0.17331667841990625,24.75072508597133,0.8326517219292779,1.112788671392959,1
318,2,2,4,3,0,18,1,2,1,3,133,5318.857560879422,0.11568606241707513,0.12907340999034642,10.970534999829516,0.7098582374166602,0.8461351727466699,1
1005,10,2,3,2,2,22,4,9,4,2,108,14244.079063890353,0.194981241564569,0.1144246834355982,28.802138526180514,0.6807673337499247,1.4430612041160817,1
366,5,2,2,3,1,10,4,1,1,3,86,5785.836831000616,0.1794662003967479,0.1892919076170956,10.191119019999404,0.6540588513937704,1.3424633590975246,1
923,9,2,4,2,2,1,0,6,3,1,139,7389.606242016845,0.12236911846079118,0.191265425091426,27.909803402073525,0.6788644554015022,1.7053661135078795,1
787,7,1,2,3,2,6,3,6,3,1,88,11520.457620005513,0.19048123336453104,0.14600270520172312,24.819739572106965,0.7485822276451857,0.8533608075009267,1
309,4,0,2,2,0,20,6,5,2,2,123,8250.479411254662,0.16982204761916464,0.1663823787852962,10.263742366664502,0.8287080081179926,0.21946693546063273,0
846,7,1,3,2,2,3,2,7,3,1,103,10120.641556095772,0.09892320173461502,0.1233143565052418,26.479583231077893,0.7999930987920645,0.8809543242141917,1
360,3,0,3,3,1,13,5,2,1,1,42,10829.251737743452,0.16342557390875123,0.0793068352027051,8.763808255553132,0.8707704158998446,0.5616194246046644,1
731,6,0,2,3,1,0,2,4,2,2,117,7108.262045374027,0.12093637344017724,0.048996486206724824,22.184582023170805,0.903530213158894,1.0388438522961152,1
1062,10,2,2,2,1,7,1,1,1,1,138,10415.221425741165,0.12625787596114665,0.15766696880816847,28.663904590834196,0.6922338198538082,1.884926829619543,1
1056,9,1,4,1,0,2,5,12,1,2,125,15272.367962327753,0.12329936323493187,0.16045834587655552,33.114510562348116,0.7723090308998307,1.4978774079410926,1
981,8,1,0,2,0,2,2,10,4,2,107,4029.7105477936548,0.16858856646387008,0.15974744110759004,30.575137585911413,0.7522487965928429,1.5911316240359337,1
634,5,2,0,2,2,3,6,4,2,2,44,11154.740964699298,0.18697191051471773,0.14123334379302496,18.422732807805346,0.6723076355615157,1.2155112249429445,1
694,6,0,2,3,2,12,4,1,1,3,42,7842.472877491524,0.09112282980502118,0.10163215504980548,18.02427021461678,0.893260256815328,1.0583644797476404,1
456,3,2,0,2,1,16,5,4,2,1,133,14344.663536092936,0.1427073718934049,0.08356659533342686,13.081976187394522,0.7181767147479257,0.7802357678136183,1
1027,9,1,1,3,2,6,5,12,1,3,92,5159.104345049953,0.14054541846278362,0.05182686848477068,32.098670110737494,0.8134324708736006,0.8132154967630368,1
619,6,1,2,2,1,19,6,10,4,2,89,4727.493650234333,0.1819995612078588,0.06664157191122305,19.318693093462972,0.7881114900964132,0.8833853675213845,1
889,7,1,2,3,0,9,3,8,3,3,110,8858.75531674789,0.11155386990152721,0.1530936731766922,28.546030494615735,0.7809086056148012,1.0515938210805118,1
510,4,1,1,3,2,17,6,12,1,3,139,12084.90685497403,0.07042568510858613,0.17825284219716403,14.797810193911888,0.7880946627124125,1.4972421330637649,1
861,8,1,1,3,2,12,0,3,2,1,88,4077.4248395453988,0.07249374064694132,0.20337211077451356,28.426482917307155,0.7758603668603453,1.1467748644019384,1
386,4,1,3,0,0,17,3,7,3,1,98,13734.805769338145,0.04820423811762474,0.05510501705909583,9.463238687654163,0.8535108351704758,0.45298778495981845,1
855,7,0,4,3,2,23,2,10,4,3,101,8038.163300560938,0.05611655917265017,0.18652472284953328,24.520767833757212,0.8708114230900175,1.235383146308246,1
222,2,0,3,1,1,23,0,1,1,2,92,15043.040100719525,0.08819513149748281,0.1475355601550766,5.219274875513743,0.8739211887563483,0.28245084098594075,1
276,3,1,2,3,2,14,6,6,3,1,112,14869.187273121837,0.05641006789955469,0.09423694958359631,9.478086356961795,0.8322088421325821,0.7317277993277885,1
504,4,0,0,1,0,23,5,5,2,1,61,13165.708466194415,0.1793746285019853,0.17064269412223976,13.540782530904641,0.8224922048190987,0.788422775442748,1
623,6,1,1,1,1,16,5,3,2,3,81,12844.067796850944,0.09792296710644743,0.21808372595510797,20.13413637009944,0.7577969881223001,0.7298762793458338,1
834,6,2,2,2,0,6,4,3,2,2,91,11209.746335961896,0.09895477198260855,0.10829517544630737,25.302128600613244,0.7267375236569877,1.5928058546966535,1
510,4,0,1,2,2,22,4,12,1,3,97,13533.850861620122,0.1612010197193017,0.15293882378841928,15.368519899463974,0.8386370704215256,0.9520027628149245,1
196,2,0,3,2,1,3,2,7,3,3,94,6136.996918725906,0.08821402006379536,0.08694986789655129,5.952623726220899,0.901176250417844,0.5125092028958329,1
479,3,0,1,0,0,11,4,1,1,1,86,13805.300000893909,0.15442916425323072,0.07690505432913397,12.671672778753067,0.8758996016379359,0.9344481617330604,1
584,4,2,4,3,2,3,6,9,4,1,138,10782.495673009607,0.1715876808878377,0.06684362984393798,17.81919599383903,0.7127059101707008,1.1229511705026678,1
680,7,2,1,1,2,18,1,8,3,3,128,13383.709242103694,0.09762848614908032,0.04578764954560055,20.211803266473822,0.7554627389373936,1.3736823965611729,1
772,6,0,2,3,1,21,2,5,2,3,137,9925.583288387714,0.11644990978896907,0.17028588312825146,23.760376361982456,0.8509688931872508,0.9026551829679132,1
407,5,1,3,1,2,19,0,5,2,2,105,11571.504423260762,0.09155663258093652,0.06627261350337141,14.630787480399908,0.8289768392620614,0.7002363283756718,1
741,8,2,1,2,2,2,6,7,3,3,93,8099.160837309318,0.10770627380645206,0.16172912818518326,22.451703669127525,0.698754069103764,1.1565341038753176,1
761,8,2,3,2,1,6,3,12,1,2,87,9092.939008775753,0.13291954384058124,0.1965295974734148,24.933262699612406,0.6717478864087018,1.9013463121609444,1
894,9,1,2,0,2,8,4,10,4,1,135,8377.278720659546,0.09594235446147867,0.19238793313017552,27.476575454622544,0.7702513705837557,1.5041904119616083,1
660,5,0,3,1,0,2,1,5,2,3,113,12887.095390688988,0.1142612781696388,0.09381370569039242,20.20681206909307,0.8863662572629859,0.9272218381584003,1
925,8,2,2,2,2,12,0,3,2,3,133,6406.587115030522,0.11939579163364258,0.062393115336042554,26.07785406719991,0.7381949918636417,1.223210761615499,1
383,5,2,4,3,1,0,5,2,1,3,133,15166.254670778007,0.04392060646785112,0.1197516069802039,11.377080836975296,0.7463475039483752,1.249280463165161,1
834,7,1,3,3,0,14,6,3,2,3,144,13951.413863959435,0.06618383480159004,0.07263205752876961,24.032457752092302,0.8375328484513381,0.9303721570896466,1
222,2,0,0,1,2,13,2,2,1,3,99,14340.817496371445,0.12661989758887982,0.10723142152911747,8.379425281096244,0.8747669063969012,0.8157296446785405,1
274,3,2,2,2,2,14,5,10,4,2,79,14967.770277467725,0.04042410631865891,0.14238784641423932,8.111518929852828,0.7377346212701957,1.237459093205362,1
975,10,0,4,0,2,21,4,7,3,1,139,9232.23317857446,0.15267098272483792,0.15598245297060379,30.534050205311647,0.8411059539370512,1.4082055320555031,1
617,7,2,1,3,0,18,4,1,1,1,63,14702.979551391627,0.184874398277107,0.07929827656397843,19.067719614414642,0.7011222963215115,1.343400796715135,1
751,7,2,2,3,2,6,1,12,1,1,75,9329.25937090056,0.16073105969266066,0.08091329988494919,22.25692718035216,0.7112600381900755,1.2844036957105955,1
735,6,1,3,3,2,13,4,2,1,2,143,5219.26601205579,0.09026419257729063,0.1958741376258468,20.097635705559,0.7712377514085882,1.237568175639498,1
819,6,1,1,1,2,19,1,8,3,1,118,4595.024153091506,0.1119745552274655,0.2100797957550921,21.783683811147863,0.7550755420578491,1.4808390763267918,1
405,3,0,2,1,1,20,1,1,1,1,104,4763.000496949495,0.14411468737127528,0.15564029411227112,11.573386412996445,0.8451102583324042,0.7006085400934373,1
344,3,2,2,3,2,15,2,8,3,3,98,6256.079391799556,0.14886991018089687,0.14022817639555085,10.038000755629671,0.6899058610405985,0.8196416589698315,1
219,2,0,0,2,2,2,1,7,3,1,91,8317.660722030212,0.1963995039654984,0.15845318588266094,5.6306208070134245,0.8203162895683282,0.7761937815873597,1
975,9,0,0,0,0,10,6,11,4,2,138,15751.028456038477,0.11887693587998405,0.0631516853158239,29.553995547869842,0.8980871204618864,0.6625420119671007,1
385,3,2,2,2,0,20,0,8,3,2,85,6894.396822464851,0.0799255733019218,0.2014670274443651,13.809955127045905,0.6933733296641709,0.9564452936872319,1
709,5,2,0,2,2,1,6,6,3,3,92,14955.901749816367,0.09795069477231687,0.07754722045052434,22.571378286417367,0.7410259381497214,0.9891530781831955,1
598,4,1,4,1,1,14,1,7,3,3,49,13725.20143895175,0.18759087315810946,0.1605425097296969,17.43864473580444,0.7433399777004872,0.37845234274748796,1
329,2,1,2,1,0,12,6,8,3,3,52,14333.47389043239,0.1412335322370246,0.07995471986961233,9.601359442150704,0.8004652865520134,0.696076979839715,1
560,6,1,3,0,0,5,2,5,2,1,62,13417.142703606894,0.1782802248268556,0.16704247599962543,17.979007149853068,0.7446047846280835,1.5349326186971084,1
256,4,0,1,1,2,8,6,9,4,1,72,15677.122894997283,0.15585369449036743,0.17561808658755587,8.70567081422399,0.8308376985149345,0.6452430619262656,1
342,4,1,1,0,0,23,3,7,3,3,72,5437.7669022650925,0.19446885533306696,0.17338827446469346,11.444252140277454,0.7344642915910078,1.5069943153540442,1
308,3,2,2,1,0,14,3,12,1,3,113,9747.736513963164,0.12019680910467717,0.11716573441602393,9.70816106657319,0.7131868554156845,0.8641130747002876,1
938,7,1,3,0,1,22,0,3,2,2,100,8114.0268886656695,0.19198484150161618,0.14926585386759694,27.669064523560895,0.7464371870838541,1.286476107417619,1
702,7,2,1,1,2,11,3,9,4,3,40,7410.849821199323,0.1817424347901355,0.14763795540651908,20.563189963160305,0.6717788244115054,1.2706615345214438,1
1031,9,2,1,2,1,20,3,10,4,3,96,9361.8894595042,0.17489511461368157,0.16965631368705844,31.222900726351337,0.6649518572646669,1.4904504104512597,1
581,6,2,0,1,1,14,6,9,4,2,49,9771.155392685741,0.1902549188614343,0.12982015577353592,15.031483033751224,0.6759662164142634,1.2186358616671993,1
365,4,2,2,0,2,21,1,12,1,3,99,15831.3540517471,0.12408602268360211,0.1313128679000137,11.579494827785568,0.7050704992373729,1.426723285921524,1
739,7,2,3,3,1,7,0,6,3,3,45,7176.180143275542,0.1588526590435332,0.16319352371487306,19.823339852236515,0.6750792177587172,1.1394245266726095,1
1035,9,2,2,1,2,9,1,7,3,2,48,14940.174655321278,0.12885372315392685,0.0706271634684256,31.21203997461318,0.7302336010199414,1.4723219115765889,1
669,5,2,1,2,0,0,1,2,1,2,130,6003.68331620553,0.16420175330827066,0.15744636956321417,18.487328564947056,0.6752583447078317,1.291015391558202,1
196,2,2,1,2,1,5,6,5,2,2,41,11980.555628574963,0.16220039931389965,0.06668157404505867,7.547916751666909,0.7170031119884687,1.136440591406787,1
459,5,2,1,2,0,3,1,2,1,1,146,7664.994706308047,0.16134467071355435,0.17047030290343357,14.24267884577471,0.6706832618723554,0.508280033901088,1
1030,8,2,1,1,2,4,6,10,4,1,90,15524.557676249777,0.1085518618999127,0.11000436070637318,30.363893579961886,0.7216496998271713,1.0597225465171618,1
656,5,2,1,3,2,7,0,10,4,1,130,11615.35615753759,0.16740605989218485,0.1911248885698158,19.806783006177163,0.6586610731920997,1.2434544257227969,1
1055,10,1,4,3,2,20,5,3,2,1,61,4770.586297638394,0.18023829396001503,0.055914137795844296,30.782948972871953,0.7937314057098633,1.6710609511694279,1
648,6,2,1,3,0,9,2,10,4,2,91,15082.478999950294,0.14180080389791813,0.12289422252897331,20.85562968987937,0.7008872381078988,1.0031985495492988,1
191,3,2,1,1,2,19,0,4,2,2,138,7525.809035852884,0.11274446957033557,0.07009913959127506,7.1153189099636425,0.7377203758772751,1.0237650594512455,1
983,9,1,3,1,1,19,4,9,4,3,48,15128.780130402236,0.17651972089880266,0.19639537506829713,28.864320115875675,0.7321882068148051,1.8250345083133848,1
881,8,0,4,0,0,23,5,12,1,1,87,4161.823558319873,0.1645520511315179,0.06254464189981959,25.17080884600391,0.8778064881358981,0.9492994763202509,1
838,8,2,2,1,1,12,5,10,4,3,53,6624.29063306542,0.11513601511108998,0.1273351503837482,24.804372679507352,0.7108879755273227,1.279351996406142,1
1072,9,1,3,3,1,20,1,3,2,1,78,7340.779407850525,0.13277904855713962,0.05894522117247915,31.681327263457177,0.8137240786216716,1.3802715748376728,1
360,3,1,0,1,1,10,4,3,2,2,146,12255.832213824136,0.149732040490551,0.1835882417008605,9.372011823576281,0.7500058730138648,0.7686351136631149,1
1013,9,2,2,3,2,15,3,2,1,1,99,13575.408984288688,0.15013145324785485,0.09076712363951142,29.709661739807625,0.7115956404006851,1.548806008525362,1
394,3,0,0,3,1,19,3,11,4,1,76,11561.082507193965,0.08976594194403917,0.1469306554079978,10.858557059906664,0.8734865311915834,0.41589328867843817,1
1073,9,1,0,2,0,3,6,7,3,1,109,4744.27580764809,0.08683066700795822,0.07062586557690165,31.59414983356405,0.829144560336813,1.0179170928417394,1
356,4,0,2,2,1,1,2,2,1,1,70,9203.659791243437,0.1819755033743284,0.10328905847501219,10.735310743808807,0.8516309471677967,0.3318694646030579,1
686,5,0,1,3,0,3,2,8,3,2,49,9927.806975683987,0.18992178240223906,0.060465491110926126,20.63835000804395,0.8673257269190756,0.8153730239329683,1
906,9,2,0,0,0,17,3,7,3,1,102,8304.665798525908,0.104330420298929,0.13914958953036505,27.47959757877823,0.7104339955768176,1.0179680252291732,1
251,3,1,0,0,0,11,6,8,3,1,121,9034.549957313,0.18614030304644807,0.040621559273595086,8.287743061935808,0.7979571619559807,0.36586412788081446,1
241,2,0,3,0,2,6,6,8,3,2,59,9791.38914981622,0.11531076136486637,0.21875286843841793,7.440723847865583,0.829671366588522,0.2805192281341759,1
961,8,1,2,3,1,18,4,2,1,1,55,10648.02167561903,0.06675238077404616,0.11493019529034479,28.25557992248397,0.818242840771024,1.0542897980056303,1
235,3,0,1,1,0,0,0,5,2,3,105,11571.408627036031,0.15726087148589518,0.15330049547335467,8.204678135133111,0.8402473848683376,0.4396373348975983,1
744,8,2,4,0,1,4,2,9,4,3,82,6521.468302176725,0.047341614242972466,0.0916205808144078,19.486139269788254,0.7574670122241788,1.0366333603670241,1
1043,10,0,1,0,2,11,0,11,4,1,142,14820.238207691304,0.05822661924978121,0.08558466913357621,31.016824979471995,0.9152849202274891,0.9237971257749028,1
745,7,1,4,1,1,21,0,3,2,2,79,13934.593494531655,0.19056089265571924,0.19230428832366295,21.720473251620007,0.727710668559278,1.2487878606703107,1
622,6,1,1,1,2,17,5,7,3,3,83,13439.362548556252,0.12281947811104726,0.1764729198049526,18.91166816335129,0.7653184209378001,0.599972568631723,1
563,5,0,0,0,1,16,5,12,1,3,102,13670.250364707545,0.08262021917254446,0.1557925649963009,16.054587150823863,0.8727142471240196,0.40909505332453266,1
767,7,2,0,0,2,17,0,8,3,1,147,10305.492125714682,0.11686551675579335,0.17541488342668757,23.642890569068697,0.6884738199178835,1.7151670004405788,1
706,5,1,1,3,1,7,3,3,2,3,115,15436.684760016007,0.13250842127185425,0.07155636753606498,21.449347482287706,0.8081708450364363,0.7261907255319806,1
641,5,1,0,3,1,10,1,8,3,2,113,8391.396164489533,0.14222647862295204,0.20813660449346633,17.207618749469187,0.7423366125976117,1.0986881658781493,1
321,4,1,0,0,0,21,0,1,1,3,128,9039.793106581805,0.09571557123406968,0.12185418822315086,10.315565340940733,0.8020936082442508,0.49957530417376894,1
789,7,2,1,1,0,17,2,6,3,1,129,13795.344618845853,0.10198447361133912,0.19636810020946957,22.026081380103363,0.6857413417806361,1.2876748787400476,1
860,7,0,4,1,2,14,0,7,3,3,97,14428.04659838947,0.1279621176781193,0.17249024582818262,26.007173986697964,0.8447964364221641,0.8318545626831353,1
832,8,2,1,1,2,1,5,1,1,3,71,9387.848148209068,0.14026632785550855,0.09146582585896862,24.534888568260325,0.7157205308284852,0.8517826052692136,1
249,2,1,1,0,1,17,6,3,2,1,57,14176.14102154435,0.18741703333030912,0.14247704184649065,6.387572920033326,0.7515476661704401,0.5708709986404146,1
826,7,0,4,3,1,8,2,12,1,3,102,11598.816504881408,0.10276418280862226,0.21399624368903633,22.48430411470152,0.8374578080760536,1.0959683993713585,1
851,7,1,1,2,0,9,1,8,3,1,116,8656.250828443928,0.1799499554828725,0.04667586486474281,25.08411698522607,0.7980183808435731,1.1723627674657813,1
348,3,2,4,3,1,16,3,6,3,3,80,14865.959966433322,0.1989149025527126,0.11676671139620501,8.968293862287135,0.677943273722987,1.123348468419296,1
961,9,0,3,1,0,9,6,3,2,3,92,10038.178967987515,0.09424055857325372,0.1516971274446905,27.109214742819038,0.8693280412919251,0.7900323226013779,1
661,7,1,4,3,1,13,1,2,1,1,88,14189.722709618241,0.04436551414909024,0.10118129087923591,20.417892161346096,0.8345039377372533,1.257845268250626,1
614,7,1,2,2,0,0,4,6,3,3,104,13749.013931722371,0.13669939553578925,0.0972248975758837,20.120987761512716,0.7947340680997472,0.7589528564625666,1
844,9,2,2,0,2,4,0,7,3,3,130,5159.582732399606,0.18458362657926441,0.17476449353939766,26.283893101177163,0.658293345946602,1.314065610382294,1
649,5,1,1,1,2,12,2,3,2,2,88,14453.512876337893,0.048542236035462184,0.20493884101292728,17.361764403983155,0.7859335153282248,0.7020306318739767,1
681,5,2,2,3,0,22,3,10,4,1,97,5949.069763619624,0.07154397494500028,0.1367730997776737,19.756913157105586,0.7262573163747966,1.0087756700700568,1
467,5,2,3,3,0,18,2,6,3,2,85,13766.322570374365,0.14818406878683324,0.2106777526028465,15.106150323700502,0.6585121803746441,1.0736944923979748,1
1033,10,2,4,2,2,10,1,1,1,3,73,13066.823427068055,0.16954446259179648,0.05823016555100473,31.02054164247692,0.7175014173357395,1.6695395719851693,1
1071,8,1,0,0,0,23,5,2,1,1,117,12846.109463337563,0.05386243585443632,0.08094466682932178,31.77484865998855,0.8393368037923089,0.6994774155125699,1
299,2,2,0,2,1,6,4,11,4,3,107,15050.518917994134,0.09819805765021242,0.05578815003528435,8.143708733242203,0.7507062065415264,0.6632103883537352,1
854,8,0,0,3,0,21,3,5,2,1,97,11206.712329922644,0.07819816542328265,0.11839617130444594,25.21204929997973,0.8915325484725221,0.5559919557736286,1
201,2,2,3,0,1,9,2,5,2,3,72,8063.252381392054,0.19438023087508488,0.1528086494769561,5.297937953197515,0.6637650038415814,1.0765689626814625,1
519,4,2,0,1,0,2,0,3,2,2,135,11118.309444023214,0.14919501255820947,0.07608494569970967,15.99231144413026,0.7186240187839363,1.0167115830656903,1
1072,10,0,4,0,0,0,4,10,4,3,128,12353.547079798658,0.11610216012429328,0.12073696274404364,33.02062641741833,0.8734223947092483,0.8420010821193045,1
340,3,1,1,0,1,23,1,10,4,1,121,8375.43717280334,0.17797636630691954,0.16319102710305228,9.48116129275157,0.7464746729655127,0.8823064069368137,1
526,4,2,1,3,0,15,2,3,2,1,129,7051.55220349063,0.12602597182341896,0.15510770954440853,16.347941877095018,0.6934898433844776,1.0046821836660202,1
382,4,0,4,0,2,3,6,9,4,2,92,9876.29112870486,0.1858134581115887,0.15327075068742446,9.940262174705742,0.827412106040444,0.945381264468946,1
849,8,2,3,0,1,23,4,6,3,3,109,14779.682699164643,0.07820934140048566,0.14908580780248035,25.336757438601495,0.7177171828586653,1.2107526381627927,1
606,6,2,2,0,1,0,4,3,2,3,63,11565.576530755374,0.04437414367512922,0.21758985781310863,16.722961788557207,0.7021161993302929,1.3302441063905273,1
725,8,2,4,3,1,8,1,10,4,3,126,14767.067491749805,0.10859815663451142,0.16850587050725255,20.920717275470224,0.6953031877862061,1.6020541206795236,1
1047,8,0,3,1,2,17,3,1,1,3,41,9701.387959958229,0.07268435891835802,0.20338114007832125,29.113835761883873,0.8557705254514943,1.1087788406100847,1
659,6,2,3,3,2,1,0,11,4,3,95,15363.887635090048,0.17371697122350904,0.2113114383605296,18.955230150393906,0.6467372156871826,1.885022708414395,1
855,9,2,1,1,0,21,1,1,1,3,62,13498.699139617152,0.12526777567948877,0.1947421882883354,26.84370134468502,0.6759955162144791,1.463511632100574,1
270,3,0,4,2,2,16,5,4,2,1,105,8254.999320412193,0.08618618027070347,0.05713025643047427,8.211229209657258,0.91550760348447,0.9894182505677847,1
378,5,2,3,3,1,22,3,3,2,1,70,9378.635174403677,0.16377182307771995,0.1352640135132481,11.246679821925483,0.6854338735340644,1.7417020402428836,1
1051,9,1,4,2,2,20,4,3,2,1,146,15973.227638294979,0.12430166128531764,0.10867224664796668,31.049688299247386,0.795161741430022,0.9392887070285845,1
970,9,2,4,2,2,19,5,6,3,2,52,15444.40406776521,0.12044715126130967,0.057472322367491654,26.658763867178404,0.7399362368670394,1.7955741759606838,1
784,8,0,2,0,2,5,6,10,4,1,130,8922.888094965332,0.06892636503637654,0.14155761322220903,24.517757172285656,0.8852822097836365,1.0217390663325299,1
527,5,2,1,0,2,4,0,5,2,2,113,14002.712151821179,0.19923443752702083,0.0783084150253057,13.171259668224597,0.695105716351453,1.186922260072942,1
363,5,1,4,2,0,5,4,7,3,2,149,14916.75133296223,0.14544289137497013,0.14471269888124685,10.703944825003513,0.7694299843847023,0.7138784458168825,1
963,10,0,4,1,2,3,6,12,1,2,75,7020.974972126235,0.17677176003937417,0.18713000003882213,29.247452770107497,0.8162442079648117,0.9832417897247272,1
902,9,1,0,0,2,15,1,6,3,2,117,10211.272850336407,0.16155717459175026,0.11089085194823528,27.871492032312155,0.7773983880570066,0.8901844496032767,1
402,3,2,3,0,0,1,6,10,4,3,43,13085.024125222211,0.12046941807127298,0.21096914301450606,12.065730527993498,0.6708526475113994,1.5974149681229384,1
722,7,2,3,1,0,10,4,5,2,1,114,4922.339221448226,0.04155705390360931,0.17796433457570698,21.740605720299396,0.7212153751843076,1.3617403154637957,1
749,8,0,3,0,1,13,2,1,1,1,88,13668.209611860417,0.14666723228941325,0.18477077540052528,24.659513437610524,0.8308528965395277,0.6095229130946698,1
619,6,2,4,2,1,12,5,4,2,2,119,6532.553957983988,0.05611909008026218,0.06021244993906319,21.10730048922331,0.7676508069913035,0.9180088538531047,1
1032,8,1,1,1,2,11,6,2,1,1,126,9747.68354951281,0.19383440560768572,0.20953715501277603,30.36636056683944,0.7184827977207923,0.7948342875088328,1
294,2,0,4,1,1,5,0,11,4,3,93,8502.446186577332,0.07988239418024734,0.04621524967211116,8.416739210542262,0.9232560602664387,0.7770600645929548,1
417,5,1,3,0,0,2,4,1,1,2,77,12882.030936184383,0.098773273683392,0.19190113669975004,12.782010294200878,0.7691965153275861,0.8752716685112143,1
267,2,2,0,2,1,23,6,10,4,1,118,6797.974832916845,0.12824951030398168,0.04533711932556464,7.093271056282472,0.7418860166667041,0.9028102951145849,1
817,6,0,2,0,2,11,4,2,1,2,139,9596.294924720705,0.12041831461557126,0.06924233826302956,24.35102920444526,0.8946527062046297,0.8357680397524173,1
772,8,0,0,2,2,14,3,2,1,1,79,7186.94895397741,0.14482367072217125,0.09676211699047237,25.041640462006974,0.8712863955293103,1.0628112882466811,1
1088,9,0,4,3,0,13,0,7,3,2,133,4657.626660278709,0.16535161906543597,0.17279690215092167,29.243364058429272,0.8278331654526391,1.0382224991793854,1
678,7,1,3,3,2,8,3,1,1,2,88,14122.143191780446,0.16122303423917805,0.20189567488410678,20.438511744458157,0.7365965808945218,1.2399139935561534,1
318,3,0,4,2,0,17,6,1,1,1,137,6694.239826810113,0.1852936961104255,0.15996977741379767,11.35473435727839,0.8246314369140996,0.6802159935187619,1
594,6,2,3,3,2,9,5,10,4,3,111,6789.005879141636,0.115186636243719,0.17099833918728657,18.503378515157298,0.6912167610560475,0.9816366365848298,1
261,3,0,1,3,2,9,3,1,1,1,113,4561.106254389777,0.12546762307724252,0.09215910863177619,8.56497506438223,0.8820679707309416,0.2884530538136511,1
797,8,0,2,2,0,19,2,8,3,1,115,10032.361294549613,0.17985235277325662,0.21556777158836168,22.252591386080503,0.8020609440372717,0.8537993253185271,1
800,8,0,4,1,2,7,5,2,1,2,128,7227.567964306632,0.08517297948175956,0.11339215923933779,25.095184033252067,0.8906456875755062,1.0530252997528067,1
969,8,2,0,2,1,16,6,2,1,1,134,10786.017330615221,0.07934722946496797,0.20432448465232414,29.91095317255043,0.6923477286472185,1.6877634119737976,1
492,6,2,4,3,2,15,2,9,4,3,82,12682.351447488552,0.04145976115712948,0.18026576946908432,15.587292546030094,0.7202235112182037,1.2556060237626523,1
465,5,0,2,2,0,0,5,5,2,2,122,4551.15561626093,0.15815688370815964,0.10610797995240304,13.45018175613654,0.8610808113527468,0.5879938006340379,1
245,2,1,2,1,2,16,2,1,1,1,116,6405.87710910295,0.15001370549869122,0.10176434657078984,7.778751814986709,0.7866998765687335,0.7899243096501309,1
561,4,2,3,0,2,19,5,9,4,2,105,8690.696326086127,0.08427525111158896,0.16230658088494207,15.117732956863362,0.709038175601561,1.1336826841009275,1
617,5,2,0,0,0,6,6,12,1,3,64,14557.162657810026,0.060786475437080316,0.2092848340066718,16.83260900760128,0.6984679107503114,1.0368214989162272,1
874,7,0,0,1,1,21,4,7,3,3,91,5316.702559169393,0.04680494791749984,0.16102200327524294,26.762560788340682,0.8864778719632658,1.1609460503257116,1
873,8,2,0,3,1,0,3,5,2,2,62,12925.961468066997,0.11805806206186742,0.1943368649974019,27.488660522687553,0.6794222828233287,1.258488966130055,1
309,4,2,3,2,0,4,2,11,4,3,55,15442.988650325027,0.07095716616426152,0.2139309069481332,8.840433173274985,0.6918003670994224,1.0668727227643007,1
442,4,2,0,0,2,22,0,5,2,1,143,4932.003863295904,0.16694353958485295,0.09940047320880124,11.833182756691858,0.7001451942428556,0.8494764371000886,1
650,5,1,3,3,0,20,0,8,3,3,119,7996.112315048443,0.19200539664828417,0.1369284745078555,18.051848607796238,0.7519797579797372,1.3080254381299117,1
488,5,1,0,1,0,18,5,6,3,1,100,13234.81444048031,0.16429750917217875,0.14963946477972495,15.079285017078405,0.7587283617216434,0.56233124033535,1
203,2,2,3,1,1,14,4,9,4,2,88,15222.180966351454,0.17625526294537452,0.07909179802150605,4.745063592778036,0.7050938225649037,0.8975095925994968,1
958,9,2,4,3,1,4,1,7,3,1,47,6960.745812263631,0.19852676941006386,0.18355877808797802,30.351127200984855,0.6480615036258811,1.8303305181416563,1
852,7,1,2,1,0,11,3,6,3,2,78,11702.562795800732,0.15852967168020515,0.08711645880021596,24.663172353302187,0.7894592412838105,0.8381641318735118,1
658,7,2,1,2,2,13,6,6,3,1,61,12778.763052181024,0.1307717867623444,0.16723743573265223,20.555339422416697,0.6858958498772515,1.474867035900513,1
472,4,1,2,3,0,2,4,4,2,1,99,8848.286240273523,0.16960179674394643,0.1342883571965229,13.129213098036542,0.7632494307267887,0.31460916972046304,1
955,7,2,3,2,0,14,6,6,3,2,90,12034.336958972879,0.13021626656414362,0.19060078912011758,28.63240707236347,0.6756323249420824,1.1335977648019449,1
212,3,0,3,2,1,2,0,1,1,3,145,10589.528761995236,0.10920241397520108,0.13207991108615116,7.578010379564367,0.8714229537223914,0.47758609552155107,1
590,5,2,3,1,2,3,0,5,2,3,133,15246.122388238568,0.04520079685285337,0.14560011443918064,15.512944541661671,0.7341395899185846,1.7850724936081601,1
916,9,1,2,3,0,4,4,1,1,3,106,10464.65325147951,0.1428768628804611,0.07259302010716631,26.88966719839966,0.8030385526555677,1.1620127609079791,1
1056,9,1,3,0,1,4,4,4,2,1,138,10199.36745381828,0.18360288527544627,0.1854736169349732,31.20152790456701,0.7339155740053113,1.403138169531552,1
411,5,0,1,1,2,1,4,5,2,3,76,12031.544851689421,0.15090423713219978,0.11238238597047626,12.185581714088475,0.8615210196037958,0.9117213277571166,1
778,7,1,1,3,2,22,6,1,1,1,52,5827.570410583476,0.10466340411204614,0.14435400615626776,24.319580782388694,0.7879421653792588,0.7914587797292193,1
354,2,0,4,1,0,19,0,4,2,3,101,10371.499688868353,0.1387039025632716,0.19229057790349308,9.399157445354945,0.8310524837899559,0.01,0
286,2,2,2,0,1,12,6,9,4,3,46,4608.238490641193,0.17007298774601973,0.12629004719891695,9.184137050867665,0.6866366342747785,1.3712807581421558,1
504,5,2,4,1,2,8,0,12,1,3,143,11524.287673345807,0.16227842155049182,0.08940363597137435,15.844754103138358,0.7067430741151601,1.3712647196205778,1
994,9,1,3,1,2,4,3,8,3,2,53,10415.964065991615,0.11858855135869209,0.08777333649593141,29.628361905761444,0.8071371504654195,1.1643167180103826,1
814,8,2,2,2,1,22,5,9,4,3,134,14072.801775976646,0.09786831119491535,0.14193868125733453,25.528672270641433,0.7120868533964875,1.338223750509111,1
630,6,2,2,0,2,19,4,9,4,2,113,13572.437940066031,0.10349820397257786,0.09241673001205389,17.133433880845217,0.7318382797069156,1.4569465838588849,1
440,5,0,3,1,1,18,1,12,1,1,67,9190.540913514753,0.18526546332377233,0.1009389863977162,13.504916748456234,0.8512079976253302,0.6594062447410758,1
310,2,0,0,3,0,11,4,12,1,2,98,11907.920459886427,0.06717658838090049,0.08226492920544504,8.028813401375418,0.9127513170861445,0.33679554902199627,1
429,4,0,2,0,1,0,6,2,1,1,99,7639.7796301198305,0.17807673475512967,0.12033163037248176,12.761174088388007,0.8457162356925748,1.1328791340865736,1
320,4,0,3,3,1,15,1,6,3,1,121,8654.053365598817,0.07124539447598466,0.12389479445002147,9.45776533068606,0.8921869149832973,0.24165051845394697,0
352,2,1,0,0,2,11,6,11,4,1,86,4936.294209282071,0.1969423599735112,0.13466569210904078,10.135139089046836,0.7507763765628517,0.8582677717376633,1
812,6,1,0,1,2,7,4,11,4,1,105,5208.445220486854,0.11173486968566002,0.14671382801818908,23.77980472484794,0.783698086033268,0.7086558506911587,1
302,4,1,0,2,1,7,0,7,3,3,85,13824.94239371338,0.15734887292384944,0.14582289940741533,9.713873615521248,0.7635727024509309,1.0999801590675058,1
223,2,0,2,3,2,1,2,6,3,3,50,15663.326140155059,0.15669990984130544,0.10610534032913793,6.882481781303373,0.8617376374233005,0.5623233164246286,1
678,7,2,1,1,0,20,6,1,1,3,118,9870.656165568767,0.16360496848771475,0.20212223053776518,21.330138012404692,0.655422760438534,1.0559112870691503,1
443,4,2,2,0,2,3,2,6,3,2,68,5535.57045264482,0.166303337325478,0.132098174680904,11.747417600479572,0.6857193195971281,0.7352613560730084,1
598,6,1,0,3,0,19,6,7,3,3,70,5060.060534372956,0.04625195714993982,0.18978090337439862,18.74808046719294,0.7937852127640477,0.7358893777432739,1
308,4,0,1,3,1,23,2,8,3,1,76,4544.88059996914,0.08373349813196702,0.14032816433907602,7.890101978964674,0.8791722518880306,0.5308439204999218,1
373,5,1,0,2,2,1,2,7,3,3,102,14545.359465937476,0.07675351801750084,0.10671037544395531,8.46255346957722,0.8174412479423447,1.0292315692487077,1
585,4,2,4,0,1,14,5,3,2,3,117,9306.38395680353,0.15177491649865293,0.1729566463796293,19.361692416103956,0.673870796704773,0.9573451907186372,1
814,7,2,2,2,2,1,5,12,1,1,129,14564.421845987648,0.14933079280420958,0.07185281484433433,23.094445305394284,0.7204673765581552,1.1165549253371143,1
561,4,0,0,1,1,19,1,3,2,2,105,8353.934316259187,0.08752535746777845,0.21454245762449295,15.825511395202492,0.8440694832084779,0.48198108918207666,1
678,5,2,2,1,0,12,5,5,2,1,83,11056.736971617906,0.16696670934535796,0.14301446094246906,17.605628969304334,0.6805084733704778,0.9803741999506407,1
660,5,2,4,0,1,0,1,7,3,1,144,12086.06196378015,0.08985929197681555,0.058749820463868674,18.82307513958719,0.7531258994016921,1.0605271561258984,1
427,4,1,4,1,0,18,6,4,2,1,92,4600.407399630554,0.0948696352788268,0.11584448768297903,13.084996709179057,0.8051786446671874,0.5942263923784723,1
437,4,1,4,3,1,18,0,1,1,3,56,12179.133695982673,0.10381613755982327,0.16825688494560495,13.391334025540997,0.7775671398725573,1.0161651038346347,1
571,6,1,2,0,1,22,4,8,3,1,128,13596.591323777702,0.15913435349648924,0.05225974914757149,15.978180326999562,0.8048726538101727,0.7956472417677077,1
209,2,0,1,3,0,11,1,3,2,2,143,4264.957123889165,0.041884469029126396,0.08704848316892602,5.767619006743673,0.9219801715108764,0.2850615675359657,1
810,7,1,1,2,1,22,4,11,4,3,71,4705.86181454846,0.18503444020065682,0.20638734988215693,24.558296143861966,0.7238601944627339,1.199110949416335,1
745,8,0,1,2,0,15,6,10,4,3,64,10265.061721411479,0.15072878978995213,0.10411653660325071,23.09152164264308,0.8653196031230587,0.43669217437758645,1
461,5,0,4,3,0,12,4,6,3,2,78,15656.59415137134,0.13385574076723486,0.06864927310705798,14.285484535451973,0.8888727437565682,0.7994550480167839,1
523,4,1,0,0,1,8,3,6,3,1,77,15678.939086472434,0.0779730628964473,0.057708885253626704,16.275669789964898,0.8389431233324667,0.7614998458756577,1
482,6,1,4,3,2,7,5,12,1,2,61,5314.943875608278,0.16568213087988187,0.15143127773346904,14.953422386159545,0.7572989661239922,1.1119804261069999,1
779,6,2,4,1,0,14,1,1,1,1,43,13130.564968544353,0.17964610349373397,0.14046396358207364,24.570698606233133,0.6759504698158865,1.302830698076687,1
878,8,1,4,1,0,17,3,5,2,3,60,13519.827104157654,0.12024747521444451,0.15659349336041029,25.953486903569225,0.7754215641413154,1.127801040755679,1
279,3,2,3,1,0,0,6,1,1,3,72,14523.46343766814,0.08679373188049316,0.212446616506085,9.375527386773028,0.6853418432260397,0.9798144288722954,1
560,6,2,4,2,1,9,2,2,1,1,60,4522.2177992502975,0.10088853856306777,0.050821287456076086,18.012985760677118,0.7517305782913852,1.199497250678618,1
192,3,1,0,1,0,1,0,12,1,1,61,15669.202758470277,0.10660016201695735,0.07558078327261028,4.285648527565176,0.8180185746196946,0.22153637935628828,0
596,6,2,4,3,1,9,3,2,1,3,143,13860.503308641675,0.0889464609460592,0.08208837834454098,18.613295780577324,0.7430343223192298,1.5973548634998198,1
408,5,1,2,0,2,19,3,12,1,3,63,11292.234845608298,0.15395016270182166,0.11687599649708488,11.96867484277157,0.7781282283604921,0.7140102919023448,1
488,5,1,4,2,0,16,5,10,4,3,130,4801.937907938318,0.09474788926716673,0.06178474118405669,13.631485158574392,0.8295603162969495,0.8724145615114572,1
600,7,0,0,2,2,2,5,8,3,3,102,6881.899113678113,0.17139475345726554,0.11377658601564969,18.080161324292447,0.8516728972371881,1.035130914817957,1
477,3,0,4,2,1,17,2,9,4,2,87,8159.57693958042,0.11419056638804098,0.18691503317004124,13.94665759804687,0.844502480198863,0.6120370723256423,1
542,5,1,2,2,1,0,5,3,2,2,125,14288.649672699381,0.14063362885061703,0.06945840893511061,14.38528076718311,0.8054585829964226,0.9316626102554137,1
883,7,0,0,2,1,0,1,2,1,1,41,13133.444668340351,0.1916723709132162,0.2049844839478153,26.069102474146117,0.8015044153125358,0.35154895086581894,1
925,9,1,2,3,2,21,1,5,2,3,121,15288.647182338906,0.11136858741145714,0.20402561471158615,27.681012898008376,0.7580726090446306,0.7742399377756342,1
185,3,0,0,0,1,0,4,10,4,3,85,9070.449435958282,0.06725539318255896,0.13233770150726504,7.314234769880226,0.8901831073895792,0.33745074896342875,1
527,6,0,0,1,2,6,4,4,2,3,131,15001.578220488223,0.12798757118346768,0.19482836045252352,15.50817142116637,0.834732830763804,0.7506017908368107,1
959,9,1,2,2,0,3,5,3,2,2,145,14748.500894578161,0.11946808420871732,0.16807014668031103,30.264629112515667,0.7706077960999372,1.464963587512263,1
668,5,1,4,1,0,13,4,10,4,3,120,4221.838790038351,0.16521332811027314,0.10421292188991052,20.043105990665136,0.7787581874999174,1.2055815171612556,1
368,5,2,0,3,1,12,0,8,3,1,52,6871.049576275089,0.17763191412729343,0.14111526971019214,11.644020833043154,0.6765637672731315,0.6005090232144472,1
726,7,2,1,2,0,20,4,7,3,2,147,13598.595776383374,0.1540191631515463,0.06099097999431014,23.43365693198262,0.7232454355843646,1.4760726199589085,1
313,4,2,1,2,0,23,3,5,2,1,123,11981.103014754262,0.19543275312975145,0.12923722708578664,12.143881665440452,0.6738985089030078,0.6494334070365143,1
200,3,0,2,0,0,17,1,10,4,2,42,6674.6554967242755,0.08307114862564045,0.18939622957959432,6.2104994142548575,0.8573896798076444,0.6500845846786345,1
761,7,1,0,1,0,11,2,9,4,1,60,13377.638250848602,0.078271289614647,0.1453431995846539,21.93821127441509,0.7993734798603146,0.8071497068929712,1
653,5,0,3,2,0,1,5,5,2,1,148,7798.670652341105,0.08660588967127489,0.10876551046003835,19.69899200696992,0.892082869940909,1.3729905048254563,1
875,8,0,2,1,2,22,1,2,1,2,132,11225.739543531261,0.14734516629146346,0.15944073536857803,24.51867640795831,0.8419463442529813,0.8442115634949895,1
497,5,0,4,3,1,13,3,11,4,1,85,15215.892929252757,0.0772065624518268,0.21583397986985417,13.517712361663417,0.8481317559552435,0.7432257962455897,1
965,10,1,1,0,0,5,0,2,1,1,145,6875.418178913141,0.05414678785886153,0.052146675271862605,30.962984174232258,0.8521679415911741,1.111988212709685,1
567,5,0,2,0,0,13,5,6,3,3,92,4664.409937282405,0.19643554937467192,0.09946557803464831,17.607284702086385,0.8468444926658059,0.6146392159045739,1
858,8,1,0,1,2,9,1,11,4,1,135,11921.665526041146,0.09033772208003045,0.06806906705969237,24.749145072515127,0.8287169448871248,0.78575203545328,1
272,3,0,4,1,2,8,6,6,3,3,103,12741.056775725341,0.0755831481561494,0.2122505531450869,12.119951496120388,0.8504748344144436,1.1873621494285636,1
269,2,1,4,3,0,10,6,10,4,2,112,7750.945813517332,0.09739984035767618,0.13826233617517195,6.220386279876694,0.7939520205602184,0.5610039305592034,1
900,7,1,1,3,1,18,5,6,3,1,40,9620.931440315777,0.06534802288918432,0.06334044413452526,27.227878027082696,0.8420901898393307,0.8446805730503577,1
947,7,0,2,1,0,3,2,9,4,1,146,10013.081778739643,0.04572285025263872,0.15019061052725144,26.76525388756144,0.8918389426490494,0.8206528108568276,1
1047,9,0,4,2,1,23,5,8,3,3,59,13791.365850529824,0.08886137081214372,0.130075634195031,33.28991606627514,0.8814783477467714,1.135583521234624,1
478,4,2,1,1,1,1,0,4,2,1,63,12316.949876790582,0.09405806972273661,0.05067768447204239,13.541833487507816,0.7548689106123494,0.7828988388180723,1
200,3,2,1,2,2,3,2,11,4,3,89,7275.806867101401,0.16976259807022956,0.19561263949937072,6.12162235228724,0.6555811430936798,1.2085065122982053,1
1081,11,0,1,2,1,16,0,6,3,1,123,7276.145822759916,0.10970188253165813,0.16765532722820306,30.676859793474637,0.8551892556080625,1.1159597310661273,1
733,6,2,3,2,2,3,0,6,3,2,124,7899.580975836061,0.15788036419310247,0.04094298315908724,24.188648668544587,0.7305294936915145,1.2874998092350631,1
407,3,0,1,3,2,18,2,8,3,2,108,5751.433929322673,0.15771401750060085,0.21274100534864343,11.168986106200643,0.8132952397178401,0.7667975390249187,1
882,8,2,0,2,2,17,4,12,1,1,135,5611.34206077934,0.16623873255386457,0.0686682645325316,26.98675237315872,0.7142918513111217,1.0997035055712021,1
1011,10,0,0,1,2,10,6,11,4,3,116,13808.93843435262,0.18696142150519215,0.04004716127459087,30.610933756813132,0.8778461377490976,0.8394919099309154,1
442,3,1,4,0,2,10,0,5,2,1,56,13980.462688290145,0.11978101350451589,0.11690887982765957,12.16983120284281,0.7934895480005211,0.8974109564186441,1
888,7,0,4,2,0,23,2,3,2,3,126,7120.959086531997,0.05663252770163309,0.06534084377008706,23.495188574452694,0.9251119828377259,1.0893006949101616,1
904,7,0,4,3,2,19,4,4,2,2,68,14204.761407798305,0.046186070845208926,0.14262662721741173,26.315510152057236,0.8950342858718207,0.9232266372003007,1
641,6,1,1,2,2,15,1,4,2,1,97,10848.819271274668,0.06990552599677916,0.09605733073476452,18.942400080586864,0.8253167144708053,0.8416663299876703,1
761,8,0,2,3,1,3,5,4,2,3,106,12545.893554197188,0.17267386349542146,0.07333205557976696,23.60883723377586,0.8692973364161651,0.3364105796457788,1
427,5,1,2,1,2,14,3,6,3,1,83,14565.330402096906,0.13189591984503718,0.2173620952231371,15.81140399417822,0.7428338932193216,0.7702665593290785,1
1034,9,0,2,0,2,0,3,1,1,1,79,7700.130371573593,0.06241891909049496,0.09989122291057964,31.583918050691132,0.9069604360995164,0.594749739561172,1
1084,9,0,0,2,0,6,0,7,3,2,69,11946.712670235524,0.06122179807113419,0.11465198765043438,33.15814954714098,0.9008567964252941,0.5278847371400934,1
1082,10,2,2,0,0,16,1,11,4,2,72,7702.399690944256,0.18264047006962425,0.0929632249791484,32.107478444747336,0.6959783372280522,1.5786230981244571,1
858,8,2,0,0,2,9,6,6,3,2,148,14834.97879074875,0.12320485755541996,0.1906576566024371,24.203018687834813,0.6787618686289643,2.1780313949922983,1
218,2,2,1,2,1,23,6,1,1,3,82,7595.0294313732575,0.06750362519666725,0.07542113399233652,6.201724247713217,0.7556838583649482,0.8234041227450717,1
517,6,0,1,1,2,22,3,5,2,3,92,11504.007614400103,0.1834796183789644,0.06297835503119006,15.123878944444003,0.8690939119654305,0.7760635278893787,1
589,6,1,3,2,1,2,4,5,2,3,117,6292.318639389823,0.15531634788915466,0.19866239667221008,17.839914956833148,0.7407095649473858,0.8599882526499336,1
1063,8,0,4,2,1,21,3,8,3,1,67,8437.354769166313,0.11644299365136138,0.07300475796551956,30.580683307947194,0.8947485117724036,0.7847504655489355,1
683,5,0,3,1,0,20,3,4,2,3,61,8216.784533250066,0.11441046987459422,0.1944288415147977,17.96045076229642,0.8410223098747736,1.2897937000493873,1
673,5,1,2,2,0,2,4,4,2,2,63,13003.896332367533,0.14762428678942552,0.14407199700814033,21.23090084005334,0.7687366722910953,0.7395842897265554,1
315,4,1,2,2,0,9,3,9,4,3,46,7439.143074915788,0.09412947126960233,0.18820690730641007,9.72052910499453,0.7729486296407945,0.24261356190705796,0
910,8,1,2,2,1,22,0,3,2,1,89,7928.903918703445,0.19998562619101298,0.05262845261329402,26.751324544978296,0.7863236645380619,1.2165943307614135,1
489,4,0,0,2,0,0,0,12,1,2,40,4112.976833202841,0.1655287319580984,0.21345176371133415,13.142685508915598,0.8094587769487553,0.4722198420234478,1
264,2,2,4,1,2,1,5,4,2,3,81,7790.043314200193,0.1425535768091521,0.09395728746667363,7.176887295364248,0.7135701110758783,1.160869996624671,1
1088,9,2,4,2,0,12,5,10,4,3,97,7265.7696269468615,0.14999239047869753,0.05055285045930904,31.195609927831967,0.729754641577897,1.8867781584128709,1
354,3,0,1,2,2,22,1,1,1,2,68,10535.288722160753,0.19937341985105814,0.17767944281135842,9.083000741637045,0.8103262118019126,0.6993898944138844,1
194,3,0,0,0,0,6,0,4,2,2,67,8821.365544536118,0.04172506311639586,0.07212167316572422,6.500529306869189,0.9287689686730459,0.3132189472932257,1
251,2,1,0,0,0,18,1,5,2,1,106,15765.655982006861,0.04365194704206708,0.10320013745333517,6.842676994598278,0.833916561977069,0.6571062878695328,1
596,4,1,3,0,1,16,4,6,3,2,101,10553.586847911585,0.16560445921392364,0.1470381269976022,18.182533246398805,0.7593108362048133,1.6446705180105792,1
274,3,2,0,0,2,3,4,2,1,2,126,4872.984073648351,0.0735027136419142,0.05235095067879652,7.978097332068366,0.7633658510556801,1.3896837244271278,1
955,9,1,0,1,2,6,1,3,2,1,136,13713.823273996557,0.1496266504466722,0.07634803987592378,28.869325297636404,0.7983113893548318,1.0706853425261487,1
651,6,0,3,3,1,14,1,11,4,3,67,4639.17822491335,0.12053447058699182,0.12803300194400138,19.635122256964536,0.8681446373610531,1.032500038632704,1
477,3,0,0,3,1,11,1,12,1,2,72,14046.755926139116,0.09098722009041385,0.1159425346682095,14.21440560644317,0.8868816103586195,0.9274976896440672,1
182,2,0,0,3,2,5,3,6,3,3,97,8865.654227514147,0.07701440240945945,0.1403632100390304,4.580081096628528,0.8821800743981796,0.5365117102176927,1
621,7,1,0,2,2,4,1,2,1,1,60,4740.122999833312,0.16427934299549235,0.17115391394441912,20.22104548255242,0.7490550343770399,0.9869500311846625,1
319,4,0,3,0,2,13,3,4,2,1,120,15728.386782374944,0.0673571063580632,0.10353860904695336,8.578730500547204,0.9030969280677426,0.4530792910463232,1
1079,10,2,1,1,0,19,0,12,1,3,40,9945.106433994903,0.0653953618016943,0.11279302499991017,32.44566017028758,0.739815225939278,1.4120234070796294,1
447,4,2,1,3,1,9,6,12,1,3,80,14257.756589574072,0.11070921759503027,0.08902864511464587,11.917247090686416,0.7301179617806457,0.688068974614829,1
616,7,0,3,3,2,22,6,10,4,1,147,9046.695873306075,0.0590842874287381,0.10114546097661015,18.86565254253497,0.9078966132175933,1.0199713891416131,1
197,2,2,0,3,1,16,2,11,4,3,120,9539.289489112687,0.14264189649462727,0.049185251142112106,7.053220148982258,0.7336777835634672,1.102372675809018,1
300,2,1,2,1,0,9,5,9,4,1,96,8348.369260650039,0.19871532472975814,0.14442234387509015,9.361311731243129,0.7455880491278183,0.6130097278269764,1
370,4,0,2,1,1,16,3,8,3,1,40,8427.06379901402,0.15966612654878085,0.07110017057308596,12.607109903435898,0.8761551662951599,0.4440072636065826,1
227,3,1,3,2,0,10,0,10,4,3,128,13521.462817064035,0.1365175927079453,0.1689316128013781,6.809814090485354,0.7625478575208045,0.46241869349335113,1
847,8,1,3,0,1,18,1,8,3,2,89,4369.413583716871,0.10314215901172186,0.04759482392283433,26.5801837278108,0.8321683576794497,1.2221772413532828,1
1049,10,0,3,0,1,23,0,5,2,3,134,9878.36768206826,0.19807834532108823,0.050777669028980336,30.77459193230186,0.8680147935424691,1.0934131902419058,1
1086,11,2,1,0,2,18,4,8,3,1,126,7186.685521174833,0.1807909201404474,0.09124409785948759,32.42881316837418,0.6975842419000292,1.1960095883088688,1
424,3,0,0,2,2,3,5,4,2,3,149,10680.625295763968,0.17129452718675245,0.11891276411736681,12.513935703116493,0.8494067189131463,1.275580319134063,1
905,7,0,2,0,2,1,4,8,3,2,52,6582.540374400754,0.07680106874820758,0.16484950338174664,27.635789735290125,0.8712572425415206,0.49177914682720897,1
643,5,0,0,2,2,19,0,5,2,3,134,8185.007785570939,0.05977291098475279,0.1645930129706783,18.264242418525377,0.879035334220056,0.30694463994599225,1
222,3,0,2,1,0,20,1,6,3,2,118,10399.096714070765,0.06847057148117427,0.2152082352287707,7.876270314084183,0.8523445369805247,0.6859966908235071,1
263,4,0,3,3,2,13,3,3,2,1,72,12901.701830528284,0.08139025510658358,0.10329600759140023,8.798477554056014,0.8968911817859072,0.7246320965048981,1
683,5,1,4,0,1,5,1,12,1,3,132,15351.625541578438,0.05307181233693761,0.05068317400939168,20.37794013539269,0.8533102561441518,0.7741317339697089,1
569,4,1,3,1,2,21,0,9,4,1,102,6917.553619912666,0.18214757266686082,0.19502759039325632,15.548130491622581,0.7302711766229473,0.8402605202547266,1
187,2,0,4,0,0,10,2,2,1,2,112,9794.963188438502,0.06963217305939842,0.17151478024099512,5.259403551355069,0.8714838710148229,0.5741596741262559,1
1035,9,2,2,1,1,7,4,6,3,3,145,8183.769066487373,0.07625753411242986,0.052261946769847786,30.724482385566116,0.762166233602975,1.4820970417180304,1
851,9,2,2,2,0,8,0,6,3,3,103,11272.442304739405,0.18210533691950462,0.05500091900531036,26.399734237779377,0.7133021848338332,1.1531061204685074,1
642,7,2,1,0,1,7,6,11,4,3,109,8397.764342251994,0.19330291214880407,0.12579447543330916,18.725843020437342,0.6764061755880489,1.471742666899778,1
1088,9,1,3,2,0,6,3,10,4,2,135,5163.629407228198,0.07548498010968907,0.10149609108283653,30.681207024480646,0.8203585179633635,1.3636989576359695,1
1073,8,2,4,3,0,7,1,11,4,2,124,11372.76153347034,0.08706945487850035,0.14734696844488662,28.877519370518037,0.7145126095044758,1.8124975336499847,1
1076,9,1,1,0,0,16,0,6,3,3,110,4426.7578001876645,0.16801646355776528,0.0794489645981176,32.81076278297909,0.7886405573298527,1.1651143134353616,1
418,4,1,0,0,0,0,6,2,1,1,139,4516.509447105742,0.19524222201027272,0.2126810424306566,13.732907323207847,0.7164345310015818,0.9873017996352049,1
990,10,0,0,3,2,8,4,9,4,2,140,14610.651339913196,0.14394817556594489,0.1321843089595068,27.641010433615094,0.8557403819635467,0.9486112971021516,1
644,6,2,3,2,2,4,6,3,2,1,107,14443.368867984062,0.11081354946060917,0.17512939028383395,19.438173389140093,0.6913256771150005,1.4295631950099559,1
847,8,0,3,3,0,15,5,8,3,1,50,10752.570066276223,0.1479327267585282,0.06264120572997268,25.036913017819003,0.8852417303801746,0.9707996738505236,1
970,8,1,0,2,2,23,6,5,2,2,116,4216.033657822785,0.16484536173071734,0.15104650749386034,30.186752470902512,0.75784865884894,1.3924684364359068,1
330,2,2,0,2,1,18,6,5,2,3,76,8117.266831959838,0.05802494458936366,0.19573236228091737,9.231893513822238,0.7058092119083734,0.9821286472454707,1
592,6,0,3,0,0,5,5,2,1,1,104,8155.211560612772,0.10964773680838541,0.04413831382193223,18.633560681785514,0.910796277216357,0.19915090683622105,0
298,4,1,1,2,2,12,5,10,4,3,81,12650.684036911833,0.17716833017105954,0.13719751516501175,8.931820647549289,0.758535369598768,0.6374412682643067,1
437,3,0,2,1,0,0,5,9,4,1,77,13742.904361079638,0.1528679478585944,0.08441709229652325,11.875486687961496,0.873221731930197,0.5418006211455271,1
560,6,1,1,3,0,9,1,5,2,3,147,8250.87499547874,0.06460388944200719,0.12610998357606998,18.057525454743526,0.8141787571418653,0.9355667309124596,1
967,9,1,3,0,0,6,4,9,4,2,67,9060.873412697307,0.1608341107608485,0.18687912331930187,30.34140184382554,0.7435290446639323,1.4743887482224174,1
973,9,0,3,0,0,12,6,12,1,1,57,6695.9171742479275,0.14679057825703737,0.16421272586929514,27.682564790201607,0.8400485131431503,1.1660465269654527,1
538,6,2,0,2,1,9,6,9,4,2,109,12735.020491934885,0.08234380298783212,0.17580984336398184,17.928824785804046,0.7038308591416836,0.8932647316671117,1
482,6,1,0,3,0,16,0,12,1,1,110,8189.833923380551,0.09504046116917883,0.07810291335237636,13.914457758598653,0.8220854814653001,0.962506185400357,1
668,5,1,2,3,0,13,0,6,3,2,147,12465.764231738187,0.09030503918785979,0.18985358725147203,16.780473919415204,0.7739286181023007,0.7294704833970507,1
1018,8,2,3,2,1,22,1,5,2,1,46,12482.802050114382,0.1989197659685544,0.15051858090093664,30.00245568340103,0.662752743908729,1.8382041883239124,1
1078,10,0,0,1,1,1,5,11,4,2,140,5874.564287082654,0.06939541997207427,0.05247438112492017,32.977025689504785,0.9251585895063524,1.245614584729728,1
388,5,1,0,1,2,22,2,8,3,1,132,14625.745121633267,0.1727064481232926,0.19528768279919514,10.391649156317905,0.7344026410848805,0.8546347362763136,1
351,2,2,3,3,0,18,4,8,3,1,63,13894.273719724919,0.12490166714786285,0.05003594327999471,7.657523544543828,0.741278075307464,0.7325008468578744,1
830,8,1,2,0,1,17,0,8,3,1,130,10996.138650559655,0.1808834695692741,0.04517871138432132,24.448355004163073,0.798272018570882,0.9288982384632095,1
457,4,0,0,0,0,19,0,12,1,1,132,5035.89772980009,0.1970977816386729,0.19007449195813123,12.872040682081652,0.8057724768814382,0.2965318134179333,1
363,4,0,3,2,2,1,5,9,4,1,52,6007.059180313225,0.19377329486955683,0.04234426718069096,12.796171128165765,0.8737470970773885,0.4060149665834262,1
208,2,2,0,1,0,5,2,10,4,2,42,5106.142198316811,0.17668048804619416,0.055918136975104345,6.288194976076618,0.7153306187404156,0.6989907377732774,1
550,6,2,1,1,2,0,0,1,1,2,112,9563.379399414109,0.1061715541810474,0.043051540305208,17.75513757322943,0.752849607481185,0.9496781085646432,1
540,6,2,3,3,2,19,1,9,4,1,104,7186.152034297971,0.08340351029781848,0.19845017365374798,16.862154672711483,0.693165842221795,0.8420900284078845,1
698,6,0,1,1,0,8,2,4,2,2,134,13969.560108178655,0.09111958283050216,0.048045187924840055,22.650853599655417,0.917375853160096,0.5098789465766641,1
364,5,2,0,3,0,8,2,2,1,3,142,9231.47678601198,0.14450208502222417,0.10708236660713902,10.508909374265519,0.7067869967667866,0.9396277222274406,1
837,8,1,4,0,0,14,6,4,2,2,51,9425.17568789071,0.09469768899969422,0.0790586265886398,25.120771618832073,0.8218096579852497,1.0299302894170494,1
805,8,2,1,1,1,10,1,10,4,1,145,15063.10587282512,0.10958218301786107,0.10149898231083157,22.50132582092906,0.7250134756020883,1.0388285327056168,1
605,7,2,2,0,1,15,4,10,4,2,133,10933.258169710272,0.052757822923115115,0.09230667060387539,19.69472666791831,0.7547209779128542,0.5442413130509981,1
346,4,0,4,2,1,22,1,4,2,3,106,8648.155307428337,0.1633618596224609,0.19981691064233895,12.042091254859832,0.81656955338084,0.9915396097820078,1
646,7,2,4,3,1,7,3,3,2,1,79,15801.489660453599,0.05783509742858291,0.17836700001760702,20.84732826802582,0.7137090561492145,1.2854539679341859,1
800,8,1,4,3,2,21,2,6,3,1,109,9549.229385349761,0.09392424837445365,0.19930303766120325,24.10301431116267,0.7680477212839544,1.329747818445141,1
522,5,2,1,0,1,12,2,4,2,2,102,10956.162871400624,0.13446943555633528,0.16960767079177044,13.949517187590201,0.6831653021433524,1.144924133990209,1
422,5,2,4,3,0,9,4,6,3,2,82,8584.011469203742,0.12498797617189897,0.09946265623793907,13.001582885156015,0.7189972154155728,1.2108306903772708,1
645,5,0,0,0,0,22,4,10,4,2,48,12030.489582542303,0.18290088998768847,0.0734521215201345,18.160425186714523,0.8646411448214797,0.6671397096728983,1
506,5,2,1,2,2,11,0,4,2,3,119,13309.692916142443,0.1453901019280596,0.13536030647091746,16.422973073873116,0.6936623162204603,1.1431026384269352,1
548,5,0,0,2,0,3,1,3,2,3,73,11543.706730687958,0.16624716457233527,0.10420030375007788,15.908996993077118,0.858298639254914,0.7621833208757305,1
500,6,0,2,0,0,6,1,2,1,1,67,6981.050769707692,0.08855134806624107,0.1558143396182298,15.020224346050533,0.8700354405419881,0.8883625068463777,1
459,3,0,4,0,0,20,6,9,4,2,81,15307.565152752288,0.06116117388614594,0.0470078665799239,15.887727347658402,0.9313239317902685,0.8793618172348774,1
839,7,0,3,0,1,12,2,3,2,2,43,10140.613435208637,0.15893279985622727,0.16833676519161386,25.838131297388344,0.8327286957284714,0.7497468339926476,1
603,5,2,4,2,0,13,4,3,2,1,83,13912.273491493957,0.06457263648308731,0.09392065185960348,19.159543203592534,0.7486780202457891,1.1915446497773292,1
609,7,0,0,2,1,16,3,10,4,1,131,4105.896679455017,0.17346659259553476,0.12320329084636206,18.211788674584103,0.8464985524511464,0.3134754252515928,1
780,8,1,3,0,2,4,2,2,1,2,120,10213.166362084405,0.19088279091141652,0.21615051203811245,22.405884192855083,0.716835013672712,1.1484132940939848,1
512,4,1,3,2,2,2,0,8,3,2,46,15226.954738698218,0.08526845749535444,0.07880358002989231,16.353840324787658,0.826167583113639,0.8319255019977504,1
272,4,2,2,3,1,10,3,1,1,1,76,12258.521371110286,0.16176080595822917,0.06117800489138119,10.548418056216388,0.7196775351176753,1.1326268033793132,1
964,9,1,0,0,2,22,6,12,1,3,113,5370.190488126196,0.10997413096677541,0.07776649495043184,27.424629640057894,0.8155167183372567,1.1013777195268353,1
231,3,1,0,2,1,3,6,9,4,1,142,12519.676004747615,0.08783957531849249,0.10327063461759203,6.657958662524898,0.814000405528762,0.7478679435204958,1
706,7,2,4,1,2,17,2,10,4,2,88,4180.248075696689,0.10898293334085574,0.13652235210483796,20.28183802537815,0.7095226215494378,1.2819377423456908,1
424,3,1,1,1,0,23,3,8,3,3,148,8424.169664175839,0.14348276539876897,0.21644072242782791,12.935595163433538,0.7380344304780314,0.6242553747842892,1
376,3,2,3,1,2,2,2,5,2,3,44,6840.437599402298,0.19809092371444964,0.1965790089229191,12.39835138895879,0.6423985303131841,0.9471739298919597,1
218,2,2,4,1,0,3,6,12,1,3,140,7022.648434745007,0.0880069973881003,0.16869216017678135,6.094872456500984,0.7044853790958032,1.0957914907095787,1
1008,8,2,2,1,0,20,3,10,4,1,57,4497.768777630334,0.15295091117649978,0.16969531807640034,29.280869613131312,0.6748091968361949,1.3271712066611345,1
574,4,0,1,0,0,2,6,2,1,3,120,11405.587252023497,0.09357921650571602,0.09108101135669114,14.357171918420743,0.8969028974619168,0.01,0
495,6,0,2,1,1,17,5,7,3,2,51,12902.8454288694,0.08022305197754098,0.20703444530337067,14.28122561736855,0.8507341262235897,0.86629001729332,1
861,9,1,1,2,1,19,2,7,3,1,148,7502.008200433887,0.14109474268104338,0.1371193889471888,28.0666720193631,0.7748036407672956,0.9059748821935578,1
215,2,1,0,1,0,7,3,4,2,3,63,11042.207019173726,0.1618060884282478,0.06925371136858453,7.049088747949301,0.7960230900914255,0.5746608589663895,1
699,5,0,4,2,2,6,3,6,3,2,80,9968.725193158225,0.1547817650751096,0.21105445288650618,21.506284077312447,0.8153737019172729,0.6549511086662889,1
635,5,1,1,0,0,12,1,12,1,1,109,15917.780024250547,0.19081370857492613,0.13117466478649706,18.272332197688122,0.7551052319873596,0.9055123087888494,1
689,7,0,3,0,1,12,5,2,1,1,45,13747.985106118364,0.057179067324421136,0.06799218633586415,20.603905019449357,0.9236729358528716,0.05068184004516396,0
294,2,0,3,3,1,20,3,12,1,1,102,15352.455858375428,0.12650618625074955,0.17234178993297364,8.559183252558544,0.8455184107173246,0.5345236465509959,1
1056,8,2,2,1,1,14,1,9,4,1,72,13891.95557057001,0.08653500693702343,0.08208221917167825,31.378560405378757,0.7441222482510842,1.1723781307701013,1
399,4,0,2,2,2,23,3,2,1,1,87,11892.059920316617,0.17071313257945744,0.07378004903986679,13.751251233064778,0.8699780682713041,0.30112573321964625,1
804,7,2,0,2,2,5,5,4,2,2,76,4853.992905715959,0.04992424827928794,0.08816646565471654,23.150591549122016,0.7578591787296979,1.3793542840003845,1
867,8,1,2,0,2,6,2,11,4,1,132,14294.731557320603,0.06812855231396253,0.1440897606619571,25.850084251823148,0.8045017591608362,1.1217532423033796,1
496,5,2,3,3,2,5,4,9,4,3,90,13132.231090724139,0.16352456987953998,0.09266610272846731,14.100729089686041,0.7047141973263966,1.118141471141415,1
300,4,0,0,1,2,15,6,1,1,3,122,7385.936508588915,0.09674261127371828,0.04734642527681427,7.132938946003449,0.9151599335522603,0.25174044171139176,1
452,4,2,1,3,1,0,2,2,1,3,44,7232.607303249608,0.1490880180495755,0.10974946982585751,14.598904137647061,0.7035231304560551,1.2343992187837487,1
922,9,1,3,1,1,20,6,12,1,1,115,10291.011770804074,0.19976090843305067,0.08218976843140705,29.96010057763298,0.773122195410994,1.1395773408590737,1
1013,9,2,4,1,0,18,2,2,1,2,82,7396.016383993485,0.11357585649082544,0.13206052155184572,31.17644710543155,0.7094636298807979,1.8597713455856075,1
1041,9,0,1,2,2,23,3,8,3,1,105,15647.505044863205,0.12527747845890075,0.12272108866147902,31.271083892644512,0.8684006447958291,1.329372970274972,1
388,4,2,4,0,2,23,5,12,1,3,133,6322.8303033045095,0.19605249011380632,0.05405495348433983,14.034652785298896,0.7074516503808341,1.4927531661331934,1
738,8,0,0,2,2,1,0,2,1,1,116,5840.540697947451,0.15942295821731287,0.08415652853318842,23.171705779861526,0.8703892309622744,1.0536054582835934,1
318,4,1,2,3,2,17,4,1,1,1,78,4522.287595000873,0.07148111959584036,0.0906671701135075,10.931718861647944,0.8270332696307935,0.6002675462493551,1
833,6,0,4,2,2,12,3,10,4,1,64,10631.092209441427,0.1686880345315662,0.12725259379379222,24.490219312347485,0.8468267172535887,0.9993132253792594,1
562,6,2,2,0,2,17,4,12,1,2,137,12883.945140694768,0.12253734586839016,0.18799938989287518,17.541912417245467,0.6802584689074306,1.1810099456728855,1
836,8,1,2,2,0,20,6,7,3,2,68,11036.099444224594,0.1659791060582218,0.0793484857474795,25.04045759740411,0.7896025836874344,1.2867384320924395,1
810,8,2,0,0,0,13,3,3,2,2,43,6499.313761985457,0.13576840397952544,0.06847360092733998,25.51488585316298,0.7280910977919105,1.1780780195672766,1
1093,9,1,2,0,1,0,6,1,1,1,72,15081.136314059966,0.07637303245627555,0.040183883953170484,31.053619017176093,0.8475493876157493,1.1259415382401623,1
629,7,0,2,1,1,20,3,11,4,2,41,8551.563610456098,0.1703103327066907,0.14917057405116338,19.855743699975978,0.8362335919589656,1.232104846493092,1
494,4,1,4,1,2,10,1,10,4,1,121,5689.616090213481,0.040324245396815075,0.09861517408105008,13.57634560521918,0.8374772612349607,0.8160534783281287,1
664,5,1,1,0,2,11,4,11,4,1,137,6292.667299565261,0.18208483525762853,0.16062796345260721,20.08551635368879,0.7457792405803939,0.85133632040204,1
329,4,0,1,0,2,14,1,10,4,1,87,9258.535605609242,0.17097747611634678,0.16422563099642545,13.130846718921664,0.8291586017992525,0.5001804492805186,1
282,2,2,3,3,2,21,6,6,3,1,107,10532.510748347187,0.19522239868360006,0.04804663438596825,9.060874626431104,0.7105289351186942,1.2519516379066271,1
657,7,2,4,1,0,12,1,6,3,3,145,11217.385274014025,0.045686038513394395,0.11531410548791501,21.498181818322013,0.7475499351994107,1.2621825489465652,1
939,8,1,1,0,1,4,3,5,2,1,141,4878.8464122228925,0.11002152046103383,0.21423688552493472,28.993498622324292,0.7540837173063142,1.2859867777174023,1
670,5,1,3,1,0,17,5,9,4,2,44,14409.934855144978,0.06706104678255027,0.0895258834745368,16.840664250301355,0.8295358813843108,0.9574966650887219,1
899,7,2,4,2,1,15,0,2,1,3,47,8037.164516400965,0.09983832572852072,0.1353190782514816,26.29986171503898,0.7141791682089988,0.8615062069688592,1
343,4,2,3,2,1,1,3,1,1,3,82,7112.7621758284195,0.09756662557279246,0.13680644271468026,11.163763999215293,0.7145321192706372,0.7593303145145249,1
593,6,0,2,1,2,12,3,12,1,2,70,12250.81492300613,0.1356097699792805,0.08689922633009564,15.498598086395468,0.8798709516607807,0.6833588265369612,1
744,7,1,1,0,0,18,2,4,2,1,57,11362.730370631489,0.10998879900509828,0.1802661464039231,22.038307296944417,0.7693852745659404,1.071021616563179,1
499,6,2,1,3,1,21,4,1,1,2,56,15913.847940860534,0.19449171416871386,0.04066291542079513,15.436486360006608,0.7141804166847209,0.8318345196141376,1
192,2,2,0,2,2,6,2,9,4,1,129,8924.238931470298,0.08444380333720389,0.08082229123045244,4.374723250044626,0.7456302574445546,0.5226471179969796,1
247,3,1,0,3,1,12,2,5,2,2,61,6198.97623585033,0.10700007355681787,0.14665490924742222,6.536372891127224,0.785855257738092,0.5463910797303291,1
1033,8,2,2,1,0,19,1,3,2,3,92,15673.175335526455,0.15210476805136297,0.20511286000676104,31.989035762768932,0.6592520673738441,1.7854462779054288,1
736,7,1,0,0,0,14,4,6,3,1,44,9784.201200620759,0.08424693614589793,0.04171560756230925,17.871425341536543,0.8433168553313068,0.3119063370881109,1
423,3,1,0,1,1,10,6,6,3,1,108,11938.315688115257,0.15580977509404345,0.1481562151048503,12.657341348779436,0.7632153044104979,0.07176453024676033,0
418,4,1,3,1,1,4,1,8,3,1,121,4507.781456823625,0.15339399889078822,0.04060600834444515,13.99628521110117,0.8126999967441451,1.2502363989104708,1
216,2,2,0,2,2,1,2,12,1,2,105,8030.631634735046,0.15395811558633057,0.15210714256466548,6.4516492682377296,0.6822706338320517,0.48922518923917163,1
1049,9,2,0,2,1,16,1,11,4,2,71,15846.698006042565,0.14801222811458808,0.11408717396161083,32.89561425134537,0.7020552690657105,1.2927472098600976,1
279,3,0,2,0,1,23,1,10,4,1,48,15572.534439732335,0.17079365680911074,0.11820177373525068,8.029252323512923,0.8499520562550373,0.14502538009958454,0
878,8,0,4,2,1,14,6,6,3,3,84,15809.81689947395,0.1991890714529232,0.2141517323210982,25.219182770236852,0.7939966383016903,1.0214536258752898,1
401,4,1,3,1,0,18,4,7,3,1,126,13887.17148332932,0.048853832842573705,0.16280434185784426,12.14130931832178,0.8047538213848119,0.745236150181662,1
488,4,2,0,2,0,16,6,2,1,2,53,10006.10382493677,0.11954346270011854,0.07535463388286187,13.984241002812253,0.7322958565376587,1.31142371164655,1
431,3,1,0,1,1,8,4,7,3,2,130,10864.231632655483,0.17009294880313316,0.21952069867013094,11.855917254888576,0.7246738586370312,0.9698459966353605,1
938,8,1,3,2,2,12,4,9,4,3,140,4898.23342450441,0.040007553572675436,0.08620199173576387,27.667652150382185,0.8432057046112024,0.8513083774245469,1
210,3,0,3,2,1,6,5,11,4,2,106,13519.2965514729,0.12722451912074087,0.16346322807877892,5.775925484282671,0.849190513760216,0.0528743435937819,0
504,6,0,1,1,0,5,4,1,1,1,132,12988.853040858901,0.1455677144967309,0.16245309918030548,14.657693694026136,0.8413906338453336,0.7688232260647866,1
437,4,2,4,0,2,14,5,11,4,1,70,12499.567513658842,0.07067882776932333,0.1929505031298848,11.753615662402996,0.7013668010953563,1.036910892962481,1
431,5,1,4,2,0,15,2,7,3,1,108,8590.793545685603,0.10413128053083937,0.11179603754321268,13.841944715455059,0.8028327068666766,0.6846896861297375,1
357,4,2,3,3,2,23,0,2,1,2,119,7190.187655194709,0.16631219096886543,0.16527361236256677,9.795960747969662,0.6707863885008555,1.4274200253694618,1
1019,9,0,3,1,2,5,3,12,1,3,118,13719.02361161752,0.05066923536612697,0.1526693932983397,28.92533051029065,0.88849761710099,0.6260745129462779,1
528,4,0,3,3,2,6,0,6,3,2,117,15694.450161962834,0.06157867730137859,0.11855559118632336,14.20628323576171,0.8989395791805341,0.5865023029396963,1
564,5,2,0,0,0,3,0,5,2,2,61,9081.807389908281,0.17089111546293012,0.204872336032825,17.088867508180307,0.6509064468269101,1.2395160012479316,1
534,5,2,3,3,0,22,0,3,2,2,140,4666.179516770147,0.16947288069659935,0.085347326803764,16.855885749944488,0.7053309066248364,0.820543260674303,1
1081,9,2,4,3,1,18,0,1,1,1,115,14808.723296200313,0.13446453819743362,0.08036924373989385,32.948607312756394,0.7233247981282026,1.864790211107468,1
491,6,0,1,1,2,7,4,1,1,3,52,12273.323112831204,0.10658986435493173,0.15346988593691155,15.578214828197728,0.8629731123686705,0.43630330139552287,1
494,6,2,0,0,2,23,4,4,2,2,110,12057.064514471012,0.05690427921237252,0.0742479948901067,16.04264627621182,0.7609814766538843,0.9956325923490782,1
481,4,1,1,2,1,16,6,4,2,3,140,15331.094822245877,0.16982996701543776,0.1893990652251802,14.192147998284359,0.7383469354917219,0.6908465500542973,1
480,5,2,1,3,0,11,2,6,3,2,42,12045.95692940486,0.07867925778245657,0.10114154610131018,15.178293578604672,0.739080638252305,0.281046619964881,1
262,2,2,4,0,2,9,2,8,3,1,137,11410.11390305145,0.18611053721271484,0.1157979055327038,8.22299740711769,0.6841412007645615,0.9450891308487762,1
735,6,1,2,2,2,13,3,12,1,2,76,12521.3309041621,0.16413407770688962,0.162816854366519,20.866538271024403,0.7528720805669662,1.2983295699972872,1
203,2,0,3,3,1,2,5,10,4,1,72,9807.328950548035,0.05294973405453156,0.19931830474012113,4.851327829025795,0.8664793825424063,0.21499918956564695,0
387,4,2,4,0,1,4,6,6,3,1,93,7443.83361249731,0.14167889679472506,0.16419414654826536,13.406796957804477,0.6823571304956543,0.9723809520108652,1
365,3,1,3,2,0,22,5,11,4,3,118,7021.452346165928,0.18730016052241752,0.056956940494889974,10.955688020813628,0.7900843045422117,0.6233489707302451,1
448,3,1,3,0,2,4,3,7,3,3,51,12714.941772150627,0.18066691229445497,0.10085097775225349,14.251621178908895,0.7733169494789812,1.0265631808355813,1
876,8,1,4,0,0,3,6,6,3,1,69,6911.308969967371,0.13813646067453117,0.17501132483203383,24.93264481150858,0.7590834965220458,1.1261335632255676,1
731,7,2,3,1,2,20,1,3,2,2,128,15173.867610798832,0.06751344221001562,0.20339511562490306,21.550176457735503,0.6980911489742865,1.3606097955151415,1
1091,9,0,1,1,2,22,3,6,3,3,65,8835.986918872048,0.148838691731498,0.15408888124487477,30.658573175739633,0.8436825921606322,1.0867243542416676,1
503,5,2,3,0,2,19,1,1,1,3,78,11602.825828915684,0.14658272931036354,0.1473079052883595,16.012435637294214,0.6877492144305746,1.0741133936128653,1
1034,8,1,1,3,2,2,1,2,1,3,110,4513.592746462906,0.1341975549141013,0.10825952040581932,29.673141815512512,0.7908943161060358,1.627879957774709,1
221,3,0,1,0,2,20,2,12,1,3,67,9387.275558982481,0.08251885650300025,0.1260492987487168,6.350655328057002,0.8861443301367273,0.18927153760235704,0
643,6,0,3,3,0,6,5,3,2,1,45,8794.732463396162,0.18404749164956755,0.11780095841265734,21.668017095199755,0.8441681974719988,0.9591237256611771,1
914,9,1,1,0,1,0,2,7,3,1,98,13055.89607953647,0.12041230441860257,0.049931765779531956,28.452168268296393,0.8233451684108395,1.4166118627949438,1
669,5,2,0,2,1,22,5,2,1,3,50,4665.03869210907,0.08753843594015097,0.04393351964260106,20.390167006791284,0.7608376199877616,0.9883987559520906,1
1038,10,1,4,2,2,6,4,8,3,3,82,8828.228895357795,0.0808355318310711,0.15113269016256728,29.87325667116204,0.7956143001028627,1.3962099287455951,1
469,4,0,2,1,2,15,4,12,1,1,112,14297.603462456836,0.08496285290486907,0.13177098107594096,11.713049100618981,0.8824697747086354,0.7658134736218319,1
210,2,1,3,1,1,1,1,6,3,3,121,12021.984769565928,0.11377506315904229,0.08408034467835394,7.491078468632497,0.8109650664731717,0.5713536156679873,1
892,9,0,4,3,1,4,6,2,1,1,144,13329.099421720573,0.07693623942709424,0.2006951733520447,24.385227496819752,0.8550658642493875,0.5780096747462636,1
242,2,0,3,0,0,21,1,1,1,2,135,13159.20827826178,0.12278633042263226,0.07718708200586474,6.566528403898969,0.8900119644071763,0.35764075834161774,1
883,7,2,3,3,0,14,2,10,4,3,43,11943.350972722319,0.07072375838442886,0.166089788587831,25.06287385750322,0.7134339038624831,1.7349022486394827,1
854,9,2,3,2,1,23,5,2,1,2,93,8695.562246025376,0.08335231083667013,0.18190532397737985,24.963514861896645,0.7006340643336775,1.5695480638876362,1
956,7,0,1,3,2,4,4,4,2,3,42,8792.719199044128,0.05914647260288901,0.19124085554882067,27.4287593047158,0.8673257023317307,0.9440625497731228,1
620,6,1,4,1,2,21,2,11,4,1,128,4614.18521718495,0.09718314557538246,0.19111538893714672,17.448923785720613,0.7702656594693619,1.2938588553786667,1
1003,8,1,3,1,1,20,1,7,3,2,48,6339.990818692884,0.1049551473820543,0.18295271598963742,28.135525021393914,0.7704414614827387,1.2225548838481748,1
336,2,1,0,2,0,22,3,11,4,3,125,10697.051007478258,0.10459481547778943,0.12240403117545498,9.948204939271106,0.7978505190060401,0.5862953707193679,1
579,4,2,0,2,2,1,3,11,4,3,40,14740.952941858905,0.1559819998925788,0.1523040807935182,18.11642463744213,0.6812712636912563,0.9903477753146982,1
292,2,0,4,3,1,2,0,8,3,2,52,11346.743007230856,0.11733778787705576,0.19438804821160563,6.400694887270984,0.8397233737601024,0.7091391858582171,1
885,8,2,4,3,1,12,1,12,1,1,142,8644.574608458515,0.15088084901199972,0.11565208897621065,26.724137327866174,0.7000601779053053,1.318158684874052,1
837,7,1,4,0,1,2,1,1,1,2,60,13983.210907709734,0.045302416075265486,0.1607538955515829,25.476012810491767,0.8072746597679182,1.0652680195256898,1
921,7,0,0,0,2,1,1,3,2,3,92,9385.238991961214,0.10985418372843075,0.06871653957214997,27.572657607784294,0.8996431745147386,1.0455217326283601,1
883,8,2,4,3,0,19,2,4,2,2,97,7118.576705693156,0.05436764752630076,0.14164467007983675,26.171373159406304,0.7317944570772381,1.3203940067327755,1
463,3,2,4,1,0,16,0,11,4,3,116,4960.874092531968,0.11393632069973916,0.0653882625889922,12.667725868928002,0.7393039375200708,1.1593630798673273,1
242,3,1,3,2,0,20,4,8,3,1,142,13942.608276982693,0.13843192161794884,0.15885237875367011,8.478724014751068,0.7662220648327716,0.8903558404144719,1
1034,10,2,2,0,2,22,4,4,2,3,85,11391.72991863287,0.1674783011924339,0.10782957158308276,31.61288224271568,0.6961114572510174,1.526008047168112,1
633,7,0,2,0,0,3,1,3,2,3,106,10969.845354230558,0.1280350580551171,0.08101172818150404,17.184734380526344,0.8859289461935205,0.6257766765653029,1
266,4,1,2,1,0,19,6,10,4,2,149,12648.041829977368,0.1007203637416412,0.10493378455319491,8.33472486830928,0.8074556332673237,0.3443625005436206,1
1032,8,1,0,2,1,1,4,11,4,1,51,11260.484355126659,0.08231398963606168,0.1662550820651202,30.42448049234226,0.7881439177344681,0.8541348699986111,1
1094,9,2,2,3,2,8,2,1,1,2,92,8206.320127436242,0.19319085172013958,0.20344601633663104,31.07700456193622,0.6415134093744532,1.767531009660455,1
589,6,1,1,3,1,7,1,5,2,3,73,11410.976847612661,0.07172567481397832,0.042030570765237286,17.607867820652555,0.848809689489353,0.9736351964811407,1
888,7,2,1,0,2,5,3,7,3,3,143,5680.504633183668,0.046786617373902696,0.07021263043902247,26.75826667520456,0.7673503384841837,1.0063719743059893,1
213,3,0,0,0,2,17,6,3,2,2,107,7554.095734435867,0.06014070277699603,0.16703200124844225,5.812462340389999,0.8777722831885527,0.512224007040595,1
265,3,1,2,2,1,2,0,9,4,1,111,10447.76210669547,0.1996008158860063,0.14237227511239756,8.453269991204294,0.7461121090507182,0.8197245069860587,1
434,3,0,0,2,1,19,0,10,4,3,60,4829.788080938493,0.18497920476216828,0.09745294854304933,11.43361422574559,0.8529055310126521,0.7406100029587703,1
783,8,1,4,0,1,20,2,11,4,3,144,13861.402749182493,0.09124125959519212,0.15731738555262298,22.32124598404243,0.7881486096834832,1.7164169577710688,1
302,3,0,4,1,2,15,6,10,4,1,47,4535.668456684702,0.04061586833979442,0.19609376127456116,9.886076545479423,0.87348066667354,0.7630050443982741,1
211,3,2,4,3,0,1,1,11,4,1,94,8468.396528213625,0.16275296429881242,0.086436161055616,8.16142948041997,0.7078648935905072,0.7727238714060716,1
795,7,0,1,0,2,14,5,5,2,3,116,9452.739969814877,0.0880858011679336,0.1274209919153486,22.300581531709724,0.883021943112523,1.0165150847435773,1
888,7,2,0,3,1,15,4,4,2,1,136,12168.481960498062,0.043543893322689285,0.04373812143347159,27.312051813152426,0.7807230933597276,0.8955208177622285,1
860,9,2,2,1,2,8,1,4,2,3,70,5858.432797798873,0.11305673442944764,0.21027927631795656,26.21595161308758,0.6744987951636681,2.020258711539242,1
915,7,1,3,2,1,8,6,11,4,1,76,13856.416377860702,0.10786495292673984,0.18429587189062727,24.2228085632761,0.7685276288321848,0.8846081278855353,1
918,8,2,0,2,2,11,1,8,3,2,44,9113.332218081556,0.0978813734912317,0.13091629663084048,25.635958738706506,0.7170410484450674,1.4341807351262474,1
734,7,2,4,2,0,23,3,4,2,2,112,7013.799707725632,0.14453878364676156,0.21855963836829087,22.845707425339196,0.6566057100932263,1.371962838836491,1
657,7,0,2,2,0,0,4,9,4,2,61,5180.029608730017,0.15616229589793876,0.07963935330710886,18.14073467260206,0.8738892578577285,0.6366972872106899,1
968,10,2,4,0,0,12,4,3,2,1,107,15103.75817800481,0.12946940348029118,0.17391469881746977,28.73141443746087,0.6834771539660075,1.4128795311762532,1
500,5,1,0,1,2,7,5,4,2,1,49,8840.609386286622,0.04223788375620968,0.1785111817773718,15.060266264969659,0.8006629205098883,1.1601712303411806,1
270,4,2,2,3,2,13,4,1,1,2,93,8576.011977546772,0.04358655776992478,0.18955404619167068,9.242886663777858,0.715086728217282,1.1342243508011698,1
871,7,2,2,0,2,0,4,12,1,1,92,6162.925757136931,0.18107900314671593,0.16331733464502998,25.942670296429405,0.6650216479937143,1.3844585779276442,1
433,3,2,0,2,0,22,1,3,2,3,95,10076.059578897715,0.06983082392216342,0.07430630844843344,14.477006602948308,0.7551382904332313,1.2563503825345206,1
1080,11,1,3,2,0,10,2,10,4,2,73,7838.604740556547,0.10369029940836566,0.05644014151198862,31.842088289944137,0.8279413015858406,1.237317102861228,1
561,5,0,4,0,1,23,2,2,1,1,58,5991.077947694563,0.05656436625843263,0.07246429741529672,16.88148207592395,0.9219371013468218,0.8761363010754608,1
963,9,0,2,0,2,3,2,1,1,3,125,13034.442318861828,0.07668815601024151,0.19449733401682184,29.48525018140008,0.8579665294878215,0.7053380860087464,1
219,2,0,1,3,0,14,0,9,4,2,139,14779.18859353738,0.11765658539943227,0.11235911858989836,7.4180777911751425,0.8764929332048012,0.025810405955234428,0
786,6,2,3,0,1,16,0,2,1,1,70,8227.530814871383,0.07768745094446151,0.1383098960019107,24.345734820401706,0.7228011938741324,1.4543091853624055,1
592,6,1,1,0,1,19,3,2,1,2,89,7437.941665220727,0.1454532241949417,0.04456713911249813,17.458065179609314,0.8144908365116521,0.9501181655126232,1
605,7,1,1,0,1,0,5,4,2,3,51,8480.62241812757,0.09876934437714711,0.1284571352107122,19.502831647563468,0.7977480841854634,1.4680192779183567,1
423,5,1,3,2,1,15,6,8,3,2,56,15098.017677733924,0.166154682678404,0.11366846829998484,12.020556149277075,0.774079582059725,0.7238364909457061,1
1073,9,0,2,3,1,3,6,1,1,2,78,11003.273666745596,0.13631207238511947,0.1362208439222345,31.74360583848676,0.8573601876616906,1.2201764150988463,1
541,5,1,1,0,2,10,3,2,1,2,117,5990.941551857441,0.08063440910998027,0.10754921832141726,16.83833927110991,0.8153173676558712,0.7973848909050142,1
962,8,1,2,3,0,1,6,5,2,3,114,11589.823087321984,0.16934127456933382,0.053579596233102184,29.686258392055066,0.7996856081389039,1.3330823702069998,1
571,4,2,4,2,1,1,3,9,4,3,119,8815.0865472681,0.189133931245743,0.04791285749511415,17.310584778091883,0.7133289450666143,1.3639745221005697,1
224,2,0,2,0,0,18,3,2,1,1,49,4208.907207226801,0.05920708784257554,0.21096345481725026,6.803395064632758,0.8584232558030783,0.40703916587030503,1
989,9,2,0,0,0,17,1,4,2,2,44,15639.160830723851,0.14714615679342338,0.14868735821871154,29.53093500127444,0.6868749182445393,1.1619112436449046,1
350,2,0,4,1,1,21,4,3,2,3,70,5378.753168729518,0.14092727838634145,0.155811328950631,10.669077764540038,0.8464676266983624,0.5223305470265465,1
428,4,1,3,0,1,16,2,4,2,2,76,8961.959186041377,0.1471540375441622,0.20477538384990793,15.490216128982684,0.7416317603726684,0.6375074198326747,1
972,9,1,1,0,0,14,3,4,2,1,96,11891.662509810758,0.04498972007945787,0.13915507082436077,30.204455617240406,0.8171348440932816,1.1835019800468942,1
1002,10,2,4,1,0,2,6,8,3,1,104,11032.280328482491,0.044500137822908424,0.15079951065608554,30.826280967087847,0.7321151581844527,0.7804125545300645,1
1023,10,1,4,3,2,18,3,1,1,3,60,4050.6189929355055,0.08716984000926886,0.13414694554616186,29.27828844272998,0.8004074465000562,1.2225101562542577,1
571,5,0,4,3,2,5,2,12,1,2,130,11294.625580121647,0.05283729209687014,0.07167540293494029,16.012941900839838,0.9239692872356853,0.9602790128140735,1
876,8,1,1,2,2,2,4,3,2,3,122,12727.257278781226,0.0985724764087944,0.09607196335454686,25.863739921661526,0.8124100021064965,1.325014204042327,1
481,6,1,4,1,0,17,5,12,1,1,74,14191.86794236335,0.17958731213267026,0.19918118408606994,16.149920057730775,0.729554176701567,0.6128737665633055,1
861,9,1,4,1,0,14,4,9,4,2,111,6207.315504186747,0.09670980499406634,0.1198955793660611,25.133779814452662,0.8025275770379426,1.3270516471413187,1
642,5,0,4,2,0,3,0,5,2,2,72,4441.06875163386,0.1028553996387439,0.07674691634905906,19.665678746944707,0.8991789578054886,0.4342843760739405,1
227,3,0,2,0,0,13,1,4,2,2,46,15332.559153777649,0.08280352547593806,0.1890472710683641,7.317322880730489,0.857667141555064,0.3517138589742125,1
564,4,1,1,2,1,16,0,12,1,2,121,12165.14808989058,0.10745651364749295,0.055714879840424024,16.868022692513556,0.8265728729304374,0.9757565257437657,1
610,6,0,1,3,1,11,6,12,1,1,49,9459.558915994337,0.16760194100750897,0.15511545148763076,18.1934864065914,0.8347771733771872,0.49711809510144267,1
416,3,1,4,3,0,17,2,8,3,3,64,12700.609474896653,0.17294261350826173,0.1660224065619428,11.431413928328807,0.747465740968408,1.229203070247806,1
524,6,0,2,0,1,12,3,1,1,1,73,5884.962888672857,0.10736943467724594,0.09467829398683192,15.02095907034168,0.889078522101165,0.7336379534566652,1
642,5,2,4,1,1,8,6,11,4,2,138,15500.777114148803,0.10349768991389804,0.0700392627121322,19.628649940464914,0.7419083713182864,1.311617447959176,1
225,3,0,2,1,0,5,6,6,3,3,104,11850.931666384407,0.07121047537231914,0.12069269795181786,7.028985867690622,0.8936435720041384,0.6667208241889002,1
319,2,1,2,2,1,6,1,1,1,2,126,14523.427449984663,0.1960962638311342,0.1759058148560039,7.902047741563946,0.7325990645907878,1.0008200698893837,1
885,7,2,0,0,1,19,6,10,4,1,139,10680.500426184924,0.08975925085546457,0.1996044804269465,26.3574096331511,0.6897863209229149,1.476698234619783,1
503,5,1,2,3,2,8,5,1,1,1,138,13609.656781839667,0.09482282201455679,0.18676064172393844,19.34480043415318,0.7732874413176771,0.773152891782006,1
739,8,0,2,3,0,17,4,5,2,2,107,7932.0984556166795,0.10877703118128296,0.05971525564838097,22.405600300951185,0.9041784709266512,0.48927258217627734,1
700,5,0,0,1,0,8,1,1,1,3,78,5596.9126605432775,0.05286936163097588,0.08009978527897253,22.40597753858115,0.9201638838905232,0.4873934297987175,1
687,5,1,0,1,2,12,4,6,3,2,84,8245.848069927746,0.09256602029232608,0.1510574323140249,16.976608441378104,0.7903694463271421,1.03704878393809,1
560,4,0,2,1,1,14,4,10,4,3,58,14763.09539913085,0.18889355269904945,0.16778382000342185,16.012277823736834,0.8194951822838878,0.3971542016914895,1
624,6,2,1,0,1,11,3,2,1,3,104,12377.098327934054,0.051909084263527416,0.0415728826460214,19.96679785503726,0.7779331148907029,1.1954394898522094,1
937,7,2,3,3,2,17,4,2,1,2,104,9474.8989265626,0.07847764098861788,0.065663271199076,27.476561167995495,0.7551365895155377,1.4660110917593274,1
1067,10,2,2,3,2,22,1,12,1,1,146,6822.5420335565595,0.07484016014168945,0.05692304343475547,31.30778886265011,0.7607065583905998,1.428605979538427,1
416,3,2,2,1,0,20,4,3,2,1,60,11176.535948347908,0.07761112446498292,0.10139966399156244,12.11565624184172,0.7394451451945545,0.9318781478899644,1
795,8,1,0,2,2,22,1,2,1,1,123,11114.838596994616,0.1927385231280833,0.16254441493449875,25.30318396225284,0.7401226778718382,1.1408110358660724,1
1072,10,0,2,1,1,0,2,8,3,2,69,10371.043246094085,0.15336887775502459,0.20977494965763346,34.782658385099104,0.8165852776643039,1.2455623078341902,1
186,3,1,2,0,1,18,3,4,2,2,48,12853.644930289363,0.18716667893425917,0.05611419558238771,7.373344332336697,0.790523606467509,0.8571185053102534,1
901,9,0,2,1,2,17,1,12,1,1,84,6913.759424829054,0.1772176936598917,0.131096441909566,26.704855724529097,0.841258638993744,1.7523925205033,1
637,7,2,1,0,0,9,6,2,1,1,146,10131.870348313598,0.13995937486518362,0.10704398726124759,19.283709607617258,0.7088484870431059,1.1800173085390544,1
1070,8,1,0,3,2,7,6,7,3,2,90,7700.873808490859,0.12956938411362814,0.11169788037327155,31.087370989632582,0.7914297309808952,1.0200964876602514,1
712,6,1,4,2,1,1,3,12,1,2,60,6467.206595438702,0.12145598449286749,0.052248337304499994,20.096144615536733,0.8218330551911847,0.5613128014829032,1
951,9,2,4,3,2,20,3,9,4,1,75,7993.37719576392,0.15032530047804754,0.09189776014993895,28.440238282522365,0.710999622717406,1.1856157814011352,1
332,3,1,4,0,1,20,2,1,1,2,116,13635.373503105722,0.15229196790082897,0.08544207929020936,9.608275894827218,0.7930196787640328,0.6242071555584369,1
310,4,1,1,2,2,1,1,3,2,2,71,5366.6519249005605,0.13591320043619445,0.16929375606701594,8.317227814710165,0.7626568695735554,0.9663934177549707,1
1032,10,0,3,2,1,13,6,2,1,1,65,7305.7750848213645,0.1118306262619245,0.15553449980176867,32.163649691053735,0.859685693271338,1.000791492279155,1
664,7,0,0,2,1,13,2,11,4,3,67,10396.30086876805,0.14805816666137328,0.15453588048897043,20.778794185915796,0.8438326787823454,0.8450566303575939,1
693,5,0,4,3,1,4,6,3,2,1,49,8811.619627070593,0.06506946702858435,0.13346648552920526,19.467706902204824,0.8906588213489947,0.6111089701303113,1
336,3,1,0,1,2,13,0,1,1,1,115,13932.10611209449,0.1282453897520972,0.10157533383417813,10.219464723671198,0.7965806743861761,0.8044800544464275,1
388,3,2,2,0,2,19,0,5,2,1,75,13350.898877782527,0.12308797730208806,0.08388256877147854,10.253063861459312,0.726863254266895,1.218649750330519,1
932,7,0,4,0,0,7,3,4,2,2,73,12135.026998961235,0.12554797731629733,0.042031083826315124,26.663614865557513,0.9045894224858244,0.8036318918275828,1
459,3,1,3,1,2,17,5,2,1,3,76,7389.974135648394,0.12173099635331364,0.06662704809048794,14.10415883867761,0.8152388800002893,0.9503963512087652,1
717,6,0,4,0,1,23,2,6,3,1,116,4254.626108294048,0.16004213705684991,0.0795786773290591,21.833676075581646,0.8721706335263409,0.7495804360388221,1
471,4,0,2,0,0,10,5,11,4,3,136,7766.861313373507,0.16119886266492528,0.21560143594419323,13.378910962719063,0.8104398656258966,0.3422030805400302,1
422,5,0,0,0,2,2,0,3,2,1,121,11211.48006333112,0.09273324070512687,0.21468129814530718,13.479019921301392,0.8416634575173046,0.7546908286428408,1
332,4,1,0,1,0,7,5,12,1,1,102,5217.370134408266,0.09612045149628784,0.17817990896189917,10.247590446266956,0.7765648377938159,0.7686763229228969,1
1035,10,1,0,0,2,3,3,8,3,2,118,13882.986945329269,0.04263776639302321,0.14985868428480942,30.040127082257733,0.8133765971949753,1.3443169869288942,1
1044,8,1,0,1,1,8,1,5,2,3,64,15839.158910088814,0.05812737599621766,0.1603855127737067,30.472996829837083,0.801669200053534,1.3545363265097912,1
285,3,1,2,2,2,15,4,9,4,3,140,12850.728301601299,0.08197201223759006,0.14809882960952298,9.2184393169691,0.7964681211687992,0.6853857716756395,1
504,6,1,0,1,1,4,5,5,2,2,107,8975.350590656879,0.1625136541699041,0.15642942575401148,16.030550380306003,0.756475614034238,0.8266696360659626,1
698,5,0,0,0,0,12,6,3,2,3,144,13566.620626300975,0.1676622954637927,0.07946264354131435,18.337278907697836,0.8687937774477018,0.5543271161092329,1
532,5,2,2,2,2,23,0,3,2,3,69,7271.159081202928,0.07968242119311778,0.21580634499503684,16.199317260651807,0.6870300552153303,1.265433500527419,1
843,9,1,3,0,2,6,4,1,1,1,56,15449.320627188872,0.1791608416890952,0.1761949335009917,25.814721453267953,0.7400899011644609,1.261708415995111,1
419,5,0,3,2,0,21,2,8,3,2,118,8399.310383240821,0.10011167505028766,0.08216387104714262,10.748380928449066,0.8979760042561563,0.6112983286987551,1
234,3,1,0,1,0,7,3,1,1,1,75,12278.723026343774,0.1676883122150394,0.13245662913092354,6.388246593791825,0.7649347763943167,0.4262896545119378,1
489,5,1,4,1,2,14,3,3,2,1,62,4226.993837497626,0.11469660278958319,0.18205911585653173,15.458378262231387,0.7664599266092483,0.763427375094729,1
730,7,2,2,0,2,3,5,1,1,2,126,11568.625925779561,0.1540160893366624,0.20400881934799234,23.672289463427447,0.6588887910919053,1.139451454209437,1
346,3,0,1,1,0,6,2,1,1,3,98,7552.340525643575,0.09701009110517492,0.10909200992469131,8.336643117526446,0.8872540545365601,0.5250816991101448,1
930,9,2,1,0,2,20,1,11,4,2,125,5225.50574070715,0.05129704942354495,0.12707145072543838,29.24884815349427,0.7397341749329575,1.359032902410419,1
191,2,1,4,2,0,14,3,1,1,1,66,9202.507750056398,0.08064824576184562,0.09577888463606858,3.5698682144924505,0.8206077913209386,0.5192900196074524,1
242,3,0,2,0,0,13,4,8,3,3,47,5270.251836720996,0.1515342530045967,0.10778428370010362,9.245442434455478,0.8633066584828848,0.6114255471664523,1
648,5,1,1,2,1,12,5,4,2,2,85,6220.750216403477,0.18687311924200026,0.08098768282870107,18.766231841629548,0.7794626390681845,1.2797189897475756,1
651,6,2,2,1,2,5,0,2,1,3,145,14741.634676810907,0.1405266502174027,0.04538410692833576,18.673911772789673,0.7363401592844177,1.0737625727248437,1
451,3,0,0,2,2,22,3,4,2,2,104,4761.409973936227,0.1630325595411775,0.11493954354328204,13.493865075102695,0.8549125536119933,0.2807848086003552,1
417,4,2,0,2,1,9,0,2,1,3,134,11499.948741818644,0.04225974546330958,0.12470414681836695,11.418688005892948,0.7448662484732456,1.1360049817698024,1
244,4,2,1,2,0,0,4,4,2,2,132,4723.453919863101,0.1616100862568623,0.18038144425933678,8.640158084696576,0.6661038112677103,0.9299612689908946,1
789,8,2,1,3,1,21,4,10,4,1,138,12616.598136484674,0.17368600023278674,0.13407188130302744,23.814395214866202,0.6815089533088836,1.2674469745189787,1
528,5,0,1,2,2,1,5,8,3,2,90,15734.68579412678,0.10602420044729258,0.09875150038257882,11.322714124377505,0.8878509346265578,0.8973036331084933,1
289,4,1,0,3,2,21,1,10,4,3,62,9154.358312976503,0.11902261504158068,0.1233837089267224,8.232407216979352,0.7909171542142637,0.6411709200866121,1
547,6,1,3,1,0,6,5,9,4,1,138,15617.812959026054,0.04837969347814045,0.18330390507628647,17.02405292425717,0.795742380650508,1.01691188634923,1
1042,9,1,0,3,1,1,4,12,1,3,95,11697.853969152551,0.06794170501058357,0.12657117107028007,32.30081670314233,0.8124692057636114,1.1704103845396139,1
420,5,2,1,1,1,5,4,2,1,3,75,11145.61939786599,0.049036345970772804,0.13993294196058997,13.450428344558846,0.7349638204308867,1.7954157620169706,1
1003,9,0,4,2,1,15,4,2,1,1,88,6054.013972481562,0.15701893352990026,0.07113981001317854,31.255346201843746,0.8773285654056145,1.0392311873311892,1
418,5,1,0,1,0,13,3,5,2,2,126,15428.305821862688,0.16797824705899547,0.041374351115166394,11.927244061566826,0.8057913308216271,0.9298157160318988,1
351,3,2,1,3,0,3,0,7,3,1,79,14338.590668846653,0.057386696381321475,0.20734179616219922,11.310016631712362,0.7008721783554156,0.8357181691319935,1
419,3,2,2,1,1,7,5,10,4,2,131,5581.080193564633,0.18745536368273452,0.08823367719026552,13.119612459387593,0.69593993160715,1.1283785940229065,1
477,3,1,1,2,0,5,2,2,1,3,65,4343.655971510085,0.17432426581904442,0.10256350179792353,11.795461977978617,0.7754005045723644,0.693955826503392,1
290,4,2,1,0,1,15,0,2,1,2,74,8308.633801733635,0.13220559562759054,0.06067238207392781,10.550997510675707,0.7332049100343166,1.096395629855424,1
720,6,1,0,2,0,20,4,10,4,2,55,5913.15301559657,0.19652609681619998,0.13233963487692277,21.740215475641495,0.7520104207380948,0.9106724705423459,1
486,6,1,2,0,2,6,6,7,3,1,135,8033.835586639436,0.18119482266442016,0.17267779236429587,14.851703220957242,0.7407573232370778,1.129107667895575,1
840,7,1,3,1,0,21,4,5,2,1,135,15501.548904660473,0.07562268533584315,0.1634920753214031,24.546837418750776,0.7923983577042392,0.8962881435911143,1
631,6,0,2,0,1,9,1,3,2,3,62,14342.832993344125,0.19264570991060673,0.19400838066280857,17.759642116664523,0.8060056592419631,0.629651118237551,1
587,5,0,4,1,1,1,5,9,4,2,98,9281.451376323741,0.11087350463943829,0.09158261678648852,18.204339216254542,0.8888947453583329,0.2777741077727088,1
613,6,2,3,1,1,7,5,10,4,3,127,7309.97039445996,0.06477854590955553,0.09663939044302954,18.8940365100404,0.7473619286413367,1.2569376432721047,1
323,2,0,3,1,1,20,2,1,1,2,106,10933.688923668138,0.0720143610325022,0.21380323773474014,9.99951072021554,0.851382080554741,0.3860605655215586,1
835,6,1,2,1,1,19,3,1,1,2,110,15249.966718072503,0.14947112447404587,0.12218796363110104,24.468470003216208,0.7777534103526839,1.6214149669650522,1
275,3,1,3,0,2,17,5,10,4,3,68,13487.827479327603,0.19800934610439988,0.19021246917262447,8.683786055018057,0.7253001831253391,0.7598528155841595,1
843,8,1,2,2,2,9,1,11,4,1,43,14413.037844945393,0.11124347110813998,0.15007036720131794,25.029129883595576,0.7824087727607439,1.48157054536447,1
1099,11,1,4,3,0,18,2,3,2,3,142,13133.33762631384,0.13170155709707082,0.07255566411761982,34.61320583459289,0.8080842504533893,1.62819099070002,1
882,8,2,2,1,2,17,3,9,4,1,140,10043.849246070775,0.08803833422031783,0.21233886658006212,27.13816825784713,0.684830259639829,1.3696325240523517,1
598,4,2,2,0,1,19,0,11,4,3,143,5698.090933662497,0.1752732028695975,0.09839970230537942,17.544261856120826,0.6968471926712604,0.9418382072797984,1
469,3,2,0,0,0,13,1,2,1,2,44,13823.319610723782,0.05842495301453296,0.15552247355734022,13.380621724595834,0.723723658042657,0.847877460499973,1
982,9,1,4,2,2,12,4,3,2,2,113,11811.636194040937,0.13315957649989224,0.08581281668623919,27.32056316173948,0.8014624230662408,1.6014715172202416,1
416,4,2,2,3,2,23,1,2,1,2,67,13272.124195279817,0.13379527749256234,0.14362025985932117,10.16580617290493,0.6951630081916523,1.6569119965755623,1
623,7,1,3,3,0,22,1,10,4,3,75,12808.117357415405,0.04018235809441027,0.1374006212897322,18.752775244468513,0.8200876592771359,0.6410232133039659,1
889,8,1,3,1,0,12,2,10,4,1,85,6953.349561462786,0.19048998189569016,0.08698688055475756,28.117166131958957,0.7751354118972985,1.1641464452202166,1
1028,9,2,0,1,1,4,0,2,1,1,65,7428.021306585888,0.1958947816603177,0.21797875918515497,29.806796029149336,0.6337569066195372,1.3244663298108406,1
1027,8,2,3,0,2,9,4,3,2,3,105,14276.526384639074,0.11479575039004686,0.06532303356025251,29.427669416867445,0.7389465472223652,1.3744595343180146,1
260,2,0,2,0,0,12,1,8,3,2,105,8887.299912216222,0.15610265322290282,0.11974225760723889,6.4752864989268035,0.8558697901264362,0.8604046630579401,1
1006,10,2,1,3,1,16,4,11,4,1,142,6132.689757161903,0.17579391066876981,0.04564794787880637,28.92521901963466,0.7203511636535906,1.227744918512988,1
284,3,2,1,1,1,7,5,10,4,3,131,11712.521046903827,0.058672796827919274,0.16289006399644762,7.576893292252125,0.7202967126290348,0.48017860661689254,1
717,6,2,3,1,2,1,3,3,2,1,117,7579.806198938211,0.05353902371485779,0.12317864630852723,21.602777962821456,0.7404770484894767,1.3124457595283787,1
1035,9,2,0,1,2,19,6,5,2,3,146,11712.13818480791,0.15028957118575276,0.14081666065486875,30.24663327906729,0.6890021956717203,1.5400132669731583,1
782,6,2,3,1,2,22,1,1,1,1,87,11080.762272262136,0.1295187699610289,0.16573129602496986,22.33429153178989,0.6871374703063005,1.2573357226450153,1
1051,9,0,4,3,0,1,6,3,2,2,47,11957.64894873372,0.14870298803190582,0.17752157339929409,30.50637132392901,0.83319894735596,0.9431223243320087,1
496,5,0,0,3,2,7,2,7,3,1,136,15921.20543149503,0.1315194412354826,0.21384898441748762,15.337026623039876,0.8245842084561634,0.7127603975869515,1
469,3,0,0,2,1,10,2,5,2,1,76,7327.71201159473,0.1562226836305398,0.19551930072859092,14.010462198887396,0.8217161070383912,0.22675111371078577,0
480,5,0,0,1,1,18,6,8,3,1,89,15707.637282863487,0.06478548133197806,0.09828484523281417,12.388772657240565,0.9066183530458435,0.6214657805582884,1
506,5,0,3,2,2,18,3,4,2,1,83,13161.550171763918,0.07449890225494796,0.17090765197996743,14.403483381930643,0.8695670505942881,0.650315483110093,1
808,6,1,4,1,2,8,5,7,3,1,140,14264.792787828785,0.07792370656489161,0.05367359616833718,23.55589072806671,0.8407812137700471,1.4429825671223138,1
596,5,0,4,2,0,7,5,8,3,3,80,13629.960652667945,0.1066432157915006,0.06451723432084897,18.210902607485743,0.9029777974494426,0.7732088616641519,1
858,9,0,0,0,0,9,3,3,2,3,115,4275.547033830532,0.16152965421044507,0.12273027108577672,26.332180061086078,0.8520830336167002,0.8021884799376634,1
562,4,1,2,2,2,5,2,1,1,1,113,10044.268638235015,0.17302348981521243,0.12273241794181394,17.376900259106172,0.7669098415093382,0.8854836145958322,1
463,5,2,0,0,2,10,3,5,2,3,101,5269.186594669387,0.10420745677552867,0.13103511751422806,12.48999084462411,0.7141408415696094,0.5481715551217813,1
354,3,0,1,2,1,6,2,1,1,1,100,12081.747423815996,0.1363279647507204,0.12553546153851602,11.014008638583553,0.8621614581698436,0.4669992476597984,1
686,7,1,1,2,0,1,2,2,1,1,47,4715.729293918169,0.08722854407428343,0.15544816225416086,23.314186272072952,0.7907954821522001,0.886612571520667,1
1006,8,1,3,0,0,17,1,4,2,3,138,4398.381878546105,0.1161243048694654,0.21178218051374456,29.730949517859152,0.7524420815775555,1.256870942224138,1
970,10,2,4,2,2,18,6,5,2,2,76,14880.765565754931,0.19054568460096813,0.07108404349249996,29.632484515534657,0.7022666223579394,1.5403124870691014,1
413,4,0,4,0,2,6,4,4,2,1,64,15004.691452042909,0.08308574504451897,0.10434324296340902,13.091533523033151,0.8956569553964324,1.027261862460065,1
619,7,2,0,1,2,9,5,1,1,3,64,11485.247889998836,0.1660709870647771,0.053367785786799585,18.435069496754537,0.7212525522167904,1.085794745050909,1
828,8,0,1,0,1,9,4,3,2,2,83,9519.123507574124,0.04675107436207029,0.0759969749966361,23.853251116323122,0.9247633777885821,0.5690358224791092,1
743,6,0,1,2,1,0,2,11,4,1,108,13941.9296960382,0.09523887335337011,0.21771491794528866,22.02225735484244,0.8391707939156036,0.3793213585743105,1
241,2,0,1,2,0,13,2,9,4,1,99,15570.649596015408,0.1454050036210993,0.047120208915278836,5.157296142727761,0.8933636543586299,0.22358037579645168,0
723,6,2,1,1,2,11,6,6,3,1,131,4651.497520968827,0.16416015337352458,0.07846200816422377,21.901476280067108,0.7108200273080132,0.9624505053756878,1
215,2,0,3,3,2,22,0,1,1,1,129,5242.326281719792,0.13474963394084077,0.11677077737173241,7.1353259322813845,0.866815814909342,0.19415893022364406,0
287,4,2,3,2,0,8,2,5,2,3,76,14861.05615720121,0.17907554158813635,0.09268048250904233,7.228033659487064,0.6977097891562696,0.9055698454279512,1
781,7,2,4,2,1,19,5,12,1,1,130,5192.758642752769,0.1713257321413508,0.13814017551585245,23.54823714587668,0.6807403415542584,1.6852511112291029,1
274,2,2,3,0,1,9,3,10,4,1,115,12570.032682799,0.13880080537298034,0.2182803845208004,7.75075684923386,0.6593134645477986,1.242550085805767,1
491,4,0,1,2,2,4,4,10,4,1,134,10642.123964916133,0.09569967972122782,0.16670798999454206,16.294506398946684,0.8619165486279036,0.3101278303088838,1
721,7,0,0,2,2,8,0,3,2,3,40,10259.63563732335,0.09819368288783184,0.1130548620603257,23.345493340830966,0.884938154773329,0.7636483280955463,1
783,8,0,1,3,0,21,1,5,2,2,97,5171.705035078343,0.1384155065792581,0.16292861301104997,24.815205889179527,0.8443951461843613,0.9325003435173514,1
590,4,2,3,2,2,6,4,1,1,3,108,12744.494067460186,0.14504827114281335,0.19700619135859682,18.57913341822394,0.6660754918743654,1.38958726242925,1
266,3,0,4,0,0,20,2,11,4,2,66,11224.125404445,0.10313388198804643,0.08122050496814348,7.7617317823314105,0.8970405258697145,0.8924374589112669,1
915,8,1,1,2,2,15,3,2,1,3,112,15146.104154619963,0.10360278294663869,0.16904730197072187,27.59088132837676,0.7773074617871878,0.8770798187591342,1
1053,8,1,0,0,2,17,6,8,3,2,119,9771.913401500682,0.06828475562417005,0.15051105973583112,30.60758214350787,0.8015418830879995,0.938457690715504,1
997,10,2,0,1,0,18,4,4,2,2,55,14948.993879393576,0.04004600364584015,0.1720876527179181,29.04025239540064,0.7245398546363088,1.1648102888292329,1
868,9,1,0,3,2,12,4,7,3,3,145,6206.722380579011,0.11383864367736815,0.055148827447976355,26.54130404933768,0.823955637993595,1.1675271174447786,1
550,5,1,3,3,0,14,1,10,4,2,144,6446.69004717636,0.17293460021553303,0.17192948941071506,16.373790749480545,0.7448111596681883,0.2764569810872288,1
986,10,2,2,3,0,1,4,4,2,2,71,15387.741635098311,0.1626466002184477,0.18184463999895414,29.704582707452545,0.6649789419021691,1.4277100479420426,1
629,7,2,3,1,0,16,6,1,1,3,61,5192.572401706774,0.1990304540944792,0.1637017928359888,19.281543336385955,0.6567704888812893,0.8379501703272276,1
305,4,1,0,2,2,17,4,8,3,2,61,6838.473249764171,0.14710492469695471,0.07550329485011929,9.699275372374784,0.7998263012038167,0.7016195377611839,1
962,8,1,2,2,2,2,5,7,3,3,44,5696.237206670716,0.07742607776621627,0.06904199641882301,29.581249210320774,0.8340893666167324,1.6726733226676171,1
474,3,1,0,0,1,12,6,2,1,2,42,12516.767602669552,0.1483758082920783,0.17290779804229237,12.972313416012158,0.7554223771495332,0.9934756030482337,1
1043,9,2,1,3,2,12,6,1,1,3,74,13362.886210018685,0.17255660681551238,0.15658751248685787,29.511808642595817,0.6718851463139334,1.2050196776561861,1
518,4,1,3,3,1,7,2,7,3,2,113,14817.704839211543,0.14255952165568023,0.21705438653774978,16.045179978880498,0.7381737413129565,0.8565642390307487,1
979,8,1,1,0,1,1,2,8,3,3,114,5761.670755335068,0.11707587529726043,0.12185415726365476,29.99105367392592,0.7924814853475882,0.9159123275291484,1
674,6,2,3,3,2,0,1,2,1,1,99,7860.860071585868,0.13896199645120105,0.08127696375273763,20.566385859900713,0.7208924679082276,1.5921499616538248,1
610,6,2,1,1,1,5,5,8,3,2,111,7806.344514026866,0.04412841767314671,0.1785499736897679,17.086081636705085,0.7197947238866884,0.5704266499329791,1
453,3,1,2,2,1,5,2,6,3,3,54,15681.666254981008,0.08241800114630263,0.17473455231528534,12.963265499606889,0.7842813509422855,0.6903928072259261,1
948,7,0,2,2,0,5,5,2,1,1,149,10994.894386283384,0.06523796720713694,0.13408656092089868,28.089423091854947,0.890303962342384,0.6763649790053198,1
235,2,0,1,0,1,14,5,8,3,2,61,8049.977505303639,0.10614646967467847,0.1742888479485347,5.702198807600247,0.8538041070695541,0.13177784849618762,0
611,6,1,0,0,2,10,4,8,3,1,80,7584.835105512171,0.18288584617164716,0.09590663562113097,17.56160278356539,0.7745433831932498,1.3496367667536817,1
519,6,2,2,2,2,2,0,2,1,2,112,7828.179579522008,0.07007191610243957,0.07882965903899877,15.88200556576357,0.7529942911863527,0.7237059311996874,1
679,6,2,4,3,0,2,4,9,4,2,54,12546.17368344763,0.05135753763395508,0.06269716122904487,21.687954086455278,0.7686753855116499,0.8684991029591868,1
414,3,2,3,3,1,15,1,3,2,2,87,10591.395189871382,0.16430751035665725,0.09228602467556515,12.36493189014461,0.7045329092354999,1.441021181160942,1
791,7,0,3,1,1,22,3,8,3,1,142,11483.32599399388,0.1788644831386799,0.1578219765855497,22.928752316558107,0.8284910931240966,0.9166599012776006,1
535,4,1,4,3,2,19,1,10,4,3,65,9646.060645840444,0.12502317104515906,0.0865174288388357,15.436948500415323,0.8048067300522024,0.9162287773439055,1
353,2,2,0,1,2,18,0,12,1,3,108,4315.071620414787,0.10025065149106133,0.19901900511811327,9.289943352314998,0.6853286545258714,0.7736801258930759,1
361,3,2,3,2,2,7,4,4,2,2,106,12245.294831799514,0.10888559553573379,0.08495736144075076,10.205590108107831,0.7327706693605819,1.0198510295214855,1
820,7,0,1,1,2,16,3,5,2,2,48,12689.520659420292,0.14543867420099857,0.1632005977967545,25.245670681961112,0.8411123276010111,0.7906205395261774,1
420,4,2,3,2,1,1,4,2,1,2,45,6162.984693399949,0.17300023720528263,0.1349616434616521,10.348634538187861,0.6814171536998793,0.9220322886440512,1
462,4,0,4,2,1,4,3,12,1,1,56,11792.478375762268,0.0703104687121049,0.0780784794945547,15.335828252544907,0.9132249733070031,0.27867890550625235,1
756,7,0,4,2,1,3,2,4,2,2,41,14530.56583394658,0.1843613337643383,0.14011546485577228,25.321755782477556,0.8339854406209501,0.9683850474922288,1
483,5,2,2,1,1,4,0,10,4,2,98,11233.222820838731,0.14518241216942837,0.21185196056563085,14.905602188986242,0.6593345322692232,1.00450399407872,1
537,6,2,4,2,2,8,1,12,1,3,68,12022.491151993909,0.15812648753439862,0.20995195586220078,15.534287710247561,0.6543647004715303,1.217656367676876,1
404,5,2,3,2,2,1,6,6,3,3,105,12408.548102776434,0.053905962888362836,0.09248692934534869,14.02745905734415,0.7541231984948298,1.2363881470267635,1
497,4,1,0,1,2,19,5,9,4,1,71,7892.021925672612,0.18693515092851878,0.1365679385642288,15.01248192802917,0.7544236097282636,0.7235818442776526,1
817,8,1,1,2,1,17,3,6,3,2,78,5851.543098798681,0.12451113393696314,0.06715406441400976,24.06884439787616,0.8137506607420623,1.0088875743861914,1
671,5,1,4,0,0,15,0,7,3,3,51,9671.816868862395,0.09793713787208994,0.12442641754075595,18.4916243671538,0.7999364000642194,1.3968418632849833,1
1097,9,1,4,3,0,4,6,3,2,2,127,6781.553206238843,0.10382997543531708,0.09786908418758003,31.98141616866001,0.8092354231696963,1.375565209227003,1
890,8,1,4,0,0,20,5,11,4,3,52,12243.921017693545,0.08688544497167189,0.20730696562944886,26.85215019050486,0.7676134152294957,1.0761214224411184,1
195,2,0,1,3,1,0,0,2,1,2,140,12579.08633171975,0.06607558824097985,0.1538826934769797,7.006186496393578,0.8810187732269181,0.09632280280923211,0
528,5,2,1,3,1,23,1,8,3,1,58,4098.187752587349,0.045545421195485394,0.07328693770213036,16.23577124912173,0.7665254384960729,0.9581433528807589,1
446,3,1,4,3,1,17,1,12,1,1,148,15450.414738889518,0.08230530640981425,0.21862102840401362,13.48178235317827,0.7645831493337775,1.1002115388305702,1
720,7,1,0,0,2,4,6,10,4,1,119,15100.020227348248,0.1194578734301914,0.164951583718486,21.346878248156663,0.7720157442830952,0.8703921936442232,1
424,5,2,4,0,1,4,6,10,4,2,130,5583.266922780856,0.14668169899939099,0.06424157874944984,14.183809031619944,0.7250845250130216,1.1084538397635644,1
1068,10,1,3,0,2,16,2,8,3,3,128,9733.534500176473,0.15733544068627303,0.18391930470941054,31.857197740042928,0.7464353645719424,1.2663115051077247,1
455,3,1,3,1,1,19,1,12,1,2,89,6508.275766050998,0.13529665291182263,0.14036051007993755,15.379274762747453,0.775954276653708,0.7502785941851522,1
660,6,0,2,3,2,11,4,11,4,1,59,15567.014308023994,0.0585699450661939,0.11204702733596375,18.985090380066968,0.903222362419029,0.4330266033332028,1
293,3,0,4,3,0,1,1,4,2,2,114,10792.391976019979,0.10904777152641146,0.07533709935898916,9.384519690107375,0.8970268081015698,0.5564106031975927,1
1017,9,1,3,2,0,11,0,8,3,1,112,12401.91299291187,0.14678489620270413,0.09002698578774876,32.99042584328371,0.7934346531042962,1.2452817507238458,1
1018,9,1,0,3,2,11,1,6,3,2,128,15734.62562325675,0.1589081115345269,0.07010638602872955,31.639819522613053,0.7969434760965346,1.533645350894083,1
910,9,2,2,0,2,7,1,4,2,1,65,12076.014158719587,0.09192109253225222,0.1846038992198851,28.441866833515572,0.6955637537115382,1.4703862802269896,1
503,5,2,4,3,1,21,0,10,4,1,130,14449.30073595424,0.188550615755049,0.08913549794920214,15.59303997849487,0.6950412488330869,1.0007397925229669,1
234,2,2,0,1,0,8,4,1,1,1,136,6886.624338132729,0.16726104532996386,0.12459313695234003,7.02129607575894,0.6886656179729632,1.1381892642240938,1
834,8,1,3,2,0,5,2,2,1,2,120,6752.697101919217,0.17627694893376453,0.2142245755740645,24.938729199651082,0.7242743139714769,1.2780984916670202,1
574,6,0,1,3,1,16,3,2,1,2,69,9294.358909753342,0.14664719858723177,0.21902029788377447,16.831095885937803,0.8154496265880471,0.7811859207081442,1
1091,9,2,2,2,2,14,3,3,2,1,67,14577.72217977103,0.10620167618962248,0.1824282615854043,30.467653209804425,0.6901165280012379,1.5290617701788516,1
822,7,2,4,1,1,14,5,7,3,3,54,4469.442581569294,0.18946696179507325,0.18380391350305525,25.20031960181366,0.6520281061158422,1.47885576285419,1
675,7,1,2,2,2,12,5,12,1,1,131,9296.605010792811,0.18423123266644842,0.21007244304499403,18.71752324805552,0.7225633459298509,0.9104452407737389,1
1087,10,2,0,1,1,7,3,12,1,2,88,13898.895040004538,0.17255606287598818,0.18342812412626522,33.386926091045495,0.6598071158489859,1.4594350687466071,1
916,8,2,0,2,0,6,5,11,4,1,73,6129.431118371382,0.18258034058316935,0.1211712372263612,26.93416430269168,0.6833117899857112,1.2159791959809874,1
601,7,1,3,1,1,2,3,10,4,1,56,11388.705285661708,0.18665772819697993,0.050855963138087934,17.469221647976305,0.7931188388992195,1.0870569893382789,1
197,3,0,4,1,1,4,0,6,3,1,94,4839.5449332845055,0.15941716251625718,0.07750658258633777,8.071032831976678,0.8733843147038323,0.7930155669300978,1
265,3,0,1,0,0,13,6,10,4,2,61,4124.4590860117805,0.07205379052445736,0.12001886823248958,6.434769476992326,0.8935673035593739,0.5994001413561267,1
588,4,2,4,1,2,9,5,4,2,1,131,7826.827291062489,0.12616756354456216,0.08777382969896896,16.274320696568665,0.723726373040411,1.3156426857043921,1
697,6,1,2,2,0,17,2,8,3,1,77,13667.721438663539,0.13855903500641745,0.09925287595456475,20.054922455758895,0.792984640067558,0.5008272623841263,1
207,3,0,0,3,2,19,2,1,1,2,89,4496.033166076302,0.16373975246425085,0.05060753819983982,6.8268573951920635,0.8835437192011592,0.2761892587936827,1
296,2,0,2,0,2,13,6,11,4,2,112,8377.590950309077,0.11922355674425517,0.13938318208102587,7.854257984100505,0.8636269675286234,0.04640337510520992,0
827,7,2,4,0,2,2,2,12,1,3,116,12743.567610633714,0.12205938254103993,0.10328439541172385,26.317216089102544,0.7185952999212563,1.663854501392621,1
871,8,0,1,2,0,0,2,9,4,2,52,8429.60290692298,0.19929040225356592,0.08659125527951606,24.475498480093307,0.8513532541101131,0.8095352247208176,1
207,2,0,4,2,2,5,5,3,2,1,48,9745.679172658409,0.11235283879147351,0.14986716009484885,11.149869978342675,0.8620010005011549,0.5068359145608855,1
647,6,1,3,0,1,6,2,4,2,3,71,10004.191937367867,0.06080157438335913,0.08981989538702023,18.155788576627835,0.8322203386033293,0.765253652450692,1
254,4,1,1,1,2,1,2,9,4,3,122,14895.58520075664,0.15354940869137323,0.1257273799679007,11.831254142178464,0.7743254451033268,1.0512515175429875,1
845,7,2,3,0,0,18,5,6,3,3,134,14510.700036933746,0.09800666560607477,0.08435239083861394,26.348491992709263,0.73793842459989,1.2811540900002854,1
947,8,2,2,0,2,8,1,7,3,3,146,4763.50331484844,0.0797662315142237,0.16249254904364835,27.988704369256002,0.7109835487489575,1.3794603838754766,1
979,10,1,0,0,0,17,0,5,2,3,70,12306.524480207589,0.14055391475201204,0.193747527307983,30.03511343663312,0.7495643510730022,1.1891437264632703,1
730,6,0,4,2,2,5,2,11,4,3,123,10515.033377097167,0.1926988275447912,0.054707906760317296,21.15601266247055,0.8686669695627012,0.9430137259898069,1
758,7,2,1,3,0,0,1,2,1,2,58,8254.240280058133,0.09004941681855362,0.18757305499898735,23.1638369586162,0.6950698876821065,1.1596933650681704,1
1032,8,1,2,1,2,3,2,6,3,2,60,9910.577221685924,0.09956339953286036,0.19330566959158715,29.473480605974014,0.7682089188939987,1.572715147250009,1
743,7,2,3,0,2,11,0,3,2,2,98,14557.665248544554,0.11447840600630138,0.21368700248121983,23.20342084974236,0.6723255661806155,1.689961028185821,1
590,5,1,0,3,1,11,4,9,4,2,50,13276.696560207125,0.1500791129856121,0.18901082523840795,17.744712731078575,0.747409527799191,0.8973728805046373,1
874,7,0,3,1,1,10,3,4,2,2,43,10816.871133690885,0.10335181641418242,0.13943034885118494,24.61258610043721,0.8707480256305846,0.710778767251075,1
723,6,2,1,0,0,23,1,4,2,1,149,6107.2447142291785,0.10801436304754994,0.05264573495522027,21.938892107830505,0.7477029558987534,1.1590435679608073,1
955,8,0,2,0,0,15,4,3,2,3,128,11423.87985962839,0.15214486365259167,0.05340077459007264,28.770084533668783,0.8875044627908011,0.7208946580617037,1
662,7,2,2,1,2,17,1,11,4,1,114,9976.289091031224,0.1976216139319422,0.07540613848338168,19.360490234858386,0.6971375114131042,1.6237727709321583,1
979,8,2,3,2,2,2,0,3,2,3,64,9362.589353899453,0.09064065112484089,0.12047794907482876,28.449910724666964,0.7249966299101486,1.836676779887677,1
221,3,0,0,1,2,11,3,11,4,3,48,15325.958107999986,0.1336523961306263,0.21197913486823539,7.630772479271222,0.8244658110505122,0.6502936172117637,1
213,2,2,0,1,0,14,1,11,4,3,54,15911.564937070461,0.16710467016646752,0.07156365715522406,7.714149025938452,0.7125992527052387,0.44227121591105517,1
271,3,0,2,1,0,14,5,12,1,2,86,15416.312161044152,0.07394047037823412,0.13698351847097173,8.16087522451482,0.8850842050178573,0.29568016106354034,1
691,6,1,0,3,2,22,2,5,2,2,128,12866.504517241738,0.17093106308626946,0.21965275928376987,21.700996805510872,0.7242372799334823,0.9707953230998679,1
832,7,1,1,2,1,11,3,8,3,2,105,11186.410075732754,0.09678890108719698,0.04248002455368285,26.095210379976397,0.8373289834616041,0.7540737435421914,1
378,3,1,3,2,0,8,2,10,4,3,132,7833.199747630541,0.05776366878478353,0.04845680278858919,12.711286681993771,0.8522007877919823,0.5823411905842995,1
323,4,1,4,1,0,22,3,1,1,2,140,15366.16908899482,0.043984438461975126,0.08858423168640228,10.600380809793112,0.8403440984332302,0.7770867908093102,1
971,8,1,3,2,2,8,0,1,1,2,120,9467.443097683336,0.04529389518215714,0.08052668260128687,27.670532833482227,0.8433807399974502,1.3012505330270445,1
870,9,1,1,3,2,13,6,3,2,1,50,6419.560761200695,0.16762278103916511,0.12974825613480348,27.564293540421083,0.7661830332717141,1.4984641604302102,1
776,7,2,4,2,0,0,1,12,1,1,65,5328.884736109929,0.1479901800478951,0.11568136043656538,22.99137280376952,0.7013478067819927,1.3081952900123857,1
629,6,0,2,3,2,3,2,2,1,1,77,14029.413360509841,0.16695842040083653,0.14505580946436247,19.56043774792629,0.8395935965606605,0.7308040865344573,1
566,4,2,0,0,1,1,5,10,4,3,97,7937.9764590007435,0.16047165075043957,0.06647393524043763,15.739931537929325,0.7178744863041052,0.6641532752151668,1
198,2,0,3,3,2,10,2,11,4,3,127,13194.66403404435,0.10095605391830796,0.1634516822268939,5.290321609934104,0.8610165187346591,0.5882442878811502,1
353,4,0,2,3,1,22,4,11,4,3,146,11528.700583238624,0.1892829673451174,0.07864486755868696,10.047802108042521,0.8594324742932881,0.4408309524819815,1
1005,10,2,1,2,2,1,0,7,3,2,148,7402.272207470407,0.18047129227522343,0.12135853897971277,28.857399261015203,0.6841765759352787,1.4386527893783783,1
491,6,0,3,3,1,23,2,7,3,3,92,14208.032224440622,0.09573626083800152,0.04600302311929164,14.616955419407828,0.916217322219218,0.4997146130315442,1
828,6,2,3,2,2,20,5,9,4,1,149,14138.49748182699,0.16367056165352667,0.18361490328151112,22.949920688554467,0.663721540779233,1.2633005015813887,1
827,7,0,1,1,2,0,1,8,3,3,144,6061.878888756566,0.17114530946478873,0.15287926196369708,25.242677260658546,0.8341889428571814,1.072786436518535,1
464,4,0,0,2,1,0,2,10,4,3,58,5460.957040309936,0.11815430310708183,0.07757908744665658,12.532672110322212,0.8919199742508177,0.4671826706054921,1
368,5,2,2,2,0,21,0,5,2,2,114,11206.123560962515,0.05926702665139556,0.14831527876014636,10.88089328746293,0.7265879625648061,1.3454059914640264,1
816,8,0,0,0,0,14,3,12,1,1,88,6800.898486770236,0.09344909116626396,0.11866133306022991,24.677501471633803,0.8845503090980777,0.4517632260434766,1
266,4,2,3,0,1,4,2,6,3,3,132,7986.254185520161,0.1982098046880335,0.18872819550958475,10.774910723809827,0.6458778999110717,1.3788017252855544,1
635,5,1,2,1,1,22,6,3,2,1,135,15240.593637421052,0.154549660044677,0.21706968208512978,17.88000051627511,0.732771296041587,0.8714594082718878,1
996,8,2,1,2,2,13,2,10,4,2,61,6106.656313750995,0.16395374063263674,0.062413680821230985,27.75185994483787,0.7181346603457595,1.3678702912204213,1
834,8,2,2,0,0,15,5,8,3,1,106,9645.914097225459,0.1859078898476901,0.128219190033395,23.573137011434817,0.6786428140535117,1.4443214394967705,1
883,9,0,1,3,2,16,6,1,1,2,141,7538.849477371491,0.07244206010996904,0.08644413821635537,25.80407488789779,0.908501210753154,1.1364879742638412,1
256,3,0,1,0,0,4,5,2,1,3,113,8175.167829174816,0.1949446449161559,0.17494279052685288,7.148644054962625,0.8135506540506461,0.7279408548605732,1
363,3,1,1,3,1,8,5,1,1,1,133,8441.1047107681,0.12290272124132917,0.04620339894240606,13.51815761234314,0.8239022459173192,0.9112566373832637,1
433,3,2,3,2,1,3,4,7,3,1,119,7119.960846767712,0.1591485646882211,0.13802351248648081,13.754830421249517,0.686272565271384,1.0063401865601582,1
448,5,0,4,1,1,12,3,11,4,2,126,13161.898247075946,0.0909136524780938,0.19427714282739794,13.411452274170706,0.8516641421125287,1.1711870894172847,1
358,3,0,3,1,0,23,0,4,2,3,133,13742.453466815023,0.0927051078982811,0.11007154046254738,12.844476547791128,0.8887505082376271,0.6414060199989237,1
1074,9,1,1,2,2,15,0,2,1,1,143,10474.207262344014,0.09753595656587287,0.19082144852555497,31.128060988311496,0.7702391677088575,0.528818021037874,1
331,4,0,4,0,0,16,2,11,4,1,61,14791.641265329674,0.09568942076125717,0.06644027496387746,9.817022052460057,0.9070416369236893,0.5358505540669194,1
831,6,0,0,2,2,4,4,9,4,3,126,5639.810238016309,0.05000051147268829,0.20529862012606234,23.702936430946835,0.8651153907805622,0.6955076243528208,1
719,7,0,1,2,1,13,0,7,3,3,82,10079.155211662148,0.0895318904646715,0.18246143851556057,22.95327004254302,0.8576030019588955,0.7016070616003269,1
741,6,2,0,0,2,23,6,3,2,3,103,13941.15543194796,0.14358091539136744,0.11039772698673264,21.816031935485483,0.705709610929855,1.3482766206505192,1
377,5,2,4,3,2,2,6,9,4,3,112,11450.961372346777,0.1843156710537947,0.06351299871452323,13.729843728593732,0.7084770986042569,1.2267529241732058,1
463,5,0,0,2,2,4,0,5,2,3,111,15820.039349679837,0.04666645410643074,0.13367608357434815,14.705014528260982,0.8988458580436495,0.37957542011265377,1
737,7,1,2,0,1,17,0,3,2,1,61,11148.928926598503,0.04266053686580209,0.16067673068287372,23.28550756102561,0.8084982296030959,1.3827585905923006,1
455,3,1,0,2,1,0,5,4,2,1,130,15520.343997150685,0.13478385837426696,0.06320677733446041,10.994329565851709,0.8109042139310727,0.3543372625057758,1
818,6,1,1,1,1,4,1,1,1,2,118,5184.474938395984,0.1519478871047185,0.20797137988279782,21.887342383409404,0.7380363298556176,0.7296091030918315,1
216,2,2,3,3,1,22,1,6,3,2,122,4511.498150016308,0.1373181660397362,0.17728631257280672,4.48472910933376,0.6784279846243556,0.6754271692721652,1
246,4,1,4,1,2,0,1,10,4,1,107,8278.168519564999,0.19568693494517014,0.2112936416648217,7.5599524831654445,0.7168587405255037,1.0470790346576604,1
850,7,2,0,3,1,10,4,10,4,2,105,14096.000351426044,0.07661892297313903,0.09386380639139794,23.321803927368684,0.7432827717859584,1.2705013765315967,1
747,7,0,0,3,1,7,0,9,4,3,70,4606.113012251718,0.11699916517944872,0.11801744650304552,23.9462777994682,0.8742425247428776,0.5274705669742005,1
219,2,0,1,0,0,9,1,11,4,3,105,7027.549921260603,0.1865443199136766,0.0832196657653177,6.32413005263243,0.8586062064444525,0.2126077971330452,0
1007,10,1,4,1,0,6,2,12,1,3,70,15820.221234417235,0.1387995641602498,0.08928102811234889,31.238409912864682,0.7973637334773306,1.2735526987412242,1
184,3,2,0,0,2,6,4,3,2,1,136,11691.581360228041,0.1323395144072544,0.06615160524057327,5.451379519787088,0.7306789961584775,0.545606781412987,1
1059,9,1,0,1,2,18,6,6,3,3,45,8717.31452180193,0.18925466479149103,0.06254247693934062,32.45818292589778,0.7866912862211257,1.4021038427172738,1
851,9,1,2,0,1,0,1,5,2,2,41,4934.340373202941,0.09422444971476485,0.1607411990648486,23.636631104310737,0.7852654580491739,1.5413668726501637,1
1089,10,0,1,2,1,3,1,9,4,1,120,13062.905028407056,0.06514813317674266,0.06824979903414542,32.599226102724955,0.9199709305051004,0.910659498178715,1
1052,9,1,0,0,0,6,3,11,4,3,118,15103.67253804883,0.06067694236783469,0.06401832175443804,31.88507444354449,0.8438871311449773,1.1296863301615756,1
468,3,2,2,2,0,19,2,11,4,1,101,12898.5230054728,0.17149956718404122,0.13622543050102917,14.21779251087289,0.6815237510417183,1.0345143075702412,1
875,7,1,3,1,2,9,4,2,1,1,102,5396.936457550794,0.17711174232650873,0.16671965391037066,25.445100000039208,0.7452758716934043,1.5759316430917296,1
374,4,0,0,3,1,0,1,7,3,3,43,10382.347170348305,0.0774205348133106,0.180046923443501,9.388907266995053,0.8641396437844348,0.9697497475031658,1
613,5,2,3,3,0,12,4,2,1,3,132,8833.252388194473,0.11313141518128605,0.14444302692475816,19.345132505208632,0.70409150105228,1.0538266072348461,1
400,3,2,0,2,0,15,6,4,2,1,133,14848.5263292287,0.13357627768422517,0.07628105471973314,11.255587722471489,0.7255642004182187,0.8458732532439804,1
627,6,1,3,1,0,10,4,6,3,3,62,13147.66977996548,0.06224545588565557,0.14318141959431946,18.53353858786809,0.8075579060340112,1.1428708198791728,1
982,9,1,1,2,2,2,5,8,3,3,41,13623.656952819303,0.17580969909298047,0.15264352066456216,32.10515621349343,0.7521960511091058,1.3397443684378993,1
581,6,1,1,2,1,21,0,10,4,3,97,8964.861959207548,0.10702052089976932,0.08645753705655158,17.805394713425052,0.8129348739196556,0.6323164827283301,1
265,4,2,0,0,0,20,6,12,1,2,67,4298.496088485791,0.17815580062840683,0.06600735486834713,7.9509898160347925,0.7101265800264607,0.37476683088018,1
478,5,1,4,1,2,21,4,5,2,3,54,13112.783029493357,0.1616122648325195,0.20661712645927727,13.884367254987485,0.7342967739186914,0.8989792271088198,1
903,7,0,2,3,2,23,4,7,3,1,52,11599.83707555089,0.08719268400390517,0.05727048955788692,27.33736297756898,0.9149915718971935,0.949192897440801,1
659,6,0,3,1,1,7,1,1,1,3,112,5697.791139392655,0.15465187461248056,0.08989265339757047,18.75705644567527,0.869954962395477,0.6878513839096887,1
695,7,2,1,0,0,10,3,2,1,3,79,13081.295754823439,0.15851280550216099,0.08166069347045748,21.703520186738857,0.7119219254623217,0.8864238613295677,1
576,5,2,0,3,0,23,4,12,1,2,124,5791.606649417333,0.08980209221680277,0.20055717685077584,18.479506114538722,0.6893383289195896,0.8810636283677532,1
449,4,2,0,3,2,10,4,12,1,2,74,12876.215386097707,0.08059769441147174,0.1303526810593735,13.309834746672449,0.7250723310381196,1.4284591940797005,1
730,7,0,2,2,1,20,0,12,1,2,108,12563.368735621476,0.1717484460087196,0.21218430389492493,23.195919171526135,0.8072302625433599,0.6101498942144857,1
762,7,0,1,2,1,15,0,4,2,1,69,4090.208155567442,0.14846928651174932,0.18907946195118602,22.770019941191904,0.828103063191679,0.7603104841972766,1
1006,9,1,3,1,0,22,3,8,3,1,101,13297.316555688734,0.1583317171739758,0.17587680524398894,29.248738389486277,0.7496061649119159,1.1388760022835442,1
748,6,0,3,1,2,0,5,3,2,2,116,8891.91227979683,0.0900888405487148,0.07182030823206807,20.086718229450042,0.9071408830486477,1.3063079725003777,1
1095,10,1,1,3,2,16,2,9,4,1,77,10078.997568189277,0.1555510437908503,0.1019836775800067,33.145921899698116,0.7841093753831144,0.9242448581706195,1
940,7,1,2,3,1,19,4,6,3,2,137,15576.304735651618,0.15428905114063354,0.18764866906409675,27.89214361562981,0.7461280259078714,0.9862379820399279,1
252,4,0,1,1,0,4,6,12,1,2,110,15038.1913213694,0.09332398900652696,0.2170355407719386,9.409159491586669,0.8403382115996905,0.47707850728200757,1
540,6,0,3,1,1,17,6,5,2,3,62,8592.016988643667,0.08327360829108425,0.19802574251998317,17.672474910434698,0.8534152921350197,0.7966429366422036,1
533,5,1,3,0,2,4,4,8,3,1,138,12514.879576081983,0.10902317651232526,0.2107141898285443,18.507154336125225,0.7561181851466087,1.2849402919602244,1
182,2,2,3,0,1,21,5,8,3,3,94,10157.028787695006,0.158254752279696,0.15553295986553914,4.892236406975462,0.6787955295346442,1.1859993164670337,1
346,4,1,0,1,0,21,0,10,4,1,119,13866.392999486518,0.07097399629304224,0.12690710758083767,11.132352728266975,0.8109535032567541,0.4404481181053411,1
881,8,0,1,2,0,0,0,1,1,2,78,7835.884121607491,0.17988198429368568,0.13264987565411365,25.559077284769195,0.8393606630234903,0.946793486660765,1
503,5,0,4,2,0,12,4,6,3,3,42,9651.250475149758,0.08084416353307386,0.1225285246824859,16.35291981632542,0.8884822903029981,0.6178416343205676,1
316,2,1,1,3,1,9,5,6,3,2,101,5348.915828556009,0.1743413921019202,0.06787666625345345,8.003501687342714,0.7910018737400819,0.5349975823773455,1
444,3,0,0,1,1,21,1,3,2,1,95,15120.167780226528,0.06492952948736502,0.09503717522626032,13.980659847803075,0.9080149828788686,0.6823042731235855,1
432,3,2,0,0,1,7,4,10,4,3,119,14808.626980149747,0.15831051128750895,0.05626733608920186,11.684575691596436,0.7234399686804801,0.9591848771615563,1
340,2,2,0,3,2,17,2,10,4,1,121,7312.748577157103,0.12982318760616066,0.05594082917268027,10.667183020094336,0.7364061924495215,1.2451090586726041,1
273,4,0,3,3,0,2,0,1,1,1,115,10995.679472087742,0.14583343798430426,0.09613020904752126,10.231969009277684,0.8711163588356785,0.6287454574778684,1
882,8,2,0,2,2,5,2,9,4,3,95,8540.346264978842,0.19586185539199574,0.15990265300570622,24.545608800939178,0.659905971221034,1.606659170971602,1
938,9,0,2,0,0,23,3,11,4,2,40,5869.54318610769,0.04840926058721502,0.15046781206324286,26.66757831435044,0.8905053173072939,0.217639689784199,0
636,6,1,1,1,1,9,5,4,2,1,105,4540.276323937039,0.06386031568613554,0.14070335126710257,19.418731831858842,0.8079463498710429,0.9149490198237119,1
746,8,2,0,2,0,18,6,8,3,3,144,13873.986938086702,0.05265356836835851,0.17480780967600226,22.985725008834866,0.7176423798800375,1.2645561020037575,1
1025,9,0,4,3,1,23,6,8,3,2,140,7469.659827172076,0.12314191349563014,0.11608448775605631,30.223086905828445,0.8723481194367411,1.2115172609444522,1
955,8,0,3,2,2,23,0,1,1,1,48,10185.302301588119,0.168449159000055,0.11957833889361824,27.76006589892821,0.850387625947847,1.4345647670131823,1
209,3,0,4,1,0,0,6,10,4,1,136,14832.195279394124,0.04877196655484793,0.13324331311097345,5.673762078973574,0.8980931241503803,0.6102034522309926,1
1056,9,2,4,1,1,5,3,10,4,3,55,4238.627159373457,0.16470506920438208,0.05198629725393211,31.786755364328197,0.7224888850937585,1.2184402207501759,1
241,2,0,4,1,1,17,1,4,2,3,48,10568.743448167865,0.10928893174711743,0.14470458225133698,5.984797852748738,0.8657029187006955,0.6582756575838129,1
204,2,1,3,0,1,22,4,4,2,3,42,15465.91678680694,0.19062858447650183,0.1750430862194506,6.607740657550177,0.7354477481868215,0.9631954613010286,1
551,5,1,2,0,1,23,0,10,4,2,96,13711.413711344516,0.10123137918440138,0.08745562823727254,15.81074428152755,0.8150908466602468,0.7030008294909507,1
866,8,2,3,3,1,17,3,10,4,3,59,6631.734502479414,0.19753567171894823,0.1938664981410528,25.482250355185577,0.6438690235629995,1.3674968142979913,1
253,4,2,2,1,2,2,5,1,1,2,108,6410.51066318189,0.1290434473142468,0.0879189456169456,9.716829165725283,0.7223669231809634,1.164010627966617,1
449,5,2,0,3,0,17,6,5,2,1,91,13149.83819169225,0.19839890835822524,0.1323784300654504,14.961169612085662,0.6711501977093459,0.9956551058010721,1
421,4,2,1,1,1,6,2,8,3,1,133,4956.766761842312,0.14110175229431454,0.19740537963725147,11.482668113273547,0.6676717906307952,1.3104999319207917,1
545,4,1,2,3,1,19,1,2,1,2,63,11192.348243633047,0.09541372545457728,0.17286314203989403,14.89460093840132,0.7792754096274879,0.917844506164164,1
1087,10,1,0,0,2,13,4,12,1,3,69,6809.2295823719505,0.16854538961000923,0.1437029371371156,33.53866248630747,0.7594882529637939,0.7387143703126087,1
484,6,0,4,0,2,4,1,3,2,1,96,14071.086445413453,0.11791362042545708,0.1520916551735024,13.416214491432209,0.8584976259804682,0.8196018766696681,1
372,3,2,4,2,2,20,6,11,4,1,55,8552.9935726935,0.08940927962476658,0.059599578051726124,12.73427070165057,0.7529460140455783,0.9322389057632133,1
292,4,1,2,3,0,23,2,1,1,2,90,8979.669165008068,0.11653366463765291,0.16587784084307944,9.446394032295354,0.7729148225336705,0.879462164114577,1
362,4,1,2,0,0,12,1,11,4,2,105,13532.984386621585,0.17950601502074967,0.1501466399391001,10.432457308819396,0.7516563052680676,0.8915799608551187,1
302,4,0,4,2,1,19,1,1,1,1,107,5057.05216253856,0.15716918169781732,0.055216164793269296,9.559962890578559,0.884426594079011,0.35256756500544206,1
707,7,0,2,0,1,1,2,9,4,1,91,11211.535741013977,0.0678030106711337,0.062375591857206945,23.038564524250763,0.9214196288622467,0.7825951702925649,1
566,6,1,3,2,0,6,5,5,2,3,51,15551.43751158913,0.17417565394881715,0.21478098826000078,14.737387176895862,0.7249695110060319,1.1482097651944878,1
638,7,1,2,2,2,3,6,6,3,1,68,11804.508898112392,0.10902697185206817,0.07206006933943779,20.821039553295844,0.8185108314638223,1.1032513964907928,1
945,7,1,1,2,2,6,5,2,1,1,47,4981.5042491194445,0.05325895915422685,0.20123914493137995,29.101877771228317,0.785475853161477,1.3801076398398666,1
714,6,0,3,1,1,9,4,9,4,1,143,14902.392723791269,0.063547536885928,0.08965009868166457,20.80439144745248,0.9110610639945833,0.5044852127280337,1
322,2,0,0,1,2,10,1,8,3,2,103,5547.364082387865,0.05058619631700653,0.1113018625646583,9.187784719844123,0.9071503735032508,0.3480903169295737,1
526,4,2,1,2,1,7,6,4,2,1,74,8426.160629088849,0.14825404856520336,0.13998807231377092,15.605842720350353,0.6902910456044615,0.4986698992510078,1
467,3,1,3,1,1,13,6,6,3,3,73,6180.143091748457,0.08121035753692854,0.15265628953367488,14.369711562442472,0.7947600088182285,1.1212255152135269,1
940,9,1,3,2,2,5,4,7,3,1,46,12662.233035144724,0.05541584043543754,0.12960023666580056,27.46116453336683,0.8167427653044429,1.2624298740619027,1
462,4,0,4,0,0,8,5,9,4,1,92,7178.700493248876,0.09850714491342925,0.10271878150042565,13.740480072641695,0.8894483331137653,0.5927898108765397,1
307,4,1,3,1,0,20,2,7,3,1,46,7133.309020100689,0.17871458092132286,0.12976372906864753,9.559086916647196,0.7611847605045133,0.7626182647298362,1
857,7,1,0,0,1,13,3,1,1,2,117,8962.713564939535,0.1405964890151646,0.16612372435807737,26.167246114321916,0.7619759039820411,1.1736388425967712,1
574,4,1,4,0,2,0,5,7,3,3,62,7433.135395967206,0.11779639029032399,0.11136695387085244,19.91576854605056,0.7968764951274706,1.2485758020516036,1
268,4,2,2,1,1,7,2,5,2,1,51,13414.690211645915,0.1573111457080103,0.13814426810187935,7.771982000452475,0.6870450637855496,0.9162956544537033,1
814,8,2,0,1,1,19,5,5,2,2,52,10320.198767839247,0.052143206300619395,0.10825118511624696,24.71565579802548,0.7478225238624101,1.2986126108350198,1
373,5,0,2,0,0,4,6,5,2,2,43,10671.04947117624,0.18124347341540453,0.0993868188323162,10.90282357644246,0.8537163684885256,0.6773889650912776,1
978,8,1,0,0,1,22,6,5,2,2,83,5939.514391428658,0.06843779061078561,0.09378734884248735,28.350240770561197,0.8269986872460272,0.5022632387956532,1
945,8,2,2,3,0,7,2,3,2,2,46,14961.874553892014,0.043421060237727044,0.0803117177005547,26.77727223199927,0.7643202499277731,1.0967830558697023,1
520,4,1,2,2,0,15,3,4,2,1,48,8186.627047452291,0.09797766452782947,0.17693861001634548,13.44763365643228,0.7762876764551213,0.9401875063683642,1
691,7,0,0,2,2,11,2,9,4,2,64,8528.560551895298,0.04935157398304453,0.21710136619700468,22.40363463818213,0.8600961769189779,1.0824254538000886,1
702,5,0,4,2,1,15,3,3,2,1,101,6908.67109639022,0.06673260909232122,0.04521888702585686,20.900977094643974,0.9296218267468198,1.0860300384311325,1
781,8,2,2,0,0,19,5,10,4,2,64,15522.25100607754,0.15823977957432858,0.07529130213948769,23.864083417758174,0.7149110132287826,0.9589513513156591,1
243,2,2,4,2,0,3,2,6,3,3,84,11284.632869955898,0.10475729302005074,0.21356496504035746,6.145991777006406,0.6767549838728163,1.221301508571855,1
478,3,0,2,3,1,8,1,8,3,3,87,4731.474367300648,0.0411038140469746,0.1015195359932621,13.688989479145576,0.9158194924818934,0.7811357009019476,1
336,4,1,2,1,0,13,1,2,1,1,105,6311.342633207032,0.14300115850197598,0.11001541512724436,9.054476493676857,0.7861425418668508,0.83772020868019,1
821,7,1,4,3,1,6,5,3,2,1,45,9765.356763510255,0.15313777683543703,0.15933420058142908,24.37255374375043,0.7593876101624103,0.6957049275052432,1
243,3,0,1,3,1,9,6,11,4,3,148,6254.227272411144,0.18431415723512426,0.10348333396742643,7.995213927556397,0.8504911289588521,0.3288506504316091,1
655,6,1,4,2,2,21,0,10,4,1,50,11260.42706040965,0.0647364176484011,0.1286860819412146,18.985841682441386,0.8129598751846729,1.0908590437733698,1
849,7,2,0,0,1,5,6,1,1,2,149,7694.766648155351,0.1771465180305881,0.2021295169589939,24.23393526873449,0.649325784254688,1.2544930363558755,1
1052,10,0,4,2,0,4,0,11,4,2,71,8195.371805043287,0.1533932718643137,0.1416610858968933,31.093447546606466,0.8472255390074568,0.5830650516037807,1
445,4,0,3,3,1,13,3,11,4,2,85,13439.880948840908,0.13017964646117983,0.16003846915205558,14.288308824148146,0.849401847974044,0.6010824953736053,1
187,2,1,2,2,1,2,0,2,1,1,47,10292.47285926871,0.08188319734599764,0.0790750785330182,5.963002001817235,0.8275687758544429,0.3589083640403541,1
845,8,0,1,3,0,0,6,3,2,3,80,5356.340633606173,0.11325483727473601,0.08706142279496776,23.50854368650311,0.8898576829686333,0.9419882205857432,1
181,2,2,2,2,0,20,5,3,2,1,138,8462.736094962449,0.07172328611085241,0.20048036387124135,6.431311616962954,0.6975083575080577,0.9555773240648457,1
241,2,1,2,1,0,6,2,11,4,3,114,14756.10365278468,0.1548311044220954,0.2051648266773429,7.7940118473246995,0.7380018310052527,0.8263131226590584,1
1091,10,0,4,3,2,2,4,11,4,1,108,14153.90612220665,0.15257436788784826,0.1852562478763789,32.935042591880816,0.8279762229060977,1.1562638050203229,1
973,8,1,4,0,0,15,5,9,4,3,80,13118.106223620705,0.07064478569685177,0.06197175358063752,30.780001768268395,0.8403225573251298,1.1569133463574364,1
830,6,2,2,1,2,11,1,4,2,3,141,14122.325189819636,0.08041867154269607,0.1873358477927733,24.27070475060742,0.6995104662990388,1.3069479509837114,1
948,8,1,1,0,1,10,4,12,1,2,125,5098.107281917156,0.18417789275378071,0.04346099083691041,28.66425972935776,0.797562502384189,1.3459002180036512,1
249,3,1,1,2,2,10,2,11,4,1,67,5466.089696559186,0.11546957760113971,0.14737980174547088,8.31593048485118,0.7817177792940253,0.5775595147093767,1
261,2,0,1,3,0,3,5,11,4,1,106,4223.643391119751,0.12817875083196328,0.16154722249925652,8.721319505858402,0.8496233120009511,0.21317354161081684,0
456,5,0,0,3,1,20,3,5,2,2,83,5500.328251366887,0.19338004829249972,0.11675247373133302,13.732561926838267,0.8404403650892752,0.8337352809064301,1
201,3,0,0,0,0,0,5,9,4,2,61,13882.569702353241,0.07312380978223283,0.12625842305596874,5.715664611492256,0.8902779952228093,0.5162088748167082,1
997,8,0,3,2,2,11,4,9,4,1,112,4455.14636420788,0.14034083493571606,0.17353287568251705,30.604527534184683,0.8387568302217951,1.2079894685839516,1
231,2,0,1,3,1,6,4,2,1,1,85,9582.14841655821,0.16384239280633606,0.2010777975729836,7.984555536171845,0.8157859143293061,0.8687890853964547,1
680,6,1,2,3,0,15,0,7,3,2,50,6965.395858992627,0.09111034751484848,0.07408080314087864,21.824538033903018,0.8256639822049228,1.4203077686510928,1
965,10,0,3,2,2,13,5,7,3,2,135,13989.986353019756,0.0894106883228132,0.06492724546909012,29.893419364444068,0.9105479297936435,1.348901911912688,1
856,7,1,3,0,2,9,1,8,3,2,106,13634.384170669991,0.18349108941705142,0.15339857342132876,23.347808567316008,0.7483996517227289,1.0443890833271854,1
395,5,2,1,1,2,12,2,5,2,2,100,13191.936698619966,0.05590495152384392,0.08153672767493453,12.59163476971638,0.7581512443605496,1.189784663418738,1
612,5,2,3,3,2,5,3,9,4,3,149,8539.076732797272,0.06517690356801863,0.0749604480379063,18.145692249977138,0.7569381917773337,1.1898226190068217,1
684,5,1,0,2,0,3,5,11,4,1,118,15107.089378851084,0.10575283062089758,0.07662844029952343,21.47534001268324,0.8179284280858106,0.6597622656374285,1
886,9,0,2,1,1,21,4,8,3,3,147,14750.30119765522,0.16774255469222235,0.07543094265424141,28.185908213875717,0.8705719261940913,0.7633499475015437,1
572,4,1,0,0,2,14,1,11,4,3,118,11809.778880082373,0.11279865601508224,0.12588126075683045,17.38800239246897,0.7925940374526393,0.900526245396851,1
442,3,2,2,2,1,15,2,10,4,3,58,11351.10858276436,0.08329055067377561,0.21359018997455545,10.343984727759599,0.6864036667082509,1.2432482358518775,1
911,9,1,0,1,1,23,1,4,2,3,93,8043.347791159753,0.1072472057741172,0.18905259763398718,26.583903369065307,0.7666650884663531,1.476701421912441,1
995,9,2,4,1,2,21,4,9,4,1,96,12830.66354806153,0.11127367071728739,0.13780040671638016,29.347070710695203,0.7079166651548495,1.7302456980356125,1
629,6,2,3,3,1,14,5,9,4,1,72,15261.87402052011,0.1563240335452129,0.054609745536832115,18.54298915486036,0.7250797994130797,1.345952156525131,1
205,3,0,1,0,0,19,4,12,1,3,74,7794.581830548967,0.17900001296802198,0.1611276622774047,6.7949864414734344,0.826942546139558,0.3857915831811112,1
640,6,0,3,0,0,12,5,5,2,1,105,7431.155121256775,0.09140017032142272,0.12120564217292817,21.01835122168169,0.8843273843775421,0.7826037786354204,1
998,9,0,1,3,2,5,4,2,1,1,85,7162.992743595652,0.15336633742892888,0.18010478800365776,30.79826652997123,0.829937993555336,0.6799959245871869,1
1089,9,0,2,3,0,14,6,9,4,2,52,15797.884469043734,0.15222214322638292,0.1289123225943397,31.155095494574457,0.8534894903806748,1.164993366103162,1
548,5,0,0,1,1,21,6,8,3,2,103,10483.811664917775,0.16271160887312205,0.1602892729010629,15.426649443456123,0.8346496032016167,0.7508206004660757,1
318,2,1,2,3,1,21,1,8,3,1,105,15610.825070209441,0.13204170194007545,0.07600891581552557,8.065629271722084,0.8063772220099795,1.157930830287805,1
706,7,1,0,0,1,12,2,9,4,2,129,11408.553420706083,0.042351759729388386,0.18997877797219334,21.23873792269373,0.7954512580342883,0.9303826340411342,1
944,8,1,0,0,0,22,0,7,3,1,51,7521.534097632572,0.14493877371864794,0.1802963310157224,29.00876472927441,0.7536442028695334,1.3920500019502007,1
1049,8,2,2,1,0,4,1,1,1,2,90,11036.750865084952,0.13796761242319655,0.10732261784180516,31.962084903810275,0.7096193963807492,1.2753982165086242,1
227,3,2,2,2,2,0,3,11,4,3,139,5865.356878646335,0.13784311299496552,0.2134559477912057,6.722225491873035,0.6619154226462229,1.43821947225531,1
447,3,2,1,0,0,9,4,4,2,1,69,9377.203685356144,0.08500777267826352,0.06887105963539186,12.926988797269454,0.750754525458855,1.2378798418985348,1
619,5,2,0,0,0,4,6,3,2,1,121,9314.50737163139,0.05566166915264095,0.043602386522749864,20.29849060630437,0.7753311749460741,1.2239073480700013,1
270,4,1,2,3,2,22,4,10,4,2,77,10918.465156653045,0.07029641435051336,0.17736474120774395,6.923436516686428,0.7885524799987842,0.7963809228838165,1
995,10,2,4,2,0,2,6,10,4,1,59,8646.901544658911,0.07459281480754529,0.1481020965464169,30.949765664184827,0.7197872898907169,1.4403307686059958,1
283,4,1,3,2,1,12,3,7,3,1,118,9461.638142263742,0.06777752121371541,0.05996589541938557,9.683309204913241,0.8425154625151046,0.6225378515823413,1
791,7,0,0,3,0,18,6,9,4,2,126,14513.862335953923,0.07912590643107631,0.06871119610726281,23.259815402790856,0.9134733038577474,0.42506577463767764,1
1025,10,0,4,0,2,2,5,1,1,1,140,6164.695077474489,0.050990668696494004,0.06355818814530848,30.951546978823504,0.9284530144211889,1.2015491298701975,1
810,6,0,2,3,0,1,3,4,2,1,119,15071.788681548065,0.08309213144722752,0.07003356763307361,24.220053303971227,0.9110934354138644,0.6679650767508816,1
882,8,2,2,1,1,13,6,3,2,3,73,10462.498926196415,0.199661636302293,0.1230533160641587,26.05706156693568,0.6747782714350967,1.500207991478125,1
422,3,0,0,3,1,21,6,6,3,3,120,11546.47934332384,0.12182099575121524,0.04917321379799777,11.540136439112109,0.9030526057028541,0.47687372567468544,1
941,8,2,1,3,2,0,2,5,2,2,43,5251.1806753899355,0.09510765767956025,0.13348957071493744,27.107658601142354,0.717131247222476,1.106447783112657,1
565,4,2,3,0,0,0,1,1,1,3,76,5743.095019616944,0.15527795564908795,0.1489672092952584,18.703022156099227,0.6830896757750441,1.394685253433483,1
236,2,1,1,0,1,22,0,9,4,3,63,12790.84811695992,0.11511367293632377,0.17092627095605112,6.482173828822028,0.7712820252484314,0.6729197090653456,1
517,5,2,0,2,1,14,6,8,3,2,97,14807.924065375297,0.04471967404286124,0.2102859760762396,15.846884699380842,0.7052474574464046,1.2435538771120354,1
501,6,2,0,2,0,16,3,5,2,1,115,10226.265228627879,0.12758235378403504,0.054845882779257886,16.52651348384724,0.7379072935465181,0.6758386257394176,1
659,6,2,4,0,0,6,3,11,4,1,104,6010.315171724334,0.08865065181686228,0.0463284174077655,19.48830974198786,0.7592594188489175,0.979554311981999,1
423,4,1,4,1,2,7,1,5,2,3,59,13562.983990049572,0.13138942391245612,0.06504495163280075,12.774526740809549,0.8116045310046345,0.8020426533975142,1
605,6,0,0,3,1,11,2,2,1,3,81,15010.375000892698,0.0677148821435871,0.10071664675274511,18.924346694816215,0.9042058119966505,0.6667854679932593,1
573,5,0,4,3,1,5,2,11,4,3,49,12042.13345142673,0.11720797714295031,0.13456510856265277,16.061429010458173,0.8667021114324786,0.7456258913259272,1
480,4,2,4,0,2,10,4,2,1,3,101,6194.360840491088,0.07098243232994932,0.04077146104012895,12.387835328454583,0.7697107479834647,1.4363216031426522,1
820,7,2,1,2,1,22,1,1,1,1,121,8949.641036629715,0.08781046560542238,0.16462654095905496,23.502222326797312,0.7064033470459852,1.5228441681882068,1
461,5,1,3,0,2,17,5,6,3,2,66,15278.03127475202,0.14994635904060566,0.21223883622058376,16.205740176414167,0.7370166621324648,0.8241255072324145,1
884,7,0,1,1,2,20,2,7,3,2,98,6298.964627703108,0.07642444149318128,0.0849602063231639,25.372967377047143,0.9073769084826446,1.5752154213899687,1
410,4,2,1,0,1,11,1,4,2,2,136,6049.039576155654,0.10674198006456442,0.041583467060093623,12.546252501905329,0.7532535487939038,0.9041534788648568,1
975,10,0,3,2,0,18,0,11,4,3,52,12421.486208356988,0.051702173186834684,0.17558416099870883,28.0669213745698,0.8777211496165054,1.332359439020554,1
515,5,1,1,0,1,10,0,4,2,2,145,10517.266360332706,0.1499459594664659,0.17860905755915657,17.16320457916003,0.7521502423384698,0.8200829327333848,1
217,2,1,1,0,0,14,1,12,1,2,76,6456.800413384606,0.1262309099678477,0.047831689975289825,6.149223911734457,0.8216718300255881,0.689254934763517,1
317,3,0,1,0,2,17,5,8,3,1,75,11398.230253693227,0.1702064691717125,0.15111801257473056,8.996172515820156,0.8354039832141006,0.7943582764829581,1
921,9,0,0,0,0,19,5,3,2,2,118,15240.096544872198,0.12561207207766223,0.08371115071418861,27.676723278620237,0.8858045497436671,0.44815976756240167,1
982,8,0,4,0,2,22,6,5,2,2,77,14262.360565635066,0.19907420138143955,0.1539174388972426,32.05775022446759,0.821153761874593,1.5848883705231736,1
375,4,2,3,2,1,2,2,1,1,1,84,4078.383816794157,0.07858110050697056,0.17074813749478568,11.998254476719168,0.7078018428992097,0.8547259323909867,1
733,8,2,4,3,1,19,4,11,4,3,63,14521.361109608468,0.15873703716150472,0.0800937786222451,22.30132111604158,0.7125261328973125,1.2792051087297307,1
708,5,1,2,1,0,17,1,8,3,2,54,11522.824268766417,0.10917226472951896,0.08693672428155441,17.172198381260415,0.811750954945017,0.7481908040452504,1
303,3,1,0,3,0,17,0,6,3,2,135,7205.508546060813,0.10015432281823307,0.15008338071879498,10.797278445942032,0.7873930334083374,0.4660631557110948,1
595,6,1,1,2,2,0,3,9,4,3,50,5121.037282472993,0.15704469202750146,0.1448072710101073,17.224026524717374,0.7641666166330761,0.8515371664922107,1
818,7,1,1,1,2,11,4,8,3,3,57,15654.476485708024,0.19288912605114344,0.19951001136536353,23.30313431905699,0.7234203881625718,0.8687619485368056,1
1069,9,1,4,0,0,23,5,8,3,1,130,4348.4521217882775,0.16089229746578196,0.13186631927980802,30.815681747374747,0.7682586224644845,1.511873695227956,1
959,7,1,1,3,0,21,0,5,2,3,127,6215.432709138588,0.09281963977114316,0.18395812782152568,29.79487057809094,0.775450004583299,1.1107879498914008,1
270,4,1,3,0,0,5,5,5,2,1,63,12054.970912199537,0.12158266409916921,0.17176127466633082,8.654667289138601,0.7679952275555251,0.7341602845681767,1
398,4,1,0,1,2,11,2,4,2,3,131,13095.384746529275,0.07474239680422563,0.15982599990994392,10.247210069659886,0.7944442214786237,1.0056722213637452,1
581,6,1,4,0,1,20,1,10,4,2,119,7199.96187002851,0.13923820969873305,0.07451913601276494,17.444512205503358,0.8038091944298259,1.4439518511678469,1
318,3,2,3,3,0,22,0,6,3,2,74,12844.845963844706,0.10441393608520114,0.0897448784172559,8.570577477830408,0.7326285334738942,0.5310288587944506,1
705,6,0,2,3,0,7,1,6,3,3,48,13182.076843107088,0.07650129389840774,0.1420185069529408,21.384080914064725,0.8816660896168931,1.1274557157349947,1
187,2,0,1,1,0,19,3,9,4,1,125,13632.72274027059,0.04337483267214115,0.051869859673013295,5.257351032033922,0.9371398884446804,0.24635431016155038,0
284,4,1,1,1,2,20,1,7,3,1,114,13047.062390319586,0.1880518894314544,0.0481088903479302,7.190529221495133,0.793727649099277,0.40305338601660373,1
223,3,0,1,2,2,3,2,12,1,3,89,4391.9507190939485,0.05261133320552011,0.04896706177272233,6.969434469813243,0.9342897222597909,0.485487406066121,1
451,3,0,2,2,1,0,3,3,2,1,70,14707.692966650307,0.09268950600707232,0.20583538459828188,13.00026649117771,0.8456637992275906,0.5748856212976162,1
881,9,2,4,1,2,1,0,1,1,3,78,10753.35460833678,0.07047258740611188,0.16399814015497607,25.280019464043566,0.7144881725975104,1.716272190680419,1
343,4,1,1,1,0,3,6,6,3,2,70,9172.573596516842,0.11906036417865348,0.19061707096831093,8.274229528115123,0.760645154183866,0.7680632639131185,1
1088,9,1,3,0,1,17,2,7,3,1,138,4293.2026307458,0.07119117526475635,0.21341503008368315,32.57071616305497,0.7719272075932022,1.414509733133811,1
427,3,2,2,1,0,9,5,10,4,3,62,11089.606960285666,0.1577937658245758,0.16617444438633985,12.10007068457329,0.6742143054050879,0.8996679916855599,1
221,3,0,3,2,2,16,4,8,3,3,89,5953.1153329394565,0.07597111566486286,0.13275783278665104,6.757572473369795,0.8860719731968187,0.2685840730283537,1
488,6,1,3,2,1,2,5,12,1,1,110,10572.093198452654,0.06967306701248524,0.126223223567733,16.137103849514887,0.8118466692389018,1.0947962568818919,1
868,8,0,0,3,2,14,2,2,1,3,46,6270.574492881413,0.0747016348469078,0.174284896135814,23.715687180448302,0.8679560610577752,0.7426976004960425,1
278,3,1,0,2,1,17,1,7,3,2,95,12254.988323977717,0.08761013001127728,0.196221504860459,8.588152704139958,0.7722757643077187,0.7572593941012481,1
246,4,0,4,3,1,23,1,10,4,3,109,5066.147996840736,0.1426930217621402,0.18933090251473939,8.868777816730235,0.8305892340754042,1.0124957961796253,1
961,8,2,0,2,2,7,1,7,3,1,98,11204.583189781391,0.0735405410841493,0.12873015754861733,28.270296457905445,0.728978185615255,1.2882323936011852,1
724,6,0,2,1,2,13,3,4,2,1,112,11725.61610291565,0.15149604614782797,0.1792316266127018,19.753250691082656,0.8311725472577616,1.052547716603106,1
495,6,0,3,1,1,11,4,10,4,3,93,8742.94234655831,0.10882734150595735,0.1257855606154174,14.633319586627763,0.8744241940453813,0.7081192369714954,1
875,7,0,2,2,1,8,5,11,4,2,109,15005.864280171754,0.07152137249177021,0.10918940867254798,25.28455831134165,0.8986801484760568,0.754990868293012,1
956,8,0,0,1,1,15,6,4,2,1,147,10318.595040661552,0.07840712239216657,0.0935808812698585,26.463120432498087,0.9026053983520888,0.43715090913896265,1
510,5,0,0,3,0,13,5,7,3,2,79,13006.216875905215,0.12437341059240856,0.049818217438642926,15.866701732083413,0.9016137673860268,0.4864835231622401,1
696,6,0,3,0,1,19,2,10,4,3,79,9334.181334758261,0.10058062141763609,0.07620925698932644,20.71963334630383,0.9004445547168668,0.7313797238704953,1
190,2,2,4,0,2,0,3,2,1,1,114,13500.57211902843,0.12219573450565283,0.17140126986458004,5.028483422658531,0.6878813480333952,0.7948220918829328,1
461,5,2,1,1,2,5,6,1,1,3,49,14768.800779713347,0.1700127342641006,0.07090794737448111,15.314207650496087,0.7115856932626382,0.5653260941156304,1
727,8,2,2,0,1,13,4,9,4,1,72,8955.865403535641,0.04733302033634971,0.20221187000186747,21.705198022366005,0.7077047993478023,0.8726412334867183,1
361,3,2,4,0,1,13,2,10,4,3,58,15608.332884650485,0.10297770092227193,0.05414487602874206,12.475885646485613,0.7492948403720436,1.4446760324032164,1
1091,10,2,4,1,2,21,5,2,1,3,91,5837.544835198852,0.10647084623333924,0.04920283778093136,32.38781218403513,0.7499468421935782,1.588765836967077,1
1073,8,1,2,0,0,16,0,8,3,2,53,14154.02682855407,0.08014674552704495,0.12659484649800096,30.291392286026255,0.8069662835887293,0.8027188901923787,1
417,3,1,3,0,0,0,4,9,4,2,63,10310.01753577369,0.1107006724623888,0.08007951025734389,11.064460109457357,0.8141489177761203,0.5934839012507953,1
544,6,1,4,2,0,11,6,12,1,1,86,5660.9471071709195,0.13066129435837823,0.05853152922343975,16.82508655732926,0.8148632293881819,0.9333228444465637,1
354,3,0,3,1,0,20,3,10,4,2,107,11503.988107506677,0.13359331325556578,0.050776230396880624,9.231207102359098,0.8970337053563991,0.6037421031366152,1
643,6,1,2,3,2,20,4,3,2,2,87,5575.783784471881,0.14717333136557245,0.13491337559526795,19.49433379858088,0.7730609818676218,0.9732184811234713,1
294,4,2,3,0,0,19,0,7,3,2,129,14649.821952814305,0.052283019121085364,0.08670355709104956,8.856218764541957,0.7574560407045392,1.412331663186674,1
539,6,0,1,2,0,11,4,9,4,3,127,13791.84999528161,0.11360120814490857,0.14003795485288573,16.076069387530204,0.8658623766509925,1.1442733023845681,1
690,7,2,4,2,1,2,2,4,2,2,50,11851.777923060221,0.1612180103553837,0.06669360152536846,20.90793819368532,0.7174397746536615,1.4061289529054835,1
742,8,2,0,2,1,5,6,2,1,1,116,6795.824418880707,0.1128072514842017,0.044396325161492535,23.931936423863675,0.7492583905094375,1.0700342334184898,1
728,7,1,1,2,2,20,2,6,3,2,42,15553.637201190702,0.1450377656374623,0.04490665908334169,21.306301945637294,0.8145250088756383,1.1005236007720054,1
383,4,1,1,0,2,8,2,9,4,1,59,14237.964826289772,0.13447181841518888,0.06028111261947637,11.899902310278753,0.8123611810344007,0.4287166313712412,1
908,7,0,1,3,1,18,2,7,3,2,123,12582.532661876916,0.11435502708569445,0.18328763551851096,27.22789585385585,0.8460608018281075,1.1411821437482903,1
816,8,0,2,1,0,0,4,8,3,3,104,8384.419881100139,0.052628567238953664,0.1207325215353337,23.221871954423303,0.9019875100515706,0.8478568600176895,1
872,7,0,3,2,0,11,6,8,3,1,75,9810.006133646088,0.14131599876913012,0.1522948792665703,26.37468298162055,0.8478751048839348,0.6107750379121664,1
610,7,2,4,1,2,22,2,12,1,1,56,8056.756706565944,0.1255220807238577,0.19749809900168458,19.831087457634847,0.6746409191235059,1.2250190705836588,1
1001,10,1,2,1,1,5,1,8,3,2,75,14192.636378673984,0.04090953197072047,0.07826887629018324,31.5014774168374,0.8463697162825934,1.3198712467925824,1
538,4,0,3,2,2,0,5,2,1,2,125,7706.594956039053,0.07309707112454222,0.19684274854898418,14.427394697162619,0.8585270811469131,0.3202108941331969,1
921,9,1,2,3,1,6,3,5,2,1,102,6859.734581128373,0.04982393215911756,0.17421438411842843,26.59020438038537,0.7991827576751043,0.9496811066984181,1
367,5,2,0,3,2,1,3,3,2,1,54,6572.153951805201,0.1312374816206409,0.17122325994088972,11.592675807497535,0.6838926662973112,0.9118280248284675,1
407,4,0,3,2,1,14,6,10,4,3,93,8813.95138307062,0.042423672179043595,0.19673261321836732,12.177031703957546,0.872379671571165,0.8622980006931168,1
664,6,0,0,2,2,4,3,12,1,2,62,11475.619114792367,0.17478735217298702,0.06265798370829564,19.89686082870843,0.8731495988534228,1.1428763868599536,1
691,7,2,2,2,1,5,4,10,4,2,53,13979.786076087195,0.19159263984050925,0.137290203932851,20.556278093749945,0.6720027203019878,1.3861039404263011,1
866,8,2,4,3,0,14,6,3,2,1,49,15096.490977005238,0.19609263925665138,0.12703599791068482,26.212470003711267,0.6745921132746986,0.6474665845172446,1
453,3,1,3,0,0,7,1,9,4,3,123,4961.047858524858,0.0762535136902063,0.15951991690058154,10.056163163815091,0.7939019562341455,0.5081809119902092,1
982,8,2,2,3,0,15,6,1,1,2,57,4566.265620006634,0.11922253686715492,0.08283799581420773,29.831802171150233,0.7290727602933867,2.2115113153978463,1
483,6,1,1,2,1,22,6,4,2,2,59,8352.820091303322,0.1825870039782836,0.06291872679737505,16.876789347431387,0.7895224211509536,0.896201849526255,1
671,6,1,4,2,2,22,3,4,2,2,135,13721.240000830316,0.14997360376531294,0.2152199261085308,19.39423371655305,0.7356629115567703,0.5225158575453618,1
1037,8,0,4,2,1,17,2,6,3,1,130,14888.835371308382,0.08779936885871228,0.1238226744084849,30.732300877846217,0.8847700805297612,1.6415297308535608,1
676,7,2,1,3,2,23,1,4,2,3,95,6021.410530545924,0.17343230143126048,0.0817636516105166,22.606276625972026,0.7051618211312003,0.9063886451191127,1
807,6,2,0,2,0,17,0,6,3,1,124,7429.116646827097,0.1318297903809404,0.0631581031179668,23.67699870891095,0.7322554479254917,1.2571806921651403,1
1015,8,0,2,0,1,1,6,1,1,1,42,14823.541252512492,0.15679752491673776,0.14684768961079328,30.277037478325493,0.843359653462611,0.7269768851893904,1
1076,9,2,3,3,1,22,3,10,4,1,58,10909.796263336055,0.19510550826451972,0.0665972081107009,34.12583130596814,0.7022337776311507,2.0766566992039053,1
639,5,2,4,2,0,13,4,5,2,2,78,8892.355793170624,0.19960149569660351,0.07294767436059185,21.259503368155706,0.697352873474262,0.8597606534111586,1
563,5,0,4,3,1,0,1,10,4,2,123,6922.41832056053,0.1207714820578073,0.21138749283184494,15.542871002626711,0.8305284612996564,0.6688777011405656,1
361,5,0,1,3,1,14,2,1,1,1,49,5354.741927313791,0.06505800306053403,0.045249819285360426,11.006208106836716,0.9303614799443475,0.732524293118981,1
674,7,1,1,3,1,5,5,11,4,3,112,5301.392501100359,0.13912947240008916,0.07362944021983435,21.609149063982002,0.8042584893210344,0.8157376672243366,1
1024,10,1,4,0,1,12,4,8,3,1,47,12088.891088362017,0.14301655976076408,0.16081942148993272,31.543906392281226,0.7632738084371865,1.4993435036140905,1
628,5,1,1,2,0,15,1,3,2,1,148,12644.971626395169,0.13154318276241903,0.07904092372721457,19.37356598069776,0.8052371520796648,1.0394792020043302,1
500,4,1,2,3,2,0,0,10,4,1,62,8388.214191165052,0.1075278160862263,0.0727492007923734,11.612017433119323,0.8188753424046301,0.8897193209192455,1
278,4,2,1,3,0,10,5,9,4,2,118,11272.003175444774,0.13304963840426123,0.14017004586065407,6.571135451550557,0.6970511420807881,0.6225237128638151,1
538,5,1,1,2,2,1,0,9,4,1,108,5872.415267037933,0.1254464485240562,0.1652721554227766,18.29895287480869,0.7691766282239253,0.7222238388023596,1
397,5,0,2,3,2,2,0,11,4,1,82,4251.442942782027,0.19115082067577394,0.11751389423167913,13.376016864084287,0.841100878291646,0.5897966431533492,1
1078,8,0,1,3,0,5,2,12,1,1,123,5197.910108153728,0.17401606923098054,0.18063181405718096,31.99279127383963,0.8204084525203273,1.139628671947219,1
665,7,2,2,0,0,18,6,2,1,2,108,5270.325288575902,0.10299025935603262,0.1867378101052746,18.809252210194902,0.6896223687424117,1.4190336654203903,1
306,3,2,1,3,1,9,4,4,2,3,89,15817.247287001812,0.13133864660890687,0.15215516850573116,8.75464594546015,0.6924277831984128,0.9804654800669829,1
241,4,1,0,2,2,1,0,1,1,2,112,6832.163696513366,0.13056846378804238,0.1440074249985902,8.625687804172287,0.7764408500460154,0.8798319996780064,1
962,8,0,3,2,1,17,6,1,1,1,71,5609.495343119905,0.12171490933138734,0.18693491978395535,26.856091147250655,0.8411075768980958,0.6345529408670744,1
1036,9,0,4,0,1,13,6,2,1,1,122,13544.642962225613,0.04929048761058754,0.042705389401042744,30.016853069239946,0.9386018553447664,1.0805325376070831,1
881,9,0,2,3,2,3,4,9,4,1,117,8399.921453558924,0.15401511938720996,0.13191426851695218,27.23469136433373,0.851331775443127,0.9957905049525893,1
293,3,0,1,1,1,13,0,8,3,1,91,6475.1305605934485,0.1570032974847958,0.06317186314659723,9.61821738196412,0.8809211777158731,0.5690931513118751,1
270,3,1,3,1,2,5,0,1,1,2,112,6644.480175503728,0.11746957062154667,0.07988021728715622,7.677604919251521,0.8111925954410837,0.949205128033553,1
362,3,0,2,1,2,15,6,6,3,3,131,5668.459531219815,0.18425167462072672,0.2108198629292029,11.905037245895105,0.8022178081025316,0.398813893309358,1
871,9,0,2,3,0,22,5,2,1,2,110,4958.864466471241,0.1974275468170112,0.04066784296331932,27.66078555977519,0.8728570745988512,0.8712666459136368,1
884,7,0,2,1,1,7,5,3,2,2,71,12161.633224521735,0.17006604787318993,0.09526252313998532,23.911853940547687,0.8606021430440711,1.2346345861866117,1
950,8,2,3,0,0,17,3,1,1,2,70,9279.799986030077,0.1884580900852104,0.06778498224937399,30.16555914453677,0.704690617449437,1.4715531107787554,1
269,4,1,0,0,0,0,4,7,3,2,145,5781.275970688175,0.11800042858492979,0.14267504605190745,10.078646284298532,0.7826960364134232,0.6036152771621435,1
320,3,0,0,3,0,9,1,1,1,3,128,13509.34446475692,0.1862786060044059,0.19196678592672667,9.868935085884047,0.8097895736309904,0.16793578177670937,0
1008,9,2,0,0,0,21,0,10,4,3,74,4229.50107547103,0.1896042884836629,0.11035998238868341,29.961556172978884,0.6850160781074441,1.4938679689959506,1
1034,8,1,0,3,0,1,1,12,1,3,118,9167.654394818659,0.13977073643241303,0.1906933730111297,31.35773815952734,0.7512911507504058,0.7907132359497351,1
847,8,0,4,0,2,22,4,11,4,1,44,5527.66629081996,0.06411538005840167,0.1192425615485457,26.129936273347873,0.8974889262768737,0.940414636365409,1
277,4,2,3,3,1,2,2,10,4,2,116,4333.2547219362605,0.0643692279568934,0.20362791111528072,8.563610462080575,0.6994012874175216,0.8939016631946703,1
243,2,2,3,2,1,11,4,10,4,3,62,10607.947562926889,0.11556893456989545,0.1924500933474345,9.122262034507385,0.6813914374372014,1.0636241219566491,1
231,2,1,3,0,2,4,3,11,4,3,74,5865.196197182608,0.1576928812169735,0.07218751064566928,4.353305391980028,0.7965538236618108,0.5832554123583679,1
816,7,0,0,3,2,0,3,11,4,3,142,4822.209075030887,0.12022307337277177,0.19931152504368316,23.4758129918241,0.8362094307125952,0.7805156998231824,1
958,7,0,1,1,1,8,6,3,2,2,55,9745.264490995358,0.16797597158306898,0.07466153521573367,28.547860495425475,0.8708131219405388,0.653359757811284,1
761,8,1,3,3,1,13,4,8,3,2,126,14123.63340538598,0.16316614899474177,0.12827105449366266,23.163790989732554,0.768853258430218,1.0886626740714023,1
421,4,2,2,2,1,17,6,4,2,3,84,9827.546197333262,0.0725772995535712,0.0752807035995713,13.518455898796686,0.7534638985810858,1.0237616507454805,1
876,7,2,2,1,1,7,6,11,4,2,88,4955.8512971092605,0.061242315775492995,0.10956324541599158,24.1790635944764,0.7431374974638318,1.1938186891392442,1
234,2,2,3,0,1,11,4,1,1,2,90,7652.281287188956,0.1529335249162648,0.21740877177530668,6.652563996611856,0.6533459664887928,0.9201892131104024,1
941,9,2,0,1,0,4,6,6,3,2,139,9353.110056986052,0.09126087210751065,0.17772523428863984,29.743599993710816,0.6989562521217322,1.3502515819947787,1
1000,10,1,3,0,0,17,1,5,2,1,95,7373.869066118721,0.18902350306435764,0.13973327874968292,28.52334154237295,0.7520594481836818,1.5520740384262215,1
840,8,1,3,3,0,4,3,11,4,3,67,8050.437360909371,0.1789612394238272,0.20838613543552506,25.01670157022697,0.7256936813132915,1.3903792975950902,1
988,9,2,2,0,1,20,0,4,2,3,40,10002.019247969469,0.11219808828498282,0.10474663319417477,28.96301779307844,0.722374875334379,1.0958124169095704,1
719,7,2,2,0,2,4,0,11,4,1,65,15309.639968030617,0.1328809319131367,0.07117705487765986,22.15708871553709,0.7281739059441414,1.4611006637637103,1
610,5,1,0,0,1,15,0,6,3,2,57,13658.198971875556,0.17553663101113134,0.1892114699606136,18.524344739880945,0.7358633545627148,1.2580846919449091,1
476,3,0,1,3,0,7,0,9,4,3,54,6452.517148534978,0.1794190713940692,0.04219156496860908,13.842834436234533,0.8802752136367947,0.6657527938826572,1
1027,9,2,1,3,1,23,2,7,3,1,149,13423.09988542131,0.12911589318638117,0.18482717141239824,30.27849085314449,0.6787256209305492,0.8518067523917874,1
821,7,0,4,2,2,6,5,6,3,1,88,8734.534507467137,0.1955061045191463,0.04393429011526301,24.481184341023127,0.8722518224145158,1.0430348024013982,1
355,3,1,0,0,1,22,6,4,2,3,149,13788.59433739461,0.1233549853181192,0.09118847763117156,10.344524690525589,0.8034554416728191,0.9959604880426666,1
1060,8,1,1,2,0,20,6,4,2,3,96,11405.285582387673,0.046577225786612185,0.10398993979702856,31.055781450599625,0.8322447754873616,0.9700041309343815,1
234,3,2,0,3,0,11,1,8,3,3,64,12147.811762380748,0.1300312266451519,0.09733524283769894,9.10625526265473,0.7176850887327171,1.5078201877813413,1
720,7,0,1,0,1,11,3,4,2,3,55,8345.226569101813,0.16432110400395156,0.0838177670763008,20.30465884691145,0.8683375080138864,0.2310900673470776,0
355,4,1,0,3,2,8,3,11,4,3,123,12558.299281357406,0.19758962448010933,0.059472122937723165,11.352092987312856,0.7843222136619754,0.7821376412872535,1
791,8,1,1,0,0,10,0,2,1,1,52,10788.284260474557,0.05685897243905174,0.04057241284266247,22.885254173422993,0.8561558766232287,1.1088511940351986,1
559,6,0,3,3,2,11,0,3,2,3,45,11422.863177552645,0.11048595147152696,0.17944813274793286,19.456516607031787,0.849529662101243,0.8610724706145267,1
582,5,0,3,2,2,3,2,1,1,2,82,10564.540929746194,0.13386398029355265,0.12224483476052081,17.42268348595391,0.8647510332256669,0.8167102910199565,1
797,7,1,1,3,0,7,5,11,4,2,74,4669.488192421814,0.18103417524747967,0.06914993493600055,22.25223637936674,0.7874171504174339,0.7323500481389142,1
875,7,2,3,1,0,21,2,5,2,2,65,9690.97219444734,0.1545423975232134,0.05479186530712035,25.548019727703032,0.7257995817263497,1.1594982330930537,1
529,5,1,3,3,0,23,2,1,1,2,96,4615.06793994988,0.07699940273917978,0.09011880410866231,14.17035143409154,0.8247968069184711,0.9841415205144158,1
1097,11,2,4,3,1,1,6,1,1,2,103,6022.0157079043665,0.17750226945997877,0.10378734221662728,32.508543301443005,0.6934196747455272,1.1189757160475775,1
638,6,2,4,1,0,17,2,12,1,3,87,9707.107692026442,0.14627892607316706,0.12305531684262166,19.92837641390126,0.698799590687895,1.4679296756287852,1
327,2,2,1,2,2,5,4,11,4,1,97,8874.092771002724,0.18322510665329292,0.05818963208359802,11.03874821626512,0.711363367568399,0.8949736284202369,1
185,2,2,2,1,0,15,6,4,2,2,113,4575.243163660709,0.1734998200334822,0.21638620103816356,6.9652442170037965,0.6445512905177594,1.0460911832274211,1
366,4,2,3,1,1,14,0,8,3,2,57,5646.698078339883,0.06068199719874556,0.0883743359566096,11.105727210003051,0.7529246500800901,1.1973937630370586,1
815,7,2,1,3,2,21,3,4,2,2,80,9583.52596844292,0.1936753019256046,0.11943326099613419,24.931435133350476,0.6791011466852175,2.270884008173871,1
676,7,0,2,0,0,16,2,11,4,3,41,15611.914604791291,0.11268742799893783,0.1676227775064608,21.559681315466765,0.8538604075225706,1.1251371543297684,1
490,6,2,2,0,0,19,0,9,4,2,146,9836.750449753656,0.19720840022917313,0.09583425389815661,17.994409040837095,0.6881308056427016,0.8081176170320965,1
622,6,0,1,1,2,19,0,6,3,3,110,13270.642114991726,0.06992114217400411,0.05484945299838008,18.043650715423077,0.9238532321724271,1.2080183436125935,1
951,8,2,0,3,0,15,4,12,1,1,128,9316.698202640266,0.16693088733016026,0.10777728200328393,30.037585106679128,0.6963813237999501,0.6087647847609029,1
705,7,1,0,0,1,9,4,3,2,3,125,6300.6977745090335,0.0887826561204641,0.13951708905933288,20.042185013604122,0.7972651146690913,0.826499406128161,1
233,2,2,3,1,0,8,3,12,1,1,40,4254.185348508384,0.04716884853520961,0.19151570557365494,8.34750341338061,0.7125919506510109,0.922520629521483,1
225,2,1,4,2,0,8,4,4,2,2,93,8505.916509206327,0.19904646803344786,0.10622669419944888,5.976266666566776,0.7626270769951965,0.6544362105494153,1
623,6,1,3,1,1,8,5,11,4,1,135,15033.894423558584,0.08856565126992241,0.2001137728953235,17.97425933887889,0.7700942591256393,1.096828932684063,1
551,6,1,1,2,1,6,0,11,4,1,103,7897.895284867091,0.05288308076075428,0.1382935638028152,16.558420508527245,0.8139705099463937,0.8129727631488766,1
962,10,1,0,2,1,7,0,7,3,2,105,8422.328564061043,0.1776795498007602,0.16914759541499533,28.38459707119948,0.74392778465291,1.5365568431528447,1
716,6,1,3,3,2,13,2,2,1,1,145,12312.634456723528,0.10912324774089871,0.045429859426997225,21.7533713159794,0.8304511017744468,0.9076249310673474,1
876,8,1,0,3,0,6,3,10,4,1,122,12842.954052048975,0.13223238840627488,0.2012309180981308,27.724481549560554,0.7499415120730175,1.0393498722702046,1
718,7,1,2,1,1,8,6,9,4,2,124,11300.614240031215,0.19757499090378697,0.0784204743929317,19.16086289241552,0.7758020406164766,1.4948360434111967,1
497,5,1,4,1,0,17,6,11,4,1,127,8058.72897623456,0.11691345168293721,0.09865635927145075,14.869424498541786,0.8029935850705254,1.1372824980122442,1
784,6,0,0,1,2,7,5,3,2,2,76,15343.07056850603,0.0507357620695101,0.13425794976228658,21.7277050840589,0.8967528296756915,0.6948889184982816,1
751,6,1,2,1,1,2,2,3,2,2,147,8230.124698181487,0.15058978063719772,0.2127693789866165,23.24925681438377,0.7364883781692836,1.207458219858092,1
842,9,0,4,3,2,0,4,5,2,3,133,7504.117705002214,0.15369591896902762,0.10222151974763466,27.462378007041323,0.8648371525775019,1.5244412014925843,1
354,3,0,1,2,0,18,0,5,2,2,43,14117.915845977595,0.07107331780356657,0.07969031336437149,10.30621868632916,0.9121563659744278,0.045224501486611335,0
770,6,1,4,2,1,22,3,1,1,2,100,15222.665822744751,0.12726590697267276,0.21293089481898558,21.819192920884174,0.7469114391937538,0.8922486827931226,1
442,5,0,4,1,0,16,0,2,1,3,67,15478.759196538696,0.09907534983730057,0.18552358074742922,11.693334149492575,0.8519304812368715,0.5480170819213742,1
907,9,1,2,2,0,1,6,6,3,1,97,10398.618807967607,0.047987453398106686,0.1594156394610175,29.806969110256052,0.8066686082133941,1.1710125449247188,1
914,8,2,1,2,2,13,3,12,1,2,128,14433.896691166936,0.08985638817475791,0.11373454340237615,28.83534791784411,0.7283840807902896,1.589705181264188,1
754,6,2,3,2,2,6,5,2,1,1,116,6204.522155014643,0.18552521710522263,0.11568189638586604,19.867895399079853,0.68445679892901,1.1622342761734976,1
1050,10,0,3,3,0,7,0,3,2,2,127,14667.98913319903,0.08803957525360918,0.2111206796324158,32.41814793278161,0.8453778853012888,0.8513585777544166,1
674,5,1,2,3,1,22,6,11,4,2,87,13098.301714219067,0.0756901016787043,0.052412529932158655,18.402279940169382,0.8423538157751117,0.5553134655684688,1
203,2,1,0,0,2,19,3,1,1,2,48,8790.246751979274,0.19054605574707978,0.17635003699634177,5.531873302274818,0.7348967582654603,0.44684475272626156,1
737,8,2,3,0,0,17,0,2,1,1,136,6942.21341919056,0.10117229134222888,0.14820708593555293,21.09656591900397,0.7077792802249981,1.1306900555467432,1
895,8,1,1,3,2,12,2,11,4,2,48,13115.797512679286,0.19048944889772743,0.21431834325946553,24.35167635393989,0.7178364935292632,0.6988390948842904,1
273,2,2,0,1,0,13,1,4,2,1,58,9167.019936507473,0.18083749864058646,0.14051295652478848,7.9295072185009134,0.6753922951755812,0.68657007086157,1
276,2,2,0,1,1,21,0,4,2,1,119,15743.38550843725,0.11527432001994747,0.09049720531087728,10.337652866957303,0.7274028136011288,0.5365390897408162,1
431,4,0,2,3,2,15,0,1,1,1,86,14255.203305219278,0.10159386591326805,0.18038537990204198,11.830862589650799,0.8531093393831104,0.6141228230218372,1
956,9,1,0,2,2,13,4,5,2,2,92,13485.172030437805,0.06203487247677963,0.21741314415973753,29.827476126639365,0.7742483925135673,1.6067301403731873,1
665,7,1,1,0,0,2,6,12,1,2,47,8005.506012447049,0.07049863554439213,0.20334165796012682,21.55795209664715,0.7767718679229665,0.5482142711896081,1
1078,8,1,1,0,0,23,4,12,1,3,58,12539.820763675227,0.07719090911061725,0.09305305919223025,32.434520940890124,0.8233902142637186,1.3556305495424434,1
983,8,1,2,3,0,19,4,8,3,2,117,13071.098274529197,0.11525662301719344,0.10234305244288022,31.464169876839094,0.8020801460429668,1.5443008923737231,1
690,7,0,3,3,1,8,0,9,4,2,102,8913.377635464876,0.09953814998660623,0.17586763462018376,22.104143262593322,0.8560673969269444,1.1000974332423314,1
804,6,1,2,1,0,6,1,8,3,3,69,5135.007793809694,0.1680614919860185,0.14767428799471946,25.72348064118902,0.7579188990086679,1.1304966612741665,1
484,4,2,2,3,2,23,0,9,4,2,84,12823.405049331926,0.08746815362161234,0.042090297122627664,12.960362333210462,0.761698697165092,1.3562301448085567,1
263,3,0,0,0,0,22,6,7,3,3,86,7533.590990475521,0.10792315210139755,0.06553509662649094,9.015482205014923,0.9019437880724501,0.48184509178880136,1
546,5,1,0,3,1,10,5,3,2,2,141,5593.143833362832,0.05963318776600643,0.055388569640844425,18.181500225186063,0.8482402091669171,1.014868517471996,1
724,6,2,4,0,2,5,6,11,4,1,137,4512.194574817122,0.08339519587806196,0.07217116897206266,20.526228592219724,0.7499951358174439,1.322099319549744,1
347,2,1,3,2,1,19,6,11,4,2,92,7927.095537705526,0.16528322220291472,0.09488375615935557,5.748184805822489,0.7829248597369783,0.4987486657687795,1
383,3,2,0,3,1,15,1,2,1,3,60,10119.318207459182,0.15313606655072143,0.21409591850960416,9.758144073909602,0.6547456067228534,1.2653682210360375,1
193,2,1,2,2,0,21,3,2,1,1,102,4460.7552941075755,0.10435525864370121,0.1617644800932735,5.009224337632499,0.7802461175683614,1.269805913019943,1
855,7,0,0,3,2,13,4,10,4,2,40,10760.817366021955,0.13239571249030674,0.049857031866797866,25.973418136686774,0.8979862650393029,0.7128843184641466,1
1007,8,2,0,1,2,13,5,1,1,2,111,14744.642089910107,0.11333338286608802,0.14932572354303428,29.020278196628908,0.701803402115895,1.390967921801981,1
941,8,0,1,1,2,3,4,10,4,3,103,11175.085118582909,0.18323528779630832,0.118599573501624,27.966902209359375,0.8441743124159304,1.0068280806253604,1
529,4,0,3,1,0,14,3,12,1,3,138,10295.045939512527,0.10315052022779098,0.17572713568557347,14.795852858458591,0.854505054838986,0.2905244898195456,1
725,6,0,3,0,1,8,0,1,1,2,88,6787.18464405103,0.15553831689654893,0.19910704998142112,21.324696856483612,0.8204095849049134,0.6802650331932436,1
1063,9,2,3,1,2,4,6,10,4,1,101,9270.987110442542,0.07496466294003581,0.05173838069760414,31.49421464969928,0.7629836303630619,1.555334122955065,1
724,6,2,0,0,2,18,4,2,1,1,46,11206.793807771843,0.10945553885467713,0.21638785325070534,20.693778844189872,0.6733704735525778,1.2111257331558123,1
452,4,0,0,3,1,8,5,4,2,2,130,14381.207257697411,0.12469302751267602,0.0504229460232602,14.480241858295951,0.9011978119088286,0.48470334115677094,1
491,5,1,2,0,2,5,1,7,3,1,72,14582.06527943382,0.05674348644807825,0.17182720281814512,16.57743077724344,0.7971431898301995,0.9069530946992915,1
848,8,1,4,0,0,23,0,9,4,3,123,9423.14280015582,0.1339869561230241,0.20256375694409337,24.13714445376716,0.7485521791197971,1.1883317653640837,1
590,5,0,3,2,2,23,6,2,1,3,66,6203.971012980607,0.1319463982926319,0.17530945143092672,17.787094989598906,0.8417348676243985,0.6211050168890712,1
950,9,2,3,2,1,11,5,2,1,1,78,12488.476707287506,0.0654004627220633,0.0671420923004678,26.884564537166874,0.760355850239861,1.5000750090100912,1
974,8,2,0,0,2,7,5,4,2,3,68,15406.838017565482,0.1997839219063671,0.07743869092415312,26.728309013742226,0.6952498242262659,1.4611901434506,1
212,2,1,4,2,1,3,3,9,4,1,138,15494.83745063333,0.05479892612941253,0.0474122324836588,7.622797687705356,0.854004978624118,0.4276263868972844,1
845,7,1,4,0,1,15,6,5,2,2,126,15947.832053843576,0.18324855816228325,0.06359294573911825,27.445728903026193,0.7889213232443694,1.2758798019493673,1
520,6,2,2,3,2,14,1,4,2,2,117,7026.808796378242,0.11864250346574282,0.050982967563706516,15.690172483143204,0.7436685380367477,0.9722792457036544,1
658,7,1,1,0,2,14,5,2,1,2,73,14043.083817197643,0.0756327937868004,0.04965497691103041,22.315746242428858,0.8436205031859761,1.0975358235348676,1
423,5,1,3,2,2,18,3,12,1,2,120,4620.44899292744,0.05804779709876847,0.14118013582961284,12.35373861983014,0.8103474301822284,0.8810169989200165,1
518,5,1,3,2,0,11,1,9,4,2,93,4180.454517098793,0.1519072180816842,0.05380603209897919,15.3501981157283,0.8074290374187015,0.957432346423473,1
483,5,1,4,1,1,16,5,12,1,1,118,12085.201668303998,0.16071206644034342,0.1165110954214508,16.711808950704885,0.7752495771621927,1.0098844263294342,1
226,2,1,0,2,2,15,2,6,3,3,69,5438.5802132507415,0.14775050921979888,0.16773933593304963,5.65217163575025,0.7580295696812182,0.647940593171318,1
900,7,0,2,1,2,19,1,10,4,3,99,8660.318230944471,0.10717933955151893,0.042724256284983456,27.58422546136303,0.9125433818735739,0.9607994963536112,1
311,3,1,3,2,1,17,4,8,3,2,144,4149.429482549285,0.06761179184541222,0.15499796783466183,8.966277494807265,0.7998256081439667,0.9654588211230015,1
525,5,1,1,0,2,0,5,7,3,3,48,5041.49622395462,0.16632606446817544,0.17629309594426323,14.950942946436284,0.7458213778144026,0.9743324882363416,1
357,2,0,4,2,1,14,2,6,3,1,125,6503.875738386209,0.17939687537014692,0.13660061696773163,9.584171459427424,0.8378011284479546,0.6479372213345933,1
327,4,1,0,3,0,23,6,7,3,3,116,10653.604776697419,0.10269934494502075,0.12560651419661936,7.603303859384382,0.797262363386262,0.5471511450473823,1
523,6,1,0,3,2,13,4,5,2,1,86,7983.2892914548065,0.1745948093480381,0.1715513555041675,17.67646551096212,0.7442342258165076,0.48074368340781326,1
1025,8,1,3,1,1,12,0,8,3,3,140,10766.281704639547,0.14169603762689506,0.13535187193903622,30.445244447694982,0.7753284406953309,1.2705748358229652,1
1048,10,2,0,1,1,14,2,6,3,2,119,11787.6779417492,0.12431653082684896,0.13167094684695466,31.401348148254396,0.7048056350467884,1.103374011396259,1
531,4,1,2,1,0,13,6,12,1,1,98,4040.386239749102,0.13769684733604423,0.18432694780932665,14.742152375292045,0.7550892921845831,0.7230908794591396,1
644,7,1,1,3,0,9,1,11,4,2,74,14172.388774567627,0.057240147277165275,0.19075985676335983,20.12149968687317,0.7883999981817638,0.7050229740589701,1
1086,11,0,3,3,1,23,6,6,3,2,115,4692.946783149637,0.060063843021169655,0.10631528384797154,34.03908845505464,0.9051293929088864,0.9140710434220002,1
396,3,2,0,2,2,1,3,5,2,3,49,14476.655308172421,0.15627261862969785,0.11478623676196087,11.291598748018933,0.6980235150737535,0.7988396862628029,1
1049,9,0,1,3,0,19,4,10,4,1,68,15712.71992592972,0.19519153432060762,0.18413684127612426,32.36157088894153,0.8093022309814706,1.1457984648622372,1
277,2,1,4,0,2,3,4,8,3,3,87,14842.243275145365,0.12124866262401407,0.13807625598811846,8.419593202097616,0.7833037866245404,0.8946907233905597,1
387,5,0,1,3,2,4,3,3,2,1,64,10506.09085951398,0.048640112754546404,0.16362641624185245,12.072154445489325,0.8844800619516204,0.6110080046927617,1
491,4,2,2,3,1,14,3,11,4,1,102,13235.98599473909,0.05089173691399612,0.053531506596497844,15.615887918448422,0.7730095404202777,1.27819851712031,1
214,2,1,4,2,2,15,3,9,4,1,135,6072.185649913579,0.11477835173867029,0.05716637312054251,5.8220807154011744,0.8226248738133543,1.4950619277631079,1
930,7,0,3,2,2,22,4,8,3,3,78,15245.109646273198,0.14522632576021136,0.13572425986884443,25.77184558633351,0.8535722364669249,1.1381594633205954,1
966,8,0,3,3,2,7,5,10,4,2,84,4279.948726008048,0.06478026503014903,0.18746095796065707,28.557345440655784,0.8664914496541373,1.267451262731337,1
532,4,2,4,2,2,0,3,3,2,3,84,10617.750039570403,0.04528558295809921,0.0969775767233975,15.642334498086939,0.7559815781433264,1.207260070146604,1
949,8,1,3,3,2,6,3,10,4,3,119,9534.267498809491,0.15671508529410927,0.2129138074132648,27.906897507324885,0.7336669982816817,1.4851253906905642,1
890,8,0,4,0,2,13,5,2,1,2,118,13562.74674303457,0.06338104241917714,0.1768585587454363,28.04892639629478,0.8718921794759239,0.6326026992022148,1
917,8,2,2,2,0,8,5,10,4,1,65,12940.39784980567,0.1101087974414241,0.18070809877962052,27.932169865169794,0.6891323967005298,0.685157300465878,1
918,7,0,4,1,1,6,4,8,3,1,138,7962.147615115934,0.15746178497410868,0.19012610939386176,26.819818278427483,0.8235854475344133,0.5173205701338033,1
707,5,1,3,3,2,21,3,7,3,2,111,5962.342534736013,0.06004719720545561,0.08580787584729077,20.59865187851671,0.8343652171262641,0.8327294903293303,1
281,4,0,1,3,1,13,4,9,4,2,138,13531.28151924423,0.11084050637754517,0.09945860794400703,9.091492264958749,0.8853653985553015,0.8056235042493614,1
1029,8,0,2,3,0,16,3,4,2,2,136,15729.73032812384,0.05783282041689981,0.06131772300359084,30.910210595946776,0.9263822554607792,0.9330573256740439,1
739,6,0,1,0,2,17,3,10,4,3,103,5174.438615852909,0.09560129400197305,0.10846404798251325,21.910409662958518,0.8881705961069811,0.6706834009666683,1
1009,9,0,1,1,1,9,1,1,1,1,117,12794.644994277622,0.18598932727233164,0.0464497894202155,29.967276628009365,0.8754023974883538,1.1004601161161154,1
1062,8,2,1,0,2,17,3,9,4,2,109,10188.244591695431,0.1497813152191614,0.17526774849915205,29.54632371209608,0.6737279213267588,1.5760362433388868,1
352,3,1,2,3,0,23,3,10,4,1,107,7743.8342144756225,0.043694902801253106,0.18446028153958982,9.611402893328227,0.7973301670466207,0.35810462782111163,1
549,6,2,1,1,0,17,0,1,1,2,98,4173.366754377731,0.06151628946180683,0.07845204565689137,17.179770355834442,0.7570142491965858,1.1207494474057973,1
357,2,0,3,2,1,7,6,9,4,3,65,12688.805348778014,0.08701129093884899,0.1281818260583434,10.420342012642811,0.8831630973512634,0.7294710399314753,1
226,3,2,1,1,0,18,4,10,4,1,80,5584.363479038191,0.18328787174757033,0.16095870019657818,5.364970873938841,0.6650890426251331,1.4144784235774073,1
1069,9,0,2,3,1,5,0,7,3,2,117,14209.788763496352,0.15953381427516583,0.17365729570817492,31.057278308926822,0.8300640005074966,1.065938613950115,1
1029,9,0,0,3,1,1,1,8,3,1,121,7175.0885248036,0.13879887294216,0.21449889800758476,29.563243705126098,0.8210160030726148,1.4231482086250447,1
1037,9,0,1,3,0,10,3,1,1,2,91,11108.12932841009,0.06441516774501434,0.07611759320713439,32.52703421477557,0.916760257571533,0.7744853881249711,1
992,9,2,1,2,2,12,6,12,1,2,52,7410.895862415205,0.18861994994547454,0.08441030357099452,30.00662297382807,0.6971363859175889,2.036342932871857,1
776,6,2,4,0,0,11,3,12,1,2,54,12427.116612389555,0.1693006634940987,0.19369824317730527,23.33747008605883,0.6566504919978682,1.2117788530530311,1
660,5,2,2,3,2,6,5,10,4,2,138,5405.805487645548,0.07830811025294401,0.057498378956809634,19.288356358688898,0.7588870798556108,1.3021482477136739,1
1092,11,2,0,0,0,6,0,1,1,1,53,8116.222106876141,0.10469214236251481,0.1814588072825303,32.38524982300584,0.6912320726597296,1.519712904752615,1
688,5,0,1,1,1,22,3,6,3,3,71,10107.511159302541,0.10854140777077187,0.06400132991138832,19.57073527497546,0.9023557680430279,1.0286982685720656,1
771,8,2,3,1,2,6,5,10,4,3,46,11025.484788749283,0.13400101976943568,0.12360472817447682,24.08074198406853,0.7040774134252393,1.7337214032178705,1
374,4,1,0,1,0,18,5,9,4,2,64,10954.934026734569,0.09996966262800885,0.14660376748533224,11.129988546262227,0.7890419564489966,0.40733181988077927,1
866,9,1,0,3,2,6,1,11,4,3,132,4952.750942337505,0.07360424342917804,0.17821796381599442,26.993176919914326,0.7866800067396724,1.0406695640710544,1
933,8,1,1,0,0,2,4,8,3,1,70,4405.315776821719,0.14671832313447997,0.060615340930299855,27.924199394745735,0.8066998511708491,1.5900736784347518,1
804,7,1,1,2,2,1,0,9,4,1,131,6846.299042411055,0.14840880647512436,0.18833045657291186,24.312549495136995,0.7484673316283836,1.152270777417011,1
638,6,0,2,0,2,5,0,5,2,1,129,4452.475944321388,0.11078168585273365,0.1931003578849297,19.605342313194075,0.8432530803180515,1.0258124283674235,1
